datetime,open,close,high,low,volume,turnover,amplitude,pricelimit,change,turnoverratio
2010-01-04,14.61,14.3,14.7,14.23,27041,38859002.73,3.24,-1.31,-0.19,3.19
2010-01-05,14.29,14.77,14.78,14.19,46762,67813957.39,4.13,3.29,0.47,5.52
2010-01-06,14.73,14.51,14.99,14.5,45655,67376264.42,3.32,-1.76,-0.26,5.39
2010-01-07,14.51,13.9,14.53,13.87,37117,52745463.6,4.55,-4.2,-0.61,4.38
2010-01-08,13.85,14.08,14.19,13.56,37818,52451978.98,4.53,1.29,0.18,4.46
2010-01-11,14.09,14.35,14.5,13.88,37432,53431332.02,4.4,1.92,0.27,4.42
2010-01-12,14.4,14.85,14.95,14.38,48374,71381213.24,3.97,3.48,0.5,5.71
2010-01-13,14.51,14.81,15.19,14.47,61636,91483572.86,4.85,-0.27,-0.04,7.28
2010-01-14,14.75,15.32,15.47,14.72,65287,99321180.12,5.06,3.44,0.51,7.71
2010-01-15,15.32,15.6,15.66,15.05,70947,108993329.36,3.98,1.83,0.28,8.38
2010-01-18,15.77,16.02,16.32,15.65,107650,172023439.94,4.29,2.69,0.42,12.71
2010-01-20,15.94,15.67,15.96,15.15,84835,132389066.57,5.06,-2.18,-0.35,10.02
2010-01-21,15.67,15.32,15.86,14.91,62790,96748745.11,6.06,-2.23,-0.35,7.41
2010-01-22,14.88,15.38,15.38,14.68,45232,68017311.56,4.57,0.39,0.06,5.34
2010-01-25,15.25,15.36,15.59,15.01,21600,33189582.25,3.77,-0.13,-0.02,2.55
2010-01-26,15.12,14.15,15.48,14.0,35881,52202582.67,9.64,-7.88,-1.21,4.24
2010-01-27,14.1,14.38,14.5,14.02,24931,35688061.79,3.39,1.63,0.23,2.94
2010-01-28,14.21,14.45,14.48,14.15,20689,29579077.32,2.29,0.49,0.07,2.44
2010-01-29,14.34,14.58,14.75,14.24,25179,36721095.41,3.53,0.9,0.13,2.97
2010-02-01,14.66,13.59,14.66,13.58,39206,54793733.01,7.41,-6.79,-0.99,4.63
2010-02-02,13.68,13.62,13.97,13.48,21756,29804773.25,3.61,0.22,0.03,2.57
2010-02-03,13.6,13.9,13.95,13.18,17604,23995585.85,5.65,2.06,0.28,2.08
2010-02-04,13.9,13.99,14.1,13.7,17852,24842172.18,2.88,0.65,0.09,2.11
2010-02-05,13.8,13.58,13.89,13.42,16718,22760674.26,3.36,-2.93,-0.41,1.97
2010-02-08,13.5,13.48,13.72,13.45,9738,13218593.0,1.99,-0.74,-0.1,1.15
2010-02-09,13.45,13.47,13.6,13.37,6174,8331495.01,1.71,-0.07,-0.01,0.73
2010-02-10,13.65,13.54,13.65,13.31,13538,18171235.15,2.52,0.52,0.07,1.6
2010-02-11,13.44,13.59,13.69,13.44,8702,11830116.59,1.85,0.37,0.05,1.03
2010-02-12,13.59,13.85,13.9,13.51,9009,12400216.76,2.87,1.91,0.26,1.06
2010-02-22,13.85,14.14,14.24,13.8,18287,25732966.01,3.18,2.09,0.29,2.16
2010-02-23,14.14,14.1,14.23,13.86,12948,18126967.79,2.62,-0.28,-0.04,1.53
2010-02-24,14.11,14.52,14.55,14.09,16125,23155173.27,3.26,2.98,0.42,1.9
2010-02-25,14.5,14.53,14.59,14.36,19671,28516114.26,1.58,0.07,0.01,2.32
2010-02-26,14.6,14.67,14.75,14.51,26718,39081441.58,1.65,0.96,0.14,3.15
2010-03-01,14.65,14.73,14.81,14.6,21741,31961809.07,1.43,0.41,0.06,2.57
2010-03-02,14.79,14.65,14.85,14.57,27565,40444864.87,1.9,-0.54,-0.08,3.25
2010-03-03,14.65,15.08,15.15,14.46,32769,48611493.48,4.71,2.94,0.43,3.87
2010-03-04,15.04,14.93,15.56,14.81,46535,70529177.08,4.97,-0.99,-0.15,5.49
2010-03-05,14.9,15.17,15.28,14.85,25550,38517738.42,2.88,1.61,0.24,3.02
2010-03-08,15.26,15.15,15.38,15.04,19495,29589205.91,2.24,-0.13,-0.02,2.3
2010-03-09,15.15,15.2,15.27,14.95,23386,35373653.68,2.11,0.33,0.05,2.76
2010-03-10,15.2,15.55,15.77,15.01,35325,54171837.47,5.0,2.3,0.35,4.17
2010-03-11,15.54,15.75,15.79,15.27,51200,79462099.55,3.34,1.29,0.2,6.04
2010-03-12,15.67,15.62,15.96,15.53,46172,72747591.53,2.73,-0.83,-0.13,5.45
2010-03-15,15.6,15.97,15.99,15.33,55452,87616339.24,4.23,2.24,0.35,6.55
2010-03-16,15.99,15.93,16.2,15.78,41301,65926491.18,2.63,-0.25,-0.04,4.88
2010-03-17,15.93,16.3,16.35,15.87,46344,74961899.76,3.01,2.32,0.37,5.47
2010-03-18,16.31,16.37,16.45,16.15,36069,58695453.39,1.84,0.43,0.07,4.26
2010-03-19,16.39,16.27,16.49,16.13,32940,53624658.19,2.2,-0.61,-0.1,3.89
2010-03-22,16.26,15.92,16.35,15.6,55847,88795726.63,4.61,-2.15,-0.35,6.59
2010-03-23,15.8,16.16,16.35,15.73,46333,74947777.06,3.89,1.51,0.24,5.47
2010-03-24,16.17,16.1,16.32,16.01,29535,47681799.18,1.92,-0.37,-0.06,3.49
2010-03-25,16.11,15.61,16.16,15.55,29559,46490798.08,3.79,-3.04,-0.49,3.49
2010-03-26,15.61,15.65,15.92,15.5,22755,35775091.48,2.69,0.26,0.04,2.69
2010-03-29,15.76,15.72,15.9,15.64,30419,47912383.81,1.66,0.45,0.07,3.59
2010-03-30,15.8,15.97,16.06,15.63,35713,56576134.48,2.74,1.59,0.25,4.22
2010-03-31,15.97,16.46,16.55,15.86,52036,84690047.11,4.32,3.07,0.49,6.14
2010-04-01,16.58,17.1,17.45,16.58,73845,125869056.15,5.29,3.89,0.64,8.72
2010-04-02,16.74,16.21,16.74,16.1,89089,145526474.19,3.74,-5.2,-0.89,10.52
2010-04-06,16.21,16.37,16.38,16.02,34217,55367110.84,2.22,0.99,0.16,4.04
2010-04-07,16.45,16.66,16.7,16.14,44207,72611547.33,3.42,1.77,0.29,5.22
2010-04-08,16.64,16.79,17.04,16.46,44601,75096406.25,3.48,0.78,0.13,5.27
2010-04-09,16.8,16.89,17.04,16.7,28348,47832108.71,2.03,0.6,0.1,3.35
2010-04-12,17.0,16.81,17.0,16.48,33828,56699846.14,3.08,-0.47,-0.08,3.99
2010-04-13,16.83,16.15,16.94,15.9,36045,58787924.22,6.19,-3.93,-0.66,4.26
2010-04-14,16.15,16.29,16.4,15.96,33313,53883950.37,2.72,0.87,0.14,3.93
2010-04-15,16.18,15.87,16.25,15.8,18315,29390651.63,2.76,-2.58,-0.42,2.16
2010-04-16,15.95,15.83,16.01,15.56,9930,15701249.31,2.84,-0.25,-0.04,1.17
2010-04-19,15.75,15.29,15.99,15.28,16641,26156734.15,4.49,-3.41,-0.54,1.96
2010-04-20,15.29,15.61,15.64,15.16,13992,21652370.9,3.14,2.09,0.32,1.65
2010-04-21,15.58,16.18,16.25,15.5,16338,26123430.91,4.8,3.65,0.57,1.93
2010-04-22,16.18,16.27,16.39,15.98,17186,27896567.76,2.53,0.56,0.09,2.03
2010-04-26,16.0,15.7,16.29,15.57,19116,30189879.71,4.43,-3.5,-0.57,2.26
2010-04-27,15.6,15.08,15.74,14.9,11761,17856692.2,5.35,-3.95,-0.62,1.39
2010-04-28,15.08,15.3,15.38,14.7,11224,16964131.65,4.51,1.46,0.22,1.33
2010-04-29,15.27,15.07,15.39,15.05,7549,11494840.5,2.22,-1.5,-0.23,0.89
2010-04-30,15.09,14.68,15.09,14.0,11211,16153428.96,7.23,-2.59,-0.39,1.32
2010-05-04,14.51,14.23,14.68,14.0,5335,7666918.63,4.63,-3.07,-0.45,0.63
2010-05-05,14.02,14.68,14.69,14.02,11286,16319363.82,4.71,3.16,0.45,1.33
2010-05-06,14.57,14.4,14.85,14.35,9072,13245473.55,3.41,-1.91,-0.28,1.07
2010-05-07,14.34,14.57,14.68,14.0,15196,21827582.73,4.72,1.18,0.17,1.79
2010-05-10,14.7,14.1,14.75,13.99,10139,14476184.33,5.22,-3.23,-0.47,1.2
2010-05-11,14.38,12.9,14.58,12.85,17195,23646796.04,12.27,-8.51,-1.2,2.03
2010-05-12,12.96,12.91,13.29,12.3,12643,16044305.87,7.67,0.08,0.01,1.49
2010-05-13,13.1,13.43,13.5,12.78,11302,14909170.21,5.58,4.03,0.52,1.33
2010-05-14,13.55,13.27,13.55,13.17,11310,15086506.48,2.83,-1.19,-0.16,1.34
2010-05-17,8.7,7.97,8.7,7.97,11662,9707412.42,5.5,-39.94,-5.3,0.92
2010-05-18,7.76,8.14,8.3,7.76,33844,27424346.34,6.78,2.13,0.17,2.66
2010-05-19,8.0,8.3,8.3,8.0,15497,12698562.8,3.69,1.97,0.16,1.22
2010-05-20,8.11,8.04,8.5,7.98,10187,8370420.95,6.27,-3.13,-0.26,0.8
2010-05-21,7.82,8.22,8.26,7.7,23806,19046509.46,6.97,2.24,0.18,1.87
2010-05-24,8.19,8.53,8.59,8.16,45987,38721103.04,5.23,3.77,0.31,3.62
2010-05-25,8.44,8.27,8.47,8.2,21725,18093862.6,3.17,-3.05,-0.26,1.71
2010-05-26,8.23,8.2,8.35,8.04,17281,14100041.38,3.75,-0.85,-0.07,1.36
2010-05-27,8.21,8.36,8.38,8.07,23954,19758197.47,3.78,1.95,0.16,1.89
2010-05-28,8.44,8.53,8.56,8.33,31295,26517417.39,2.75,2.03,0.17,2.46
2010-05-31,8.5,8.2,8.68,8.18,30983,26350202.24,5.86,-3.87,-0.33,2.44
2010-06-01,8.2,7.86,8.29,7.46,25953,20422096.93,10.12,-4.15,-0.34,2.04
2010-06-02,7.88,8.03,8.04,7.62,11723,9220683.7,5.34,2.16,0.17,0.92
2010-06-03,8.0,7.93,8.2,7.93,14135,11424795.06,3.36,-1.25,-0.1,1.11
2010-06-04,7.86,7.99,8.06,7.8,9786,7798186.89,3.28,0.76,0.06,0.77
2010-06-07,7.85,8.17,8.19,7.8,26693,21534443.09,4.88,2.25,0.18,2.1
2010-06-08,8.26,8.37,8.49,8.19,26448,21994536.02,3.67,2.45,0.2,2.08
2010-06-09,8.43,8.4,8.58,8.32,40796,34405411.35,3.11,0.36,0.03,3.21
2010-06-10,8.4,8.51,8.61,8.3,32616,27804428.59,3.69,1.31,0.11,2.57
2010-06-11,8.55,8.74,9.18,8.55,57513,50636560.51,7.4,2.7,0.23,4.53
2010-06-17,8.72,8.46,8.83,8.46,25479,21979766.19,4.23,-3.2,-0.28,2.01
2010-06-18,8.46,8.0,8.48,7.91,27957,22793704.03,6.74,-5.44,-0.46,2.2
2010-06-21,8.0,8.2,8.2,7.91,18757,15141412.14,3.63,2.5,0.2,1.48
2010-06-22,8.16,8.24,8.27,8.12,12396,10167328.1,1.83,0.49,0.04,0.98
2010-06-23,8.24,8.19,8.26,8.01,13096,10686761.0,3.03,-0.61,-0.05,1.03
2010-06-24,8.16,8.24,8.25,8.09,12010,9817348.29,1.95,0.61,0.05,0.95
2010-06-25,8.21,8.3,8.33,8.06,13969,11456753.5,3.28,0.73,0.06,1.1
2010-06-28,8.34,8.82,8.9,8.29,63102,54901255.22,7.35,6.27,0.52,4.97
2010-06-29,8.78,8.48,8.78,8.38,42661,36397299.23,4.54,-3.85,-0.34,3.36
2010-06-30,8.38,8.06,8.38,7.93,26387,21271891.27,5.31,-4.95,-0.42,2.08
2010-07-01,7.97,7.94,8.21,7.84,18147,14620620.7,4.59,-1.49,-0.12,1.43
2010-07-02,7.9,7.78,8.0,7.5,21862,16840549.69,6.3,-2.02,-0.16,1.72
2010-07-05,7.75,7.68,7.84,7.58,7872,6061833.46,3.34,-1.29,-0.1,0.62
2010-07-06,7.68,7.99,8.01,7.66,12806,10072153.77,4.56,4.04,0.31,1.01
2010-07-07,7.99,8.01,8.05,7.87,8402,6699304.41,2.25,0.25,0.02,0.66
2010-07-08,8.02,7.84,8.02,7.77,8940,7053751.9,3.12,-2.12,-0.17,0.7
2010-07-09,7.9,8.0,8.08,7.76,20268,16132628.0,4.08,2.04,0.16,1.6
2010-07-12,8.05,8.48,8.59,7.97,49853,41716232.31,7.75,6.0,0.48,3.92
2010-07-13,8.33,8.36,8.41,8.15,21794,18064901.22,3.07,-1.42,-0.12,1.72
2010-07-14,8.36,8.48,8.53,8.34,28390,23991386.72,2.27,1.44,0.12,2.23
2010-07-15,8.46,8.13,8.52,8.1,17452,14486840.88,4.95,-4.13,-0.35,1.37
2010-07-16,8.1,8.22,8.25,8.02,13476,10967046.98,2.83,1.11,0.09,1.06
2010-07-19,8.2,8.4,8.45,8.06,16646,13846131.89,4.74,2.19,0.18,1.31
2010-07-20,8.4,8.59,8.68,8.4,54558,46529451.73,3.33,2.26,0.19,4.29
2010-07-21,8.6,8.42,8.65,8.42,42966,36598529.13,2.68,-1.98,-0.17,3.38
2010-07-22,8.4,8.71,8.73,8.38,59728,51311562.68,4.16,3.44,0.29,4.7
2010-07-23,8.68,8.58,8.77,8.43,50107,43002915.54,3.9,-1.49,-0.13,3.94
2010-07-26,8.59,8.59,8.66,8.45,44864,38396675.0,2.45,0.12,0.01,3.53
2010-07-27,8.6,8.63,8.69,8.52,34548,29742995.27,1.98,0.47,0.04,2.72
2010-07-28,8.51,8.83,8.92,8.48,68596,59938431.82,5.1,2.32,0.2,5.4
2010-07-29,8.78,9.14,9.33,8.75,105135,95177678.5,6.57,3.51,0.31,8.27
2010-07-30,9.18,9.04,9.26,8.88,65104,59082202.63,4.16,-1.09,-0.1,5.12
2010-08-02,9.05,9.45,9.5,8.95,72812,66712115.48,6.08,4.54,0.41,5.73
2010-08-03,9.46,9.16,9.49,9.16,70255,65365801.55,3.49,-3.07,-0.29,5.53
2010-08-04,9.06,9.21,9.23,8.91,43355,39192666.96,3.49,0.55,0.05,3.41
2010-08-05,9.2,9.31,9.5,9.15,63801,59583143.97,3.8,1.09,0.1,5.02
2010-08-06,9.31,9.45,9.52,9.12,50173,46918765.1,4.3,1.5,0.14,3.95
2010-08-09,9.47,9.53,9.75,9.41,49747,47478672.19,3.6,0.85,0.08,3.92
2010-08-10,9.55,9.0,9.59,9.0,45344,41976383.67,6.19,-5.56,-0.53,3.57
2010-08-11,9.0,9.24,9.26,8.96,24121,21975903.54,3.33,2.67,0.24,1.9
2010-08-12,9.18,9.03,9.24,8.92,22705,20674419.27,3.46,-2.27,-0.21,1.79
2010-08-13,8.95,9.2,9.23,8.95,22057,20041578.43,3.1,1.88,0.17,1.74
2010-08-16,9.16,9.49,9.6,9.13,65521,61266060.11,5.11,3.15,0.29,5.16
2010-08-17,9.52,9.76,9.86,9.42,102966,99619381.52,4.64,2.85,0.27,8.1
2010-08-18,9.71,9.67,9.75,9.52,41607,40042479.39,2.36,-0.92,-0.09,3.27
2010-08-19,9.61,9.7,9.77,9.53,60362,58412198.74,2.48,0.31,0.03,4.75
2010-08-20,9.69,9.49,9.8,9.38,46324,44409262.27,4.33,-2.16,-0.21,3.65
2010-08-23,9.47,9.45,9.65,9.3,41024,38958928.33,3.69,-0.42,-0.04,3.23
2010-08-24,9.48,9.52,9.72,9.33,53467,51045898.75,4.13,0.74,0.07,4.21
2010-08-26,9.31,9.24,9.43,9.14,42935,39573741.18,3.05,-2.94,-0.28,3.38
2010-08-27,9.28,9.25,9.4,9.05,29694,27387587.44,3.79,0.11,0.01,2.34
2010-08-30,9.25,9.35,9.42,9.25,45287,42341949.09,1.84,1.08,0.1,3.56
2010-08-31,9.35,9.46,9.53,9.22,71563,67374679.23,3.32,1.18,0.11,5.63
2010-09-01,9.5,9.35,9.72,9.2,75788,71873192.96,5.5,-1.16,-0.11,5.96
2010-09-02,9.44,9.52,9.6,9.27,55821,52721213.68,3.53,1.82,0.17,4.39
2010-09-03,9.53,9.45,9.67,9.32,63260,59946426.43,3.68,-0.74,-0.07,4.98
2010-09-06,9.46,9.44,9.58,9.29,43562,40997148.96,3.07,-0.11,-0.01,3.43
2010-09-07,9.47,9.56,9.57,9.35,54791,51975648.93,2.33,1.27,0.12,4.31
2010-09-08,9.55,9.7,9.84,9.52,124443,120953587.91,3.35,1.46,0.14,9.79
2010-09-09,9.66,9.45,9.86,9.4,86397,83319791.46,4.74,-2.58,-0.25,6.8
2010-09-10,9.46,9.36,9.52,9.21,53574,50046361.11,3.28,-0.95,-0.09,4.22
2010-09-13,9.43,9.66,9.68,9.32,63833,61142988.64,3.85,3.21,0.3,5.02
2010-09-14,9.78,9.6,9.82,9.49,49910,47944399.24,3.42,-0.62,-0.06,3.93
2010-09-15,9.62,9.58,9.73,9.49,63332,60855704.14,2.5,-0.21,-0.02,4.98
2010-09-16,9.66,9.1,9.66,8.97,64902,59812694.5,7.2,-5.01,-0.48,5.11
2010-09-17,9.11,8.99,9.17,8.96,27013,24494498.05,2.31,-1.21,-0.11,2.13
2010-09-20,8.87,8.7,9.05,8.7,29989,26530093.61,3.89,-3.23,-0.29,2.36
2010-09-21,8.78,8.79,8.84,8.68,11162,9781536.49,1.84,1.03,0.09,0.88
2010-09-27,8.84,8.96,8.98,8.79,14459,12871769.32,2.16,1.93,0.17,1.14
2010-09-28,8.95,8.88,9.13,8.88,20251,18214894.66,2.79,-0.89,-0.08,1.59
2010-09-29,8.88,8.66,8.98,8.64,23803,20892234.57,3.83,-2.48,-0.22,1.87
2010-09-30,8.61,8.7,8.74,8.61,22069,19154082.86,1.5,0.46,0.04,1.74
2010-10-08,8.72,8.95,9.0,8.72,25910,23094637.15,3.22,2.87,0.25,2.04
2010-10-11,8.93,9.04,9.11,8.92,33095,29772824.32,2.12,1.01,0.09,2.6
2010-10-12,9.04,8.95,9.05,8.93,29581,26537725.42,1.33,-1.0,-0.09,2.33
2010-10-13,8.98,9.15,9.16,8.93,36756,33328295.69,2.57,2.23,0.2,2.89
2010-10-14,9.18,8.72,9.19,8.7,41864,37215301.16,5.36,-4.7,-0.43,3.29
2010-10-15,8.73,8.53,8.87,8.4,42984,37085658.08,5.39,-2.18,-0.19,3.38
2010-10-18,8.5,8.37,8.55,8.0,33036,27308183.47,6.45,-1.88,-0.16,2.6
2010-10-19,8.38,8.68,8.68,8.3,22334,19142588.56,4.54,3.7,0.31,1.76
2010-10-20,8.55,8.51,8.67,8.44,27731,23709873.05,2.65,-1.96,-0.17,2.18
2010-10-21,8.51,8.61,8.73,8.51,34406,29644274.88,2.59,1.18,0.1,2.71
2010-10-22,8.65,8.66,8.72,8.56,37925,32746688.23,1.86,0.58,0.05,2.98
2010-10-25,8.68,8.92,8.92,8.63,47438,41883668.2,3.35,3.0,0.26,3.73
2010-10-26,9.06,8.92,9.06,8.84,41458,36896035.97,2.47,0.0,0.0,3.26
2010-10-27,8.92,8.89,9.05,8.85,46009,41242993.3,2.24,-0.34,-0.03,3.62
2010-10-28,8.87,8.95,8.99,8.84,30758,27399813.89,1.69,0.67,0.06,2.42
2010-10-29,9.05,8.96,9.1,8.85,38961,34845844.67,2.79,0.11,0.01,3.07
2010-11-01,9.03,9.22,9.28,8.9,69572,63446254.58,4.24,2.9,0.26,5.48
2010-11-02,9.22,9.6,9.85,9.0,126740,118918182.22,9.22,4.12,0.38,9.98
2010-11-03,9.6,9.36,9.6,9.3,61985,58139964.21,3.13,-2.5,-0.24,4.88
2010-11-04,9.5,9.52,9.72,9.38,82926,78719369.04,3.63,1.71,0.16,6.53
2010-11-05,9.7,9.66,9.79,9.47,84807,81314828.32,3.36,1.47,0.14,6.67
2010-11-08,9.7,9.85,9.97,9.66,82511,81027013.73,3.21,1.97,0.19,6.49
2010-11-09,9.86,10.58,10.79,9.65,169699,174787901.13,11.57,7.41,0.73,13.36
2010-11-10,10.68,10.96,11.38,10.68,178869,198305758.93,6.62,3.59,0.38,14.08
2010-11-11,11.0,10.88,11.27,10.68,144694,159660901.87,5.38,-0.73,-0.08,11.39
2010-11-12,10.89,10.18,11.22,10.0,119563,127228740.15,11.21,-6.43,-0.7,9.41
2010-11-15,10.25,10.63,10.63,10.06,68849,71311801.81,5.6,4.42,0.45,5.42
2010-11-16,10.58,10.92,11.13,10.42,124487,134787563.54,6.68,2.73,0.29,9.8
2010-11-17,10.8,10.25,11.15,9.97,109274,117867059.96,10.81,-6.14,-0.67,8.6
2010-11-18,10.26,10.1,10.49,9.8,63676,63755035.86,6.73,-1.46,-0.15,5.01
2010-11-19,10.1,10.57,10.65,9.9,67504,68862550.57,7.43,4.65,0.47,5.31
2010-11-22,10.36,11.29,11.36,10.35,163049,179658664.94,9.56,6.81,0.72,12.83
2010-11-23,11.36,11.75,11.97,11.3,226633,264222423.35,5.93,4.07,0.46,17.84
2010-11-24,11.76,11.77,11.95,11.5,149137,174917443.61,3.83,0.17,0.02,11.74
2010-11-25,11.96,11.92,12.9,11.9,210064,259197296.41,8.5,1.27,0.15,16.53
2010-11-26,12.0,13.11,13.11,12.0,214348,272312611.81,9.31,9.98,1.19,16.87
2010-11-29,13.39,13.32,13.94,12.68,230749,304965118.23,9.61,1.6,0.21,18.16
2010-11-30,13.0,13.52,13.85,12.46,152757,200307940.27,10.44,1.5,0.2,12.02
2010-12-01,13.53,13.6,14.46,13.3,149678,208613716.19,8.58,0.59,0.08,11.78
2010-12-02,13.8,13.88,13.96,13.34,105841,144882935.22,4.56,2.06,0.28,8.33
2010-12-03,13.7,13.11,14.2,12.98,118187,160109035.92,8.79,-5.55,-0.77,9.3
2010-12-06,12.99,12.41,12.99,12.22,89115,111602016.88,5.87,-5.34,-0.7,7.01
2010-12-07,12.38,12.66,12.78,11.95,62411,77665033.05,6.69,2.01,0.25,4.91
2010-12-08,12.52,12.55,12.87,12.41,46216,58664731.66,3.63,-0.87,-0.11,3.64
2010-12-09,12.5,12.34,12.65,12.09,48250,59478565.27,4.46,-1.67,-0.21,3.8
2010-12-10,12.37,12.92,12.98,12.18,79806,101418899.51,6.48,4.7,0.58,6.28
2010-12-13,12.91,13.58,13.8,12.9,121542,163295033.95,6.97,5.11,0.66,9.57
2010-12-14,13.6,13.77,13.85,13.4,75183,102415609.83,3.31,1.4,0.19,5.92
2010-12-15,13.62,13.67,13.88,13.28,63391,86139027.7,4.36,-0.73,-0.1,4.99
2010-12-16,13.6,14.75,14.96,13.5,142664,206352213.1,10.68,7.9,1.08,11.23
2010-12-17,14.58,14.87,14.95,14.38,61751,90219775.69,3.86,0.81,0.12,4.86
2010-12-20,14.9,15.15,15.8,14.6,140625,214613013.2,8.07,1.88,0.28,11.07
2010-12-21,15.3,15.8,15.95,15.15,103528,161787515.5,5.28,4.29,0.65,8.15
2010-12-22,15.7,16.22,16.36,15.52,77782,124591326.55,5.32,2.66,0.42,6.12
2010-12-23,16.19,15.15,16.65,15.0,99564,155937400.52,10.17,-6.6,-1.07,7.84
2010-12-24,15.15,15.4,15.57,14.79,71723,108832130.86,5.15,1.65,0.25,5.64
2010-12-27,15.42,14.32,15.75,14.1,111317,164048596.39,10.71,-7.01,-1.08,8.76
2010-12-28,14.31,14.05,14.75,14.0,57828,82678559.69,5.24,-1.89,-0.27,4.55
2010-12-29,14.15,15.46,15.46,14.02,88251,131660262.87,10.25,10.04,1.41,6.95
2010-12-30,15.3,15.9,16.39,15.2,113834,180201955.68,7.7,2.85,0.44,8.96
2010-12-31,15.85,16.09,16.17,15.36,84435,133135386.45,5.09,1.19,0.19,6.65
2011-01-04,16.05,16.6,16.9,15.88,79132,130896369.73,6.34,3.17,0.51,6.23
2011-01-05,16.53,16.26,16.53,16.03,60709,98687390.71,3.01,-2.05,-0.34,4.78
2011-01-06,16.3,16.2,16.73,16.1,49159,80675375.39,3.87,-0.37,-0.06,3.87
2011-01-07,16.0,16.0,16.38,15.75,51496,82528765.57,3.89,-1.23,-0.2,4.05
2011-01-10,15.97,15.72,16.21,15.56,39251,62416461.34,4.06,-1.75,-0.28,3.09
2011-01-11,15.99,15.3,15.99,14.96,54099,82983413.29,6.55,-2.67,-0.42,4.26
2011-01-12,15.4,14.95,15.6,14.6,41476,62292440.74,6.54,-2.29,-0.35,3.26
2011-01-13,14.8,15.95,16.18,14.78,57881,90315124.19,9.36,6.69,1.0,4.56
2011-01-14,15.85,15.64,16.17,15.57,36556,57728645.44,3.76,-1.94,-0.31,2.88
2011-01-17,15.15,14.4,15.4,14.13,56949,83374072.78,8.12,-7.93,-1.24,4.48
2011-01-18,14.33,14.7,14.78,14.2,39387,57428087.48,4.03,2.08,0.3,3.1
2011-01-19,14.75,14.8,14.97,14.55,45150,66655624.6,2.86,0.68,0.1,3.55
2011-01-20,14.85,13.94,14.85,13.43,62960,88447644.69,9.59,-5.81,-0.86,4.96
2011-01-21,14.08,14.17,14.65,13.75,49195,70615222.44,6.46,1.65,0.23,3.87
2011-01-24,14.33,14.15,14.47,13.95,22813,32460273.31,3.67,-0.14,-0.02,1.8
2011-01-25,14.2,14.72,14.78,13.75,50765,72930466.49,7.28,4.03,0.57,4.0
2011-01-27,14.78,16.0,16.19,14.67,130067,205702478.56,10.33,8.7,1.28,10.24
2011-01-28,15.8,16.1,16.1,15.47,80008,126941602.12,3.94,0.63,0.1,6.3
2011-01-31,16.09,16.3,16.4,15.81,56279,90942780.64,3.66,1.24,0.2,4.43
2011-02-01,16.1,16.62,16.8,16.1,46385,76523715.29,4.29,1.96,0.32,3.65
2011-02-09,16.6,16.42,16.79,16.2,34058,56074099.46,3.55,-1.2,-0.2,2.68
2011-02-10,16.41,17.1,17.17,15.92,57127,94581130.6,7.61,4.14,0.68,4.5
2011-02-11,17.15,17.5,17.6,16.94,54273,94120077.02,3.86,2.34,0.4,4.27
2011-02-14,17.81,17.58,17.9,17.22,68082,119631321.13,3.89,0.46,0.08,5.36
2011-02-15,17.5,17.66,18.1,17.4,51473,91393190.85,3.98,0.46,0.08,4.05
2011-02-16,17.6,19.26,19.43,17.48,77195,145916669.25,11.04,9.06,1.6,6.08
2011-02-17,19.06,19.92,20.28,18.9,91910,179636585.93,7.17,3.43,0.66,7.23
2011-02-18,19.9,21.1,21.46,19.68,74367,155533077.18,8.94,5.92,1.18,5.85
2011-02-21,21.0,23.21,23.21,21.0,116958,257485160.09,10.47,10.0,2.11,9.21
2011-02-22,23.21,24.13,24.98,22.8,154957,370875201.5,9.39,3.96,0.92,12.2
2011-02-23,23.88,23.97,24.49,22.61,94717,224126814.91,7.79,-0.66,-0.16,7.45
2011-03-02,26.37,25.0,26.37,23.88,140448,355086190.53,10.39,4.3,1.03,11.05
2011-03-03,24.95,22.75,25.45,22.51,118303,278532223.04,11.76,-9.0,-2.25,9.31
2011-03-04,22.51,22.7,23.0,21.92,105507,237085277.87,4.75,-0.22,-0.05,8.3
2011-03-07,22.31,22.17,22.85,22.1,77870,173950565.97,3.3,-2.33,-0.53,6.13
2011-08-04,19.95,19.95,19.95,19.95,1751,3493245.0,0.0,-10.01,-2.22,0.14
2011-08-05,17.96,17.96,17.96,17.96,2584,4640864.0,0.0,-9.97,-1.99,0.2
2011-08-08,16.16,16.16,16.16,16.16,6615,10689840.0,0.0,-10.02,-1.8,0.52
2011-08-09,14.54,15.27,16.0,14.54,525565,778366613.62,9.03,-5.51,-0.89,41.36
2011-08-10,14.53,15.0,15.48,14.35,420403,630030320.75,7.4,-1.77,-0.27,33.09
2011-08-11,14.19,14.68,14.88,14.02,231915,337663820.91,5.73,-2.13,-0.32,18.25
2011-08-15,14.67,15.64,15.79,14.67,314002,483851920.0,7.63,6.54,0.96,24.71
2011-08-16,15.47,15.26,15.6,15.08,219366,335669136.0,3.32,-2.43,-0.38,17.27
2011-08-17,15.15,14.98,15.4,14.82,116969,175945234.0,3.8,-1.83,-0.28,9.21
2011-08-18,14.98,14.63,15.26,14.55,125396,187101105.0,4.74,-2.34,-0.35,9.87
2011-08-19,14.1,13.72,14.35,13.4,151907,210850840.0,6.49,-6.22,-0.91,11.96
2011-08-22,13.75,14.05,14.3,13.72,116351,162558026.0,4.23,2.41,0.33,9.16
2011-08-23,14.17,14.2,14.2,13.74,103546,144965300.0,3.27,1.07,0.15,8.15
2011-08-24,14.49,14.08,14.79,14.06,127282,183913828.0,5.14,-0.85,-0.12,10.02
2011-08-25,13.93,14.4,14.47,13.93,103568,147479956.0,3.84,2.27,0.32,8.15
2011-08-26,14.21,14.26,14.44,14.02,88658,126252785.0,2.92,-0.97,-0.14,6.98
2011-08-29,14.26,13.66,14.26,13.63,108345,150721646.0,4.42,-4.21,-0.6,8.53
2011-08-30,13.77,13.33,13.9,13.31,104646,142895863.0,4.32,-2.42,-0.33,8.24
2011-08-31,13.35,13.25,13.45,12.9,79225,104225845.0,4.13,-0.6,-0.08,6.24
2011-09-01,13.16,13.08,13.38,13.03,54452,71940370.0,2.64,-1.28,-0.17,4.29
2011-09-02,13.08,13.1,13.26,12.88,65887,86254760.0,2.91,0.15,0.02,5.19
2011-09-05,12.92,12.33,13.0,12.3,71596,90009554.0,5.34,-5.88,-0.77,5.63
2011-09-06,12.2,12.07,12.26,11.8,68672,82471904.0,3.73,-2.11,-0.26,5.4
2011-09-07,12.07,12.71,12.71,12.03,118200,146292045.0,5.63,5.3,0.64,9.3
2011-09-08,12.71,12.24,12.75,12.24,85833,107161611.0,4.01,-3.7,-0.47,6.76
2011-09-09,12.24,11.97,12.39,11.96,60377,73223532.0,3.51,-2.21,-0.27,4.75
2011-09-13,11.63,11.59,11.67,11.22,78703,89970280.0,3.76,-3.17,-0.38,6.19
2011-09-14,11.6,11.99,12.0,11.3,73071,85248850.0,6.04,3.45,0.4,5.75
2011-09-15,11.87,11.98,12.17,11.78,64320,76943441.0,3.25,-0.08,-0.01,5.06
2011-09-16,12.0,11.89,12.16,11.87,55300,66541828.0,2.42,-0.75,-0.09,4.35
2011-09-19,11.75,11.22,11.8,11.21,55743,63793941.0,4.96,-5.63,-0.67,4.39
2011-09-20,11.19,12.34,12.34,11.19,144256,172187700.0,10.25,9.98,1.12,11.35
2011-09-21,12.4,12.76,12.89,12.3,205902,260201747.0,4.78,3.4,0.42,16.21
2011-09-22,12.52,12.78,13.15,12.5,170364,218029873.0,5.09,0.16,0.02,13.41
2011-09-23,12.41,13.06,13.12,12.38,148105,190031380.0,5.79,2.19,0.28,11.66
2011-09-26,12.99,12.58,13.2,12.4,122558,156330370.0,6.13,-3.68,-0.48,9.65
2011-09-27,12.57,12.02,12.73,11.59,118994,144454853.0,9.06,-4.45,-0.56,9.37
2011-09-28,12.03,12.18,12.65,11.93,111183,136245662.0,5.99,1.33,0.16,8.75
2011-09-29,11.9,11.23,11.93,11.2,90231,103384750.0,5.99,-7.8,-0.95,7.1
2011-09-30,11.27,10.68,11.38,10.6,73002,79256907.0,6.95,-4.9,-0.55,5.75
2011-10-10,10.72,10.76,10.95,10.53,44277,47579129.0,3.93,0.75,0.08,3.48
2011-10-11,11.05,10.86,11.23,10.6,69052,76106099.0,5.86,0.93,0.1,5.43
2011-10-12,10.7,11.32,11.48,10.41,76695,85040558.0,9.85,4.24,0.46,6.04
2011-10-13,11.25,11.66,11.68,11.2,89770,102884353.0,4.24,3.0,0.34,7.07
2011-10-14,11.62,11.51,11.83,11.4,96009,111368036.0,3.69,-1.29,-0.15,7.56
2011-10-17,11.53,11.33,11.79,11.3,71388,82090978.0,4.26,-1.56,-0.18,5.62
2011-10-18,11.34,11.4,11.97,11.21,124489,144779950.0,6.71,0.62,0.07,9.8
2011-10-19,11.27,12.54,12.54,11.26,278838,342455264.0,11.23,10.0,1.14,21.95
2011-10-20,12.31,11.82,12.4,11.57,181153,216066317.0,6.62,-5.74,-0.72,14.26
2011-10-21,11.71,10.7,11.72,10.67,126337,139746555.0,8.88,-9.48,-1.12,9.94
2011-10-24,10.75,10.95,11.1,10.27,91369,97586302.0,7.76,2.34,0.25,7.19
2011-10-25,10.96,11.35,11.67,10.88,116651,132216330.0,7.21,3.65,0.4,9.18
2011-10-26,11.27,11.62,11.79,11.12,139819,159275104.0,5.9,2.38,0.27,11.0
2011-10-27,11.47,11.25,11.6,11.21,106601,121615365.0,3.36,-3.18,-0.37,8.39
2011-10-28,11.45,11.68,12.15,11.44,139413,163656286.0,6.31,3.82,0.43,10.97
2011-10-31,11.64,12.01,12.1,11.54,137340,163299930.0,4.79,2.83,0.33,10.81
2011-11-01,11.8,12.42,12.59,11.76,181805,222491678.0,6.91,3.41,0.41,14.31
2011-11-02,12.18,12.48,12.48,11.9,131999,160789929.0,4.67,0.48,0.06,10.39
2011-11-03,12.48,12.2,12.82,12.2,156582,194492738.0,4.97,-2.24,-0.28,12.32
2011-11-04,12.3,12.15,12.36,12.0,94309,114450290.0,2.95,-0.41,-0.05,7.42
2011-11-07,12.15,12.35,12.38,12.08,91504,112295033.0,2.47,1.65,0.2,7.2
2011-11-08,12.35,11.88,12.35,11.8,105337,126890335.0,4.45,-3.81,-0.47,8.29
2011-11-09,11.97,12.16,12.19,11.8,71241,85570027.0,3.28,2.36,0.28,5.61
2011-11-10,12.02,12.37,12.7,11.97,181820,225641142.0,6.0,1.73,0.21,14.31
2011-11-11,12.39,12.6,12.96,12.32,178923,227192041.0,5.17,1.86,0.23,14.08
2011-11-14,12.7,12.94,12.98,12.6,161728,206478653.0,3.02,2.7,0.34,12.73
2011-11-15,12.82,12.79,12.92,12.54,133565,170058377.0,2.94,-1.16,-0.15,10.51
2011-11-16,12.74,12.41,12.96,12.27,106154,134473227.0,5.39,-2.97,-0.38,8.35
2011-11-17,12.33,12.39,12.57,12.12,78134,96500521.0,3.63,-0.16,-0.02,6.15
2011-11-18,12.25,11.43,12.25,11.26,95589,112204700.0,7.99,-7.75,-0.96,7.52
2011-11-21,11.41,11.35,11.48,11.06,46037,51743542.0,3.67,-0.7,-0.08,3.62
2011-11-22,11.19,11.33,11.35,10.96,42378,47390140.0,3.44,-0.18,-0.02,3.34
2011-11-23,11.33,11.07,11.4,11.04,35005,39192166.0,3.18,-2.29,-0.26,2.76
2011-11-24,10.88,10.9,11.0,10.57,43831,47369734.0,3.88,-1.54,-0.17,3.45
2011-11-25,10.9,10.77,11.09,10.72,36852,40246934.0,3.39,-1.19,-0.13,2.9
2011-11-28,10.76,10.81,10.91,10.68,21455,23178880.0,2.14,0.37,0.04,1.69
2011-11-29,11.0,11.06,11.1,10.87,36737,40382977.0,2.13,2.31,0.25,2.89
2011-11-30,11.09,10.15,11.1,10.09,56354,59541197.0,9.13,-8.23,-0.91,4.44
2011-12-01,10.41,10.35,10.6,10.32,53152,55550687.0,2.76,1.97,0.2,4.18
2011-12-02,10.25,9.77,10.34,9.58,63994,63400268.0,7.34,-5.6,-0.58,5.04
2011-12-05,9.7,9.72,9.76,9.4,40627,38878500.0,3.68,-0.51,-0.05,3.2
2011-12-06,9.82,9.98,10.28,9.82,61558,61726054.0,4.73,2.67,0.26,4.84
2011-12-07,9.8,9.8,9.99,9.73,33420,32875885.0,2.61,-1.8,-0.18,2.63
2011-12-08,9.7,9.78,9.93,9.41,45373,43907546.0,5.31,-0.2,-0.02,3.57
2011-12-09,9.62,9.74,9.79,9.57,32099,30954164.0,2.25,-0.41,-0.04,2.53
2011-12-12,9.85,9.6,10.0,9.6,38485,37772149.0,4.11,-1.44,-0.14,3.03
2011-12-13,9.38,8.77,9.38,8.72,48268,43578742.0,6.88,-8.65,-0.83,3.8
2011-12-14,8.68,8.5,8.83,8.4,38673,33269279.0,4.9,-3.08,-0.27,3.04
2011-12-15,8.41,8.15,8.5,8.11,37615,31273291.0,4.59,-4.12,-0.35,2.96
2011-12-16,8.15,8.4,8.43,8.09,36474,30063163.0,4.17,3.07,0.25,2.87
2011-12-19,8.3,8.62,8.65,8.17,58938,49678002.0,5.71,2.62,0.22,4.64
2011-12-20,8.51,8.41,8.68,8.4,41642,35564477.0,3.25,-2.44,-0.21,3.28
2011-12-21,8.5,8.15,8.55,8.1,36928,30760673.0,5.35,-3.09,-0.26,2.91
2011-12-22,8.28,8.33,8.6,7.97,69513,57833566.0,7.73,2.21,0.18,5.47
2011-12-23,8.16,8.24,8.38,7.98,48482,39745350.0,4.8,-1.08,-0.09,3.82
2011-12-26,8.15,8.12,8.34,8.1,29269,24042956.0,2.91,-1.46,-0.12,2.3
2011-12-27,8.02,7.52,8.09,7.5,58182,45200895.0,7.27,-7.39,-0.6,4.58
2011-12-28,7.43,7.63,7.9,7.21,47993,35982054.0,9.18,1.46,0.11,3.78
2011-12-29,7.8,7.49,7.8,7.48,38764,29538863.0,4.19,-1.83,-0.14,3.05
2011-12-30,7.49,7.63,7.66,7.47,31264,23773196.0,2.54,1.87,0.14,2.46
2012-01-04,7.68,7.31,7.77,7.28,37549,28221930.0,6.42,-4.19,-0.32,2.96
2012-01-05,7.33,6.98,7.47,6.88,49502,35510628.0,8.07,-4.51,-0.33,3.9
2012-01-06,6.9,7.08,7.3,6.79,36181,25332126.0,7.31,1.43,0.1,2.85
2012-01-09,7.05,7.5,7.62,6.99,64059,47123527.0,8.9,5.93,0.42,5.04
2012-01-10,7.5,7.98,8.05,7.45,102418,79681722.0,8.0,6.4,0.48,8.06
2012-01-11,7.9,8.02,8.16,7.78,77607,61792772.0,4.76,0.5,0.04,6.11
2012-01-12,8.0,8.04,8.25,7.9,75170,60561069.0,4.36,0.25,0.02,5.92
2012-01-13,8.03,7.56,8.08,7.56,58031,45039105.0,6.47,-5.97,-0.48,4.57
2012-01-16,7.45,7.06,7.53,7.01,33407,24377104.0,6.88,-6.61,-0.5,2.63
2012-01-17,7.05,7.62,7.68,7.02,47550,34877692.0,9.35,7.93,0.56,3.74
2012-01-18,7.6,7.71,7.98,7.51,84853,65694919.0,6.17,1.18,0.09,6.68
2012-01-19,7.6,7.62,7.76,7.4,52300,39677409.0,4.67,-1.17,-0.09,4.12
2012-01-20,7.62,7.62,7.7,7.55,33864,25812698.0,1.97,0.0,0.0,2.67
2012-01-30,7.64,7.75,7.84,7.53,44240,34128533.0,4.07,1.71,0.13,3.48
2012-01-31,7.7,7.45,7.74,7.36,51347,38445590.0,4.9,-3.87,-0.3,4.04
2012-02-01,7.39,7.37,7.6,7.31,45409,33813232.0,3.89,-1.07,-0.08,3.57
2012-02-02,7.42,7.6,7.63,7.37,42793,32103104.0,3.53,3.12,0.23,3.37
2012-02-03,7.61,8.36,8.36,7.56,90121,73953021.0,10.53,10.0,0.76,7.09
2012-02-06,8.88,8.89,9.09,8.53,252520,221989261.0,6.7,6.34,0.53,19.87
2012-02-07,8.75,8.63,8.84,8.38,162691,139754798.0,5.17,-2.92,-0.26,12.8
2012-02-08,8.52,8.92,8.98,8.47,162257,141436334.0,5.91,3.36,0.29,12.77
2012-02-09,8.89,8.85,9.15,8.7,148848,132878830.0,5.04,-0.78,-0.07,11.72
2012-02-10,8.71,9.1,9.1,8.66,120073,106929801.0,4.97,2.82,0.25,9.45
2012-02-13,9.04,9.42,9.99,8.98,194078,184701150.0,11.1,3.52,0.32,15.27
2012-02-14,9.3,9.32,9.41,9.15,83672,77704669.0,2.76,-1.06,-0.1,6.59
2012-02-15,9.29,9.45,9.5,9.18,86897,81276771.0,3.43,1.39,0.13,6.84
2012-02-16,9.43,9.19,9.52,9.08,87535,81104363.0,4.66,-2.75,-0.26,6.89
2012-02-17,9.17,9.3,9.36,9.1,67324,62219249.0,2.83,1.2,0.11,5.3
2012-02-20,9.35,9.37,9.69,9.3,102031,96553727.0,4.19,0.75,0.07,8.03
2012-02-21,9.35,9.42,9.47,9.06,69128,64101663.0,4.38,0.53,0.05,5.44
2012-02-22,9.4,9.7,9.77,9.36,122551,117275690.0,4.35,2.97,0.28,9.65
2012-02-23,9.68,9.57,9.77,9.4,105239,100469688.0,3.81,-1.34,-0.13,8.28
2012-02-24,9.5,9.54,9.58,9.39,84785,80430167.0,1.99,-0.31,-0.03,6.67
2012-02-27,9.6,9.5,9.77,9.47,100975,97041108.0,3.14,-0.42,-0.04,7.95
2012-02-28,9.47,9.15,9.5,9.06,98802,91138343.0,4.63,-3.68,-0.35,7.78
2012-02-29,9.1,8.91,9.2,8.88,56186,50835204.0,3.5,-2.62,-0.24,4.42
2012-03-01,8.9,8.94,9.09,8.82,49965,44748155.0,3.03,0.34,0.03,3.93
2012-03-02,9.0,9.23,9.28,8.97,70294,64304434.0,3.47,3.24,0.29,5.53
2012-03-05,9.26,9.14,9.37,9.1,57966,53502225.0,2.93,-0.98,-0.09,4.56
2012-03-06,9.05,10.05,10.05,8.91,289340,282327104.0,12.47,9.96,0.91,22.77
2012-03-08,9.8,9.86,9.93,9.61,173171,169876008.0,3.18,-1.89,-0.19,13.63
2012-03-09,9.85,9.9,9.93,9.75,95386,93921644.0,1.83,0.41,0.04,7.51
2012-03-12,9.9,9.98,10.13,9.85,98864,98454971.0,2.83,0.81,0.08,7.78
2012-03-13,9.95,9.91,10.03,9.75,90556,89188891.0,2.81,-0.7,-0.07,7.13
2012-03-14,9.92,9.7,10.5,9.51,223871,227351784.0,9.99,-2.12,-0.21,17.62
2012-03-15,9.5,9.22,9.7,8.88,122722,114078372.0,8.45,-4.95,-0.48,9.66
2012-03-16,9.2,9.37,9.4,9.05,69169,64124004.0,3.8,1.63,0.15,5.44
2012-03-19,9.37,9.51,9.51,9.21,66876,62710032.0,3.2,1.49,0.14,5.26
2012-03-20,9.5,9.11,9.5,9.1,56229,52145900.0,4.21,-4.21,-0.4,4.43
2012-03-21,9.18,9.12,9.27,8.93,44210,40294541.0,3.73,0.11,0.01,3.48
2012-03-22,9.09,9.3,9.5,9.01,72298,67309215.0,5.37,1.97,0.18,5.69
2012-03-23,9.23,9.04,9.28,9.01,35802,32604511.0,2.9,-2.8,-0.26,2.82
2012-03-26,9.02,8.86,9.12,8.8,31118,27754534.0,3.54,-1.99,-0.18,2.45
2012-03-27,8.9,8.91,9.07,8.85,24482,21896782.0,2.48,0.56,0.05,1.93
2012-03-28,8.91,8.19,8.91,8.19,55159,46704949.0,8.08,-8.08,-0.72,4.34
2012-03-29,8.15,7.95,8.34,7.77,35172,28508135.0,6.96,-2.93,-0.24,2.77
2012-03-30,7.94,7.71,8.04,7.63,30742,24049602.0,5.16,-3.02,-0.24,2.42
2012-04-05,7.71,8.05,8.12,7.69,32412,25738692.0,5.58,4.41,0.34,2.55
2012-04-06,8.06,8.29,8.35,8.05,36388,29937351.0,3.73,2.98,0.24,2.86
2012-04-09,8.29,8.05,8.34,8.05,22586,18484322.0,3.5,-2.9,-0.24,1.78
2012-04-10,7.97,8.14,8.26,7.73,27078,21627374.0,6.58,1.12,0.09,2.13
2012-04-11,8.3,8.9,8.95,8.28,132804,117130985.0,8.23,9.34,0.76,10.45
2012-04-12,8.65,8.81,8.86,8.51,93818,81689492.0,3.93,-1.01,-0.09,7.38
2012-04-13,8.81,8.8,8.95,8.61,75629,66510793.0,3.86,-0.11,-0.01,5.95
2012-04-16,8.77,8.73,8.8,8.58,46089,40059988.0,2.5,-0.8,-0.07,3.63
2012-04-17,8.72,8.45,8.75,8.43,38253,32798071.0,3.67,-3.21,-0.28,3.01
2012-04-19,8.66,8.68,8.79,8.6,48003,41754901.0,2.25,2.72,0.23,3.78
2012-04-20,8.65,9.01,9.33,8.62,84773,76292766.0,8.18,3.8,0.33,6.67
2012-04-23,8.88,8.6,8.94,8.6,48197,42207871.0,3.77,-4.55,-0.41,3.79
2012-04-24,8.43,8.34,8.61,8.12,45912,38277650.0,5.7,-3.02,-0.26,3.61
2012-04-25,8.28,8.54,8.59,8.13,47943,40323565.0,5.52,2.4,0.2,3.77
2012-04-26,8.53,8.36,8.6,8.25,42721,35945690.0,4.1,-2.11,-0.18,3.36
2012-04-27,8.26,8.28,8.43,8.23,28965,24046710.0,2.39,-0.96,-0.08,2.28
2012-05-02,8.41,8.37,8.47,8.3,28637,23950966.0,2.05,1.09,0.09,2.25
2012-05-03,8.37,8.5,8.59,8.35,39141,33224577.0,2.87,1.55,0.13,3.08
2012-05-04,8.47,8.66,8.74,8.45,42908,37020213.0,3.41,1.88,0.16,3.38
2012-05-07,8.63,8.73,8.79,8.58,43611,37944928.0,2.42,0.81,0.07,3.43
2012-05-08,8.75,8.73,8.84,8.66,33726,29493467.0,2.06,0.0,0.0,2.65
2012-05-09,8.68,8.36,8.68,8.36,44033,37258796.0,3.67,-4.24,-0.37,3.47
2012-05-10,8.35,8.39,8.44,8.31,22671,19013528.0,1.56,0.36,0.03,1.78
2012-05-11,8.39,8.4,8.51,8.34,23436,19735584.0,2.03,0.12,0.01,1.84
2012-05-14,8.46,8.34,8.49,8.34,22565,18993739.0,1.79,-0.71,-0.06,1.78
2012-05-15,8.3,8.19,8.3,8.01,26321,21408088.0,3.48,-1.8,-0.15,2.07
2012-05-16,8.17,8.18,8.31,8.1,20999,17278914.0,2.56,-0.12,-0.01,1.65
2012-05-17,8.18,8.36,8.41,8.15,20382,16918661.0,3.18,2.2,0.18,1.6
2012-05-18,8.22,8.1,8.32,8.07,25969,21273678.0,2.99,-3.11,-0.26,2.04
2012-05-21,8.11,8.1,8.28,7.98,21040,17110144.0,3.7,0.0,0.0,1.66
2012-05-22,8.12,8.23,8.24,8.12,18613,15253838.0,1.48,1.6,0.13,1.46
2012-05-23,8.25,8.27,8.33,8.2,20933,17312558.0,1.58,0.49,0.04,1.65
2012-05-24,8.26,8.46,8.49,8.22,40417,34003016.0,3.26,2.3,0.19,3.18
2012-05-25,8.36,8.4,8.56,8.36,30912,26119638.0,2.36,-0.71,-0.06,2.43
2012-05-28,8.5,8.63,8.65,8.28,40208,34295658.0,4.4,2.74,0.23,3.16
2012-05-29,8.79,8.95,9.49,8.79,137144,126166625.0,8.11,3.71,0.32,10.79
2012-05-30,5.8,5.99,6.07,5.68,154591,90822931.0,4.36,-33.07,-2.96,8.11
2012-05-31,5.95,5.83,5.95,5.76,82745,48410432.0,3.17,-2.67,-0.16,4.34
2012-06-01,5.8,5.69,5.86,5.68,56000,32217602.0,3.09,-2.4,-0.14,2.94
2012-06-04,5.5,5.34,5.6,5.33,66144,36147946.0,4.75,-6.15,-0.35,3.47
2012-06-05,5.33,5.36,5.42,5.33,31248,16788558.0,1.69,0.37,0.02,1.64
2012-06-06,5.35,5.34,5.42,5.3,25169,13479122.0,2.24,-0.37,-0.02,1.32
2012-06-07,5.41,5.27,5.44,5.25,21487,11473818.0,3.56,-1.31,-0.07,1.13
2012-06-08,5.35,5.26,5.36,5.24,22237,11783489.0,2.28,-0.19,-0.01,1.17
2012-06-11,5.26,5.31,5.34,5.15,23747,12474808.0,3.61,0.95,0.05,1.25
2012-06-12,5.26,5.2,5.29,5.16,21345,11171762.0,2.45,-2.07,-0.11,1.12
2012-06-13,5.22,5.3,5.33,5.2,29397,15530567.0,2.5,1.92,0.1,1.54
2012-06-14,5.26,5.38,5.46,5.26,40238,21579020.0,3.77,1.51,0.08,2.11
2012-06-15,5.33,5.4,5.45,5.33,33776,18229130.0,2.23,0.37,0.02,1.77
2012-06-18,5.42,5.54,5.55,5.39,49327,27073600.0,2.96,2.59,0.14,2.59
2012-06-19,5.5,5.48,5.54,5.42,38538,21091591.0,2.17,-1.08,-0.06,2.02
2012-06-20,5.52,5.71,5.78,5.48,80181,45142619.0,5.47,4.2,0.23,4.21
2012-06-21,5.66,5.71,5.8,5.6,80467,45865102.0,3.5,0.0,0.0,4.22
2012-06-25,5.72,5.62,5.8,5.53,62990,35711806.0,4.73,-1.58,-0.09,2.01
2012-06-26,5.59,5.8,5.8,5.55,58832,33527966.0,4.45,3.2,0.18,1.88
2012-06-27,5.78,5.8,6.05,5.75,100563,59557982.0,5.17,0.0,0.0,3.21
2012-06-28,5.8,5.6,5.84,5.6,47796,27182684.0,4.14,-3.45,-0.2,1.53
2012-06-29,5.5,5.66,5.68,5.41,36567,20173221.0,4.82,1.07,0.06,1.17
2012-07-02,5.7,5.81,5.95,5.6,51326,29932786.0,6.18,2.65,0.15,1.64
2012-07-03,5.89,5.81,5.93,5.73,43420,25209950.0,3.44,0.0,0.0,1.39
2012-07-04,5.76,5.68,5.84,5.58,33295,18918981.0,4.48,-2.24,-0.13,1.06
2012-07-05,5.6,5.68,5.7,5.6,21957,12409775.0,1.76,0.0,0.0,0.7
2012-07-06,5.68,5.82,5.84,5.66,32264,18568496.0,3.17,2.46,0.14,1.03
2012-07-09,5.81,5.46,5.81,5.46,33359,18823855.0,6.01,-6.19,-0.36,1.07
2012-07-10,5.45,5.36,5.46,5.18,28886,15312664.0,5.13,-1.83,-0.1,0.92
2012-07-11,5.3,5.31,5.4,5.27,16277,8686300.0,2.43,-0.93,-0.05,0.52
2012-07-12,5.27,5.32,5.34,5.08,25011,13088346.0,4.9,0.19,0.01,0.8
2012-07-13,5.33,5.3,5.4,5.26,17106,9152673.0,2.63,-0.38,-0.02,0.55
2012-07-16,5.25,5.05,5.34,5.05,20511,10575908.0,5.47,-4.72,-0.25,0.65
2012-07-17,5.08,5.11,5.13,5.02,10283,5225820.0,2.18,1.19,0.06,0.33
2012-07-18,5.09,5.18,5.18,5.05,12262,6281985.0,2.54,1.37,0.07,0.39
2012-07-19,5.18,5.24,5.33,5.15,17954,9457091.0,3.47,1.16,0.06,0.57
2012-07-20,5.21,5.32,5.33,5.21,19270,10153769.0,2.29,1.53,0.08,0.62
2012-07-23,5.42,5.33,5.55,5.25,30679,16495052.0,5.64,0.19,0.01,0.98
2012-07-24,5.3,5.25,5.33,5.18,18265,9597172.0,2.81,-1.5,-0.08,0.58
2012-07-25,5.25,5.25,5.3,5.2,9039,4743251.0,1.9,0.0,0.0,0.29
2012-07-26,5.2,5.2,5.3,5.18,13819,7257912.0,2.29,-0.95,-0.05,0.44
2012-07-27,5.23,5.14,5.24,5.08,13318,6853010.0,3.08,-1.15,-0.06,0.43
2012-07-30,5.14,5.18,5.22,5.03,17706,9139029.0,3.7,0.78,0.04,0.57
2012-07-31,5.18,5.29,5.32,5.13,22554,11832992.0,3.67,2.12,0.11,0.72
2012-08-01,5.34,5.34,5.36,5.23,16371,8695739.0,2.46,0.95,0.05,0.52
2012-08-02,5.28,5.33,5.4,5.25,12114,6458750.0,2.81,-0.19,-0.01,0.39
2012-08-03,5.38,5.37,5.41,5.26,12880,6898359.0,2.81,0.75,0.04,0.41
2012-08-06,5.37,5.54,5.54,5.33,20064,10991014.0,3.91,3.17,0.17,0.64
2012-08-07,5.54,5.6,5.65,5.5,20601,11478269.0,2.71,1.08,0.06,0.66
2012-08-08,5.56,5.59,5.74,5.56,19334,10923402.0,3.21,-0.18,-0.01,0.62
2012-08-09,5.59,5.62,5.7,5.54,17462,9798680.0,2.86,0.54,0.03,0.56
2012-08-10,5.62,5.66,5.75,5.57,17245,9803993.0,3.2,0.71,0.04,0.55
2012-08-13,5.68,5.42,5.7,5.42,21680,12092370.0,4.95,-4.24,-0.24,0.69
2012-08-14,5.45,5.94,5.96,5.43,115833,68236807.0,9.78,9.59,0.52,3.7
2012-08-15,5.83,5.88,5.89,5.74,55815,32474963.0,2.53,-1.01,-0.06,1.78
2012-08-16,5.85,5.65,5.89,5.65,32056,18500151.0,4.08,-3.91,-0.23,1.02
2012-08-17,5.65,5.96,6.14,5.65,80971,48297165.0,8.67,5.49,0.31,2.59
2012-08-20,5.8,6.18,6.25,5.79,94462,57793277.0,7.72,3.69,0.22,3.02
2012-08-21,6.17,6.14,6.28,6.04,65933,40523919.0,3.88,-0.65,-0.04,2.11
2012-08-22,6.14,6.07,6.16,6.04,40871,24861299.0,1.95,-1.14,-0.07,1.3
2012-08-23,6.02,6.11,6.22,6.02,43303,26581314.0,3.29,0.66,0.04,1.38
2012-08-24,6.1,5.97,6.11,5.74,47328,28158828.0,6.06,-2.29,-0.14,1.51
2012-08-27,6.01,5.81,6.01,5.77,19792,11542702.0,4.02,-2.68,-0.16,0.63
2012-08-28,5.8,5.87,5.96,5.77,15670,9186869.0,3.27,1.03,0.06,0.5
2012-08-29,5.9,6.02,6.28,5.87,57706,35210451.0,6.98,2.56,0.15,1.84
2012-08-30,6.01,5.98,6.07,5.75,34749,20617099.0,5.32,-0.66,-0.04,1.11
2012-08-31,5.98,6.15,6.22,5.95,49566,30462429.0,4.52,2.84,0.17,1.58
2012-09-03,6.12,6.18,6.25,6.1,39415,24324265.0,2.44,0.49,0.03,1.26
2012-09-04,6.12,6.12,6.24,5.93,51651,31530016.0,5.02,-0.97,-0.06,1.65
2012-09-05,6.08,6.01,6.11,5.95,29889,17999014.0,2.61,-1.8,-0.11,0.95
2012-09-06,6.02,6.05,6.15,5.99,19375,11720697.0,2.66,0.67,0.04,0.62
2012-09-07,6.09,6.2,6.28,6.06,60549,37462860.0,3.64,2.48,0.15,1.93
2012-09-10,6.2,6.25,6.35,6.19,42262,26422892.0,2.58,0.81,0.05,1.35
2012-09-11,6.24,6.22,6.24,6.15,29691,18375913.0,1.44,-0.48,-0.03,0.95
2012-09-12,6.25,6.15,6.28,6.1,32657,20145664.0,2.89,-1.13,-0.07,1.04
2012-09-13,6.22,6.31,6.43,6.18,113378,71801706.0,4.07,2.6,0.16,3.62
2012-09-14,6.29,6.16,6.35,6.11,60591,37459605.0,3.8,-2.38,-0.15,1.93
2012-09-17,6.21,5.74,6.21,5.74,82440,48673790.0,7.63,-6.82,-0.42,2.63
2012-09-18,5.73,5.76,5.83,5.65,30269,17462303.0,3.14,0.35,0.02,0.97
2012-09-19,5.71,5.81,5.84,5.71,20660,11963944.0,2.26,0.87,0.05,0.66
2012-09-20,5.79,5.4,5.8,5.39,41836,23158822.0,7.06,-7.06,-0.41,1.34
2012-09-21,5.4,5.36,5.41,5.23,24911,13260497.0,3.33,-0.74,-0.04,0.8
2012-09-24,5.3,5.38,5.39,5.21,22485,11900623.0,3.36,0.37,0.02,0.72
2012-09-25,5.34,5.22,5.39,5.19,21025,11074762.0,3.72,-2.97,-0.16,0.67
2012-09-26,5.27,5.06,5.27,5.01,28786,14658867.0,4.98,-3.07,-0.16,0.92
2012-09-27,5.06,5.16,5.22,5.0,19734,10123897.0,4.35,1.98,0.1,0.63
2012-09-28,5.13,5.21,5.25,5.13,22723,11818537.0,2.33,0.97,0.05,0.73
2012-10-08,5.22,5.22,5.29,5.19,18266,9555162.0,1.92,0.19,0.01,0.58
2012-10-09,5.27,5.35,5.37,5.22,44863,23857970.0,2.87,2.49,0.13,1.43
2012-10-10,5.33,5.39,5.41,5.32,45001,24172386.0,1.68,0.75,0.04,1.44
2012-10-11,5.38,5.53,5.85,5.33,129813,72573478.0,9.65,2.6,0.14,4.14
2012-10-12,5.48,5.36,5.5,5.31,64504,34732623.0,3.44,-3.07,-0.17,2.06
2012-10-15,5.4,5.21,5.4,5.1,46717,24286125.0,5.6,-2.8,-0.15,1.49
2012-10-16,5.2,5.18,5.26,5.15,20632,10748955.0,2.11,-0.58,-0.03,0.66
2012-10-17,5.2,5.25,5.26,5.16,27360,14252126.0,1.93,1.35,0.07,0.87
2012-10-18,5.25,5.32,5.35,5.21,33251,17632181.0,2.67,1.33,0.07,1.06
2012-10-19,5.3,5.31,5.48,5.29,37035,19950195.0,3.57,-0.19,-0.01,1.18
2012-10-22,5.28,5.31,5.33,5.2,20233,10667550.0,2.45,0.0,0.0,0.65
2012-10-23,5.33,5.23,5.35,5.2,22841,12053628.0,2.82,-1.51,-0.08,0.73
2012-10-24,5.23,5.28,5.29,5.18,21105,11050151.0,2.1,0.96,0.05,0.67
2012-10-25,5.25,5.2,5.27,5.14,34700,18073750.0,2.46,-1.52,-0.08,1.11
2012-10-26,5.23,4.99,5.23,4.96,35170,17716516.0,5.19,-4.04,-0.21,1.12
2012-10-29,4.99,5.02,5.07,4.99,14223,7151867.0,1.6,0.6,0.03,0.45
2012-10-30,5.0,5.01,5.08,4.98,14092,7080608.0,1.99,-0.2,-0.01,0.45
2012-10-31,5.01,5.0,5.04,4.94,22498,11223499.0,2.0,-0.2,-0.01,0.72
2012-11-01,5.0,5.09,5.11,4.96,22099,11205828.0,3.0,1.8,0.09,0.71
2012-11-02,5.09,5.07,5.12,5.0,21395,10829513.0,2.36,-0.39,-0.02,0.68
2012-11-05,5.07,5.09,5.09,5.03,15113,7656269.0,1.18,0.39,0.02,0.48
2012-11-06,5.09,5.0,5.1,4.96,28234,14118977.0,2.75,-1.77,-0.09,0.9
2012-11-07,5.0,5.02,5.03,4.95,15983,7980906.0,1.6,0.4,0.02,0.51
2012-11-08,4.99,4.81,4.99,4.8,25224,12337847.0,3.78,-4.18,-0.21,0.81
2012-11-09,4.8,4.79,4.87,4.77,13217,6361727.0,2.08,-0.42,-0.02,0.42
2012-11-12,4.8,4.81,4.84,4.76,18177,8713890.0,1.67,0.42,0.02,0.58
2012-11-13,4.84,4.62,4.85,4.61,34578,16155694.0,4.99,-3.95,-0.19,1.1
2012-11-14,4.67,5.08,5.08,4.59,93213,46357933.0,10.61,9.96,0.46,2.98
2012-11-15,4.9,4.82,5.05,4.8,77967,38213236.0,4.92,-5.12,-0.26,2.49
2012-11-16,4.76,4.79,4.9,4.73,41812,20065270.0,3.53,-0.62,-0.03,1.34
2012-11-19,4.76,4.86,4.91,4.63,40208,19252904.0,5.85,1.46,0.07,1.28
2012-11-20,4.85,4.82,4.94,4.77,41350,19995672.0,3.5,-0.82,-0.04,1.32
2012-11-21,4.82,4.82,4.85,4.65,27876,13261150.0,4.15,0.0,0.0,0.89
2012-11-22,4.8,4.84,4.91,4.76,34189,16565817.0,3.11,0.41,0.02,1.09
2012-11-23,4.84,4.73,4.86,4.7,28033,13399907.0,3.31,-2.27,-0.11,0.9
2012-11-26,4.77,4.64,4.77,4.63,17878,8375268.0,2.96,-1.9,-0.09,0.57
2012-11-27,4.63,4.36,4.63,4.36,28972,12883617.0,5.82,-6.03,-0.28,0.93
2012-11-28,4.37,4.18,4.37,4.16,20762,8733429.0,4.82,-4.13,-0.18,0.66
2012-11-29,4.18,4.19,4.26,4.11,24689,10395188.0,3.59,0.24,0.01,0.79
2012-11-30,4.21,4.24,4.27,4.16,14666,6210712.0,2.63,1.19,0.05,0.47
2012-12-03,4.24,4.02,4.25,4.02,21373,8843701.0,5.42,-5.19,-0.22,0.68
2012-12-04,4.02,4.1,4.13,3.95,34640,13925667.0,4.48,1.99,0.08,1.11
2012-12-05,4.1,4.28,4.37,4.08,39127,16711249.0,7.07,4.39,0.18,1.25
2012-12-06,4.24,4.24,4.3,4.21,26209,11130039.0,2.1,-0.93,-0.04,0.84
2012-12-07,4.25,4.36,4.37,4.2,34547,14911945.0,4.01,2.83,0.12,1.1
2012-12-10,4.36,4.44,4.48,4.34,35539,15702256.0,3.21,1.83,0.08,1.13
2012-12-11,4.42,4.39,4.49,4.35,31866,14130458.0,3.15,-1.13,-0.05,1.02
2012-12-12,4.37,4.4,4.44,4.32,28902,12668825.0,2.73,0.23,0.01,0.92
2012-12-13,4.38,4.31,4.42,4.31,16984,7417254.0,2.5,-2.05,-0.09,0.54
2012-12-14,4.28,4.47,4.51,4.28,46480,20586731.0,5.34,3.71,0.16,1.48
2012-12-17,4.48,4.5,4.54,4.46,34159,15363062.0,1.79,0.67,0.03,1.09
2012-12-18,4.51,4.52,4.72,4.46,64578,29623224.0,5.78,0.44,0.02,2.06
2012-12-19,4.5,4.5,4.55,4.47,29925,13488197.0,1.77,-0.44,-0.02,0.96
2012-12-20,4.48,4.47,4.48,4.36,33313,14769821.0,2.67,-0.67,-0.03,1.06
2012-12-21,4.48,4.44,4.5,4.4,28226,12547532.0,2.24,-0.67,-0.03,0.9
2012-12-24,4.41,4.45,4.47,4.41,16294,7239620.0,1.35,0.23,0.01,0.52
2012-12-25,4.45,4.55,4.58,4.42,42173,19082489.0,3.6,2.25,0.1,1.35
2012-12-26,4.52,4.64,4.69,4.51,44815,20652576.0,3.96,1.98,0.09,1.43
2012-12-27,4.64,4.63,4.75,4.58,58429,27327991.0,3.66,-0.22,-0.01,1.87
2012-12-28,4.64,4.65,4.66,4.55,36092,16661519.0,2.38,0.43,0.02,1.15
2012-12-31,4.66,4.64,4.72,4.63,27440,12792595.0,1.94,-0.22,-0.01,0.88
2013-01-04,4.69,4.62,4.7,4.55,30475,14085988.0,3.23,-0.43,-0.02,0.97
2013-01-07,4.62,4.83,4.94,4.56,71828,34122703.0,8.23,4.55,0.21,2.29
2013-01-08,4.78,4.81,4.85,4.72,48651,23231832.0,2.69,-0.41,-0.02,1.55
2013-01-09,4.79,4.81,4.85,4.75,42098,20191487.0,2.08,0.0,0.0,1.34
2013-01-10,4.81,4.9,4.91,4.79,57620,27989052.0,2.49,1.87,0.09,1.84
2013-01-11,4.89,4.72,4.92,4.7,48218,23178383.0,4.49,-3.67,-0.18,1.54
2013-01-14,4.68,4.86,4.88,4.68,49000,23545997.0,4.24,2.97,0.14,1.56
2013-01-15,4.86,4.98,5.11,4.85,112208,55780081.0,5.35,2.47,0.12,3.58
2013-01-16,4.95,4.95,4.98,4.85,66420,32667962.0,2.61,-0.6,-0.03,2.12
2013-01-17,4.96,4.82,4.96,4.79,36883,17937325.0,3.43,-2.63,-0.13,1.18
2013-01-18,4.82,4.88,4.9,4.76,31989,15499967.0,2.9,1.24,0.06,1.02
2013-01-21,4.89,4.96,4.96,4.86,37430,18375091.0,2.05,1.64,0.08,1.2
2013-01-22,4.98,4.84,4.98,4.83,30971,15124140.0,3.02,-2.42,-0.12,0.99
2013-01-23,4.81,4.85,4.85,4.71,31549,15088561.0,2.89,0.21,0.01,1.01
2013-01-24,4.82,4.66,4.88,4.65,37432,17820768.0,4.74,-3.92,-0.19,1.2
2013-01-25,4.67,4.67,4.71,4.62,16063,7500013.0,1.93,0.21,0.01,0.51
2013-01-28,4.67,4.77,4.78,4.66,23667,11213469.0,2.57,2.14,0.1,0.76
2013-01-29,4.74,4.94,5.05,4.74,63867,31408457.0,6.5,3.56,0.17,2.04
2013-01-30,4.93,4.91,4.94,4.82,39857,19489947.0,2.43,-0.61,-0.03,1.27
2013-01-31,4.94,4.86,4.95,4.83,29753,14462102.0,2.44,-1.02,-0.05,0.95
2013-02-01,4.86,4.88,4.93,4.81,34534,16862186.0,2.47,0.41,0.02,1.1
2013-02-04,4.87,4.91,5.0,4.85,49828,24508299.0,3.07,0.61,0.03,1.59
2013-02-05,4.87,4.99,5.09,4.78,57270,28308095.0,6.31,1.63,0.08,1.83
2013-02-06,4.99,5.24,5.32,4.97,145767,75283690.0,7.01,5.01,0.25,4.65
2013-02-07,5.23,5.15,5.24,5.11,67275,34729288.0,2.48,-1.72,-0.09,2.15
2013-02-08,5.15,5.2,5.2,5.14,48340,24995361.0,1.17,0.97,0.05,1.54
2013-02-18,5.29,5.36,5.55,5.19,115113,62114807.0,6.92,3.08,0.16,3.68
2013-02-19,5.31,5.38,5.47,5.3,85741,46060415.0,3.17,0.37,0.02,2.74
2013-02-20,5.37,5.43,5.49,5.28,77070,41627049.0,3.9,0.93,0.05,2.46
2013-02-21,5.38,5.46,5.74,5.38,125089,69570336.0,6.63,0.55,0.03,3.99
2013-02-22,5.37,5.25,5.4,5.21,72003,38198771.0,3.48,-3.85,-0.21,2.3
2013-02-25,5.29,5.29,5.32,5.17,45279,23750385.0,2.86,0.76,0.04,1.45
2013-02-26,5.22,5.19,5.28,5.12,44382,23178097.0,3.02,-1.89,-0.1,1.42
2013-02-27,5.15,5.15,5.24,5.09,37037,19069098.0,2.89,-0.77,-0.04,1.18
2013-02-28,5.18,5.24,5.26,5.1,46222,24080237.0,3.11,1.75,0.09,1.48
2013-03-01,5.2,5.44,5.5,5.2,75824,40624784.0,5.73,3.82,0.2,2.42
2013-03-04,5.35,5.24,5.62,5.23,104253,56861824.0,7.17,-3.68,-0.2,3.33
2013-03-05,5.25,5.5,5.5,5.25,77560,41788226.0,4.77,4.96,0.26,2.48
2013-03-06,5.75,5.63,6.03,5.56,158842,90998507.0,8.55,2.36,0.13,5.07
2013-03-07,5.6,5.79,5.88,5.56,138544,79905951.0,5.68,2.84,0.16,4.42
2013-03-08,5.68,5.58,5.77,5.56,64459,36341593.0,3.63,-3.63,-0.21,2.06
2013-03-11,5.61,5.51,5.65,5.47,41488,23035898.0,3.23,-1.25,-0.07,1.32
2013-03-12,5.48,5.3,5.53,5.2,53426,28573835.0,5.99,-3.81,-0.21,1.71
2013-03-13,5.28,5.22,5.3,5.16,26937,14021197.0,2.64,-1.51,-0.08,0.86
2013-03-14,5.22,5.18,5.26,5.12,17803,9260851.0,2.68,-0.77,-0.04,0.57
2013-03-15,5.16,5.25,5.45,5.11,42305,22409672.0,6.56,1.35,0.07,1.35
2013-03-18,5.27,5.08,5.27,5.08,24661,12715326.0,3.62,-3.24,-0.17,0.79
2013-03-19,5.05,5.23,5.3,5.05,33665,17529368.0,4.92,2.95,0.15,1.07
2013-03-20,5.25,5.32,5.36,5.2,43116,22835822.0,3.06,1.72,0.09,1.38
2013-03-21,5.34,5.35,5.47,5.31,46865,25245249.0,3.01,0.56,0.03,1.5
2013-03-22,5.46,5.41,5.53,5.37,51553,28025099.0,2.99,1.12,0.06,1.65
2013-03-25,5.39,5.37,5.43,5.31,28125,15090871.0,2.22,-0.74,-0.04,0.9
2013-03-26,5.35,5.34,5.36,5.2,30914,16361095.0,2.98,-0.56,-0.03,0.99
2013-03-27,5.34,5.5,5.5,5.26,40636,21908582.0,4.49,3.0,0.16,1.3
2013-03-28,5.75,5.54,5.76,5.51,143443,80672134.0,4.55,0.73,0.04,4.58
2013-03-29,5.41,5.41,5.55,5.26,74821,40329266.0,5.23,-2.35,-0.13,2.39
2013-04-01,5.34,5.32,5.39,5.26,37240,19852074.0,2.4,-1.66,-0.09,1.19
2013-04-02,5.31,5.17,5.38,5.14,40244,21108649.0,4.51,-2.82,-0.15,1.28
2013-04-03,5.18,5.13,5.23,5.11,23168,11936855.0,2.32,-0.77,-0.04,0.74
2013-04-08,5.1,5.14,5.19,4.9,26337,13165576.0,5.65,0.19,0.01,0.84
2013-04-09,5.13,5.18,5.22,5.11,16053,8295225.0,2.14,0.78,0.04,0.51
2013-04-10,5.13,5.16,5.2,5.02,20644,10529195.0,3.47,-0.39,-0.02,0.66
2013-04-11,5.18,5.04,5.18,5.02,17763,9026972.0,3.1,-2.33,-0.12,0.57
2013-04-12,5.02,4.9,5.02,4.9,21122,10444767.0,2.38,-2.78,-0.14,0.67
2013-04-15,4.91,4.73,4.91,4.7,18088,8623224.0,4.29,-3.47,-0.17,0.58
2013-04-16,4.65,4.8,4.8,4.61,14080,6658485.0,4.02,1.48,0.07,0.45
2013-04-17,4.76,4.79,4.8,4.7,17622,8380987.0,2.08,-0.21,-0.01,0.56
2013-04-18,4.73,4.75,4.81,4.68,17198,8165038.0,2.71,-0.84,-0.04,0.55
2013-04-19,4.78,4.9,4.92,4.75,31432,15297481.0,3.58,3.16,0.15,1.0
2013-04-22,4.85,4.94,4.97,4.85,31238,15356079.0,2.45,0.82,0.04,1.0
2013-04-23,4.92,4.82,4.97,4.78,24691,12067061.0,3.85,-2.43,-0.12,0.79
2013-04-24,4.82,4.9,4.94,4.82,19865,9719492.0,2.49,1.66,0.08,0.63
2013-04-25,4.88,4.82,4.92,4.82,25904,12605864.0,2.04,-1.63,-0.08,0.83
2013-04-26,4.86,4.61,4.88,4.6,25293,11954442.0,5.81,-4.36,-0.21,0.81
2013-05-02,4.63,4.63,4.68,4.54,15114,6994048.0,3.04,0.43,0.02,0.48
2013-05-03,4.68,4.85,4.95,4.68,40836,19935356.0,5.83,4.75,0.22,1.3
2013-05-06,4.92,5.11,5.11,4.91,65698,33086461.0,4.12,5.36,0.26,2.1
2013-05-07,5.12,5.07,5.15,5.02,32333,16391796.0,2.54,-0.78,-0.04,1.03
2013-05-08,5.05,5.18,5.2,5.04,40691,20811344.0,3.16,2.17,0.11,1.3
2013-05-09,5.19,5.19,5.22,5.08,46740,24056268.0,2.7,0.19,0.01,1.49
2013-05-10,5.16,5.32,5.33,5.14,68052,35758195.0,3.66,2.5,0.13,2.17
2013-05-13,5.33,5.34,5.38,5.22,41891,22206819.0,3.01,0.38,0.02,1.34
2013-05-14,5.33,5.19,5.35,5.12,36260,18888273.0,4.31,-2.81,-0.15,1.16
2013-05-15,5.18,5.23,5.24,5.15,32043,16650439.0,1.73,0.77,0.04,1.02
2013-05-16,5.23,5.26,5.32,5.17,42850,22506212.0,2.87,0.57,0.03,1.37
2013-05-17,5.27,5.28,5.3,5.14,70092,36682386.0,3.04,0.38,0.02,2.24
2013-05-20,5.32,5.51,5.65,5.29,126308,69714359.0,6.82,4.36,0.23,4.03
2013-05-21,5.45,5.58,5.63,5.42,97647,54142293.0,3.81,1.27,0.07,3.12
2013-05-22,5.58,5.52,5.7,5.42,90782,50720419.0,5.02,-1.08,-0.06,2.9
2013-05-23,5.48,5.47,5.62,5.38,55802,30663143.0,4.35,-0.91,-0.05,1.78
2013-05-24,5.46,5.59,5.59,5.42,53951,29786676.0,3.11,2.19,0.12,1.72
2013-05-27,5.75,5.55,5.75,5.51,75354,42238516.0,4.29,-0.72,-0.04,2.41
2013-05-28,5.55,5.58,5.68,5.51,66341,37120206.0,3.06,0.54,0.03,2.12
2013-05-29,5.6,5.75,5.82,5.58,109114,62392037.0,4.3,3.05,0.17,3.48
2013-05-30,5.78,5.86,5.99,5.68,93172,54412008.0,5.39,1.91,0.11,2.97
2013-05-31,5.86,6.0,6.09,5.75,110125,65322747.0,5.8,2.39,0.14,3.52
2013-06-03,5.99,6.45,6.57,5.93,230990,147761225.0,10.67,7.5,0.45,7.38
2013-06-04,6.45,6.33,6.53,6.17,124160,78688575.0,5.58,-1.86,-0.12,3.96
2013-06-05,6.32,6.6,6.78,6.23,168177,109510198.0,8.69,4.27,0.27,5.37
2013-06-06,6.59,6.59,6.79,6.46,150669,99688059.0,5.0,-0.15,-0.01,4.81
2013-06-07,6.51,5.93,6.69,5.93,184784,114127138.0,11.53,-10.02,-0.66,5.9
2013-06-13,5.75,5.82,5.94,5.41,123398,69460151.0,8.94,-1.85,-0.11,3.94
2013-06-14,5.75,5.89,6.0,5.67,85505,50208317.0,5.67,1.2,0.07,2.73
2013-06-17,5.9,5.96,6.11,5.77,95597,56943318.0,5.77,1.19,0.07,3.05
2013-06-18,5.92,5.88,5.95,5.62,70861,41190450.0,5.54,-1.34,-0.08,2.26
2013-06-19,5.78,6.06,6.13,5.72,83414,49458291.0,6.97,3.06,0.18,2.66
2013-06-20,6.01,5.85,6.14,5.84,66988,40063500.0,4.95,-3.47,-0.21,2.14
2013-06-21,5.69,5.97,6.07,5.61,71585,42340088.0,7.86,2.05,0.12,2.29
2013-06-24,6.01,5.65,6.05,5.4,97432,56671801.0,10.89,-5.36,-0.32,3.11
2013-06-25,5.6,5.66,5.77,5.09,100875,55188279.0,12.04,0.18,0.01,3.22
2013-06-26,5.67,5.65,5.73,5.45,84009,47177741.0,4.95,-0.18,-0.01,2.68
2013-06-27,5.63,5.68,5.83,5.61,82350,47114067.0,3.89,0.53,0.03,2.63
2013-06-28,5.69,6.08,6.09,5.61,145298,85717360.0,8.45,7.04,0.4,4.64
2013-07-01,6.15,6.31,6.43,6.1,169574,106174424.0,5.43,3.78,0.23,5.41
2013-07-02,6.32,6.36,6.37,6.18,118176,74399942.0,3.01,0.79,0.05,3.77
2013-07-03,6.49,6.34,6.49,6.14,120438,75987515.0,5.5,-0.31,-0.02,3.85
2013-07-04,6.2,6.19,6.33,6.17,88632,55345056.0,2.52,-2.37,-0.15,2.83
2013-07-05,6.19,6.14,6.24,6.1,71946,44191748.0,2.26,-0.81,-0.05,2.3
2013-07-08,6.55,6.75,6.75,6.38,355874,238108807.0,6.03,9.93,0.61,11.36
2013-07-09,6.6,6.77,6.78,6.52,242581,161561481.0,3.85,0.3,0.02,7.75
2013-07-10,6.77,6.67,6.8,6.51,192320,127824822.0,4.28,-1.48,-0.1,6.14
2013-07-11,6.6,6.66,6.77,6.56,188785,125855713.0,3.15,-0.15,-0.01,6.03
2013-07-12,6.73,6.67,6.98,6.56,212408,143865801.0,6.31,0.15,0.01,6.78
2013-07-15,6.67,6.74,6.74,6.51,131182,87151833.0,3.45,1.05,0.07,4.19
2013-07-16,6.74,7.01,7.18,6.67,204470,142353563.0,7.57,4.01,0.27,6.53
2013-07-17,7.05,6.86,7.05,6.82,110417,76101485.0,3.28,-2.14,-0.15,3.53
2013-07-18,6.74,6.62,6.83,6.61,102095,68477073.0,3.21,-3.5,-0.24,3.26
2013-07-19,6.62,6.41,6.77,6.33,114606,74950870.0,6.65,-3.17,-0.21,3.66
2013-07-22,6.33,6.65,6.67,6.24,69438,44803931.0,6.71,3.74,0.24,2.22
2013-07-23,6.57,6.74,6.76,6.57,79099,52808149.0,2.86,1.35,0.09,2.53
2013-07-24,6.98,7.07,7.25,6.84,214750,151236405.0,6.08,4.9,0.33,6.86
2013-07-25,7.0,6.76,7.06,6.71,114616,78866426.0,4.95,-4.38,-0.31,3.66
2013-07-26,6.79,6.58,6.81,6.45,75683,50084656.0,5.33,-2.66,-0.18,2.42
2013-07-29,6.5,6.64,6.66,6.38,52697,34558032.0,4.26,0.91,0.06,1.68
2013-07-30,6.61,6.39,6.68,6.3,57091,37188800.0,5.72,-3.77,-0.25,1.82
2013-07-31,6.35,6.25,6.49,6.21,66638,42426685.0,4.38,-2.19,-0.14,2.13
2013-08-01,6.29,6.49,6.49,6.25,54914,35194689.0,3.84,3.84,0.24,1.75
2013-08-02,6.63,6.51,6.69,6.48,58180,38159299.0,3.24,0.31,0.02,1.86
2013-08-05,6.47,6.58,6.6,6.47,42697,28000991.0,2.0,1.08,0.07,1.36
2013-08-06,6.57,6.74,6.77,6.55,67975,45563912.0,3.34,2.43,0.16,2.17
2013-08-07,6.74,6.64,6.74,6.56,56307,37414021.0,2.67,-1.48,-0.1,1.8
2013-08-08,6.64,6.54,6.65,6.5,49946,32757615.0,2.26,-1.51,-0.1,1.59
2013-08-09,6.65,6.5,6.65,6.41,45476,29644723.0,3.67,-0.61,-0.04,1.45
2013-08-12,6.5,6.78,6.79,6.47,85751,57506869.0,4.92,4.31,0.28,2.74
2013-08-13,6.79,6.73,6.8,6.65,50982,34134616.0,2.21,-0.74,-0.05,1.63
2013-08-14,6.7,6.75,6.93,6.7,75762,51447023.0,3.42,0.3,0.02,2.42
2013-08-15,6.81,6.46,6.91,6.46,81871,54538197.0,6.67,-4.3,-0.29,2.61
2013-08-16,6.38,6.38,6.6,6.36,47868,30911525.0,3.72,-1.24,-0.08,1.53
2013-08-19,6.38,6.58,6.58,6.36,42064,27278891.0,3.45,3.13,0.2,1.34
2013-08-20,6.57,6.81,6.82,6.53,96042,64550295.0,4.41,3.5,0.23,3.07
2013-08-21,6.78,6.74,6.81,6.61,75966,50932062.0,2.94,-1.03,-0.07,2.43
2013-08-22,6.78,6.64,6.78,6.64,56845,38071462.0,2.08,-1.48,-0.1,1.81
2013-08-23,6.65,6.59,6.75,6.43,60971,40243984.0,4.82,-0.75,-0.05,1.95
2013-08-26,6.6,6.7,6.72,6.55,52091,34649510.0,2.58,1.67,0.11,1.66
2013-08-27,6.66,6.55,6.7,6.5,72849,47909131.0,2.99,-2.24,-0.15,2.33
2013-08-28,6.54,6.27,6.54,6.25,99288,63119655.0,4.43,-4.27,-0.28,3.17
2013-08-29,6.27,6.21,6.33,6.15,52511,32620357.0,2.87,-0.96,-0.06,1.68
2013-08-30,6.25,6.04,6.25,6.04,55042,33833702.0,3.38,-2.74,-0.17,1.76
2013-09-02,6.05,6.14,6.16,5.94,46679,28266885.0,3.64,1.66,0.1,1.49
2013-09-03,6.14,6.21,6.22,6.06,31436,19405136.0,2.61,1.14,0.07,1.0
2013-09-04,6.25,6.1,6.26,6.08,50589,31013764.0,2.9,-1.77,-0.11,1.62
2013-09-05,6.09,6.12,6.16,6.0,39873,24250324.0,2.62,0.33,0.02,1.27
2013-09-06,6.09,6.17,6.2,6.05,34698,21275112.0,2.45,0.82,0.05,1.11
2013-09-09,6.17,6.19,6.23,6.13,50036,31007271.0,1.62,0.32,0.02,1.6
2013-09-10,6.21,6.2,6.25,6.16,43745,27123998.0,1.45,0.16,0.01,1.4
2013-09-11,6.21,6.07,6.22,6.02,51492,31330873.0,3.23,-2.1,-0.13,1.64
2013-09-12,6.08,6.11,6.15,6.02,33933,20665985.0,2.14,0.66,0.04,1.08
2013-09-13,6.12,6.12,6.15,6.05,44791,27292895.0,1.64,0.16,0.01,1.43
2013-09-16,6.14,6.2,6.25,6.11,47293,29349480.0,2.29,1.31,0.08,1.51
2013-09-17,6.2,6.05,6.23,6.03,39307,23914521.0,3.23,-2.42,-0.15,1.26
2013-09-18,6.05,6.1,6.13,6.0,22960,13949831.0,2.15,0.83,0.05,0.73
2013-09-23,6.1,6.13,6.13,5.98,50629,30580586.0,2.46,0.49,0.03,1.62
2013-09-24,6.13,6.17,6.17,6.07,53070,32600243.0,1.63,0.65,0.04,1.69
2013-09-25,6.17,6.12,6.2,6.11,36545,22440582.0,1.46,-0.81,-0.05,1.17
2013-09-26,6.07,6.0,6.11,5.96,46505,27953795.0,2.45,-1.96,-0.12,1.48
2013-09-27,5.97,5.98,6.03,5.95,28751,17200582.0,1.33,-0.33,-0.02,0.92
2013-09-30,5.98,6.29,6.3,5.98,98973,61371369.0,5.35,5.18,0.31,3.16
2013-10-08,6.46,6.61,6.86,6.46,187062,123811518.0,6.36,5.09,0.32,5.97
2013-10-09,6.5,6.6,6.65,6.45,95310,62378750.0,3.03,-0.15,-0.01,3.04
2013-10-10,6.55,6.69,6.78,6.51,127300,85054716.0,4.09,1.36,0.09,4.06
2013-10-11,6.72,6.82,6.99,6.71,148144,101953375.0,4.19,1.94,0.13,4.73
2013-10-14,6.82,6.94,6.94,6.69,112339,76386626.0,3.67,1.76,0.12,3.59
2013-10-15,7.0,6.8,7.05,6.76,99537,68471979.0,4.18,-2.02,-0.14,3.18
2013-10-16,6.79,6.93,7.16,6.5,138527,94638911.0,9.71,1.91,0.13,4.42
2013-10-17,6.9,6.85,7.15,6.82,114716,80524155.0,4.76,-1.15,-0.08,3.66
2013-10-18,6.8,6.77,6.9,6.69,56624,38496351.0,3.07,-1.17,-0.08,1.81
2013-10-21,6.8,7.45,7.45,6.8,181128,132114263.0,9.6,10.04,0.68,5.78
2013-10-22,7.69,7.74,8.2,7.61,430509,341839312.0,7.92,3.89,0.29,13.75
2013-10-23,7.74,8.51,8.51,7.56,433753,355443520.0,12.27,9.95,0.77,13.85
2013-10-24,8.55,8.62,8.87,8.2,373411,318453200.0,7.87,1.29,0.11,11.92
2013-10-25,8.49,8.74,8.94,8.33,332359,287208384.0,7.08,1.39,0.12,10.61
2013-10-28,8.5,8.38,8.65,8.08,300598,252565873.0,6.52,-4.12,-0.36,9.6
2013-10-29,8.3,8.33,8.38,7.81,309838,251536856.0,6.8,-0.6,-0.05,9.89
2013-10-30,8.15,8.41,8.65,8.0,295272,246727627.0,7.8,0.96,0.08,9.43
2013-10-31,8.27,7.57,8.3,7.57,272446,214784238.0,8.68,-9.99,-0.84,8.7
2013-11-01,7.51,7.63,7.86,7.5,183109,140648816.0,4.76,0.79,0.06,5.85
2013-11-04,7.61,7.82,7.93,7.61,142425,110945306.0,4.19,2.49,0.19,4.55
2013-11-05,7.77,8.31,8.4,7.65,175560,140760038.0,9.59,6.27,0.49,5.61
2013-11-06,8.26,8.59,9.1,8.2,319550,276512704.0,10.83,3.37,0.28,10.2
2013-11-07,8.56,8.74,8.86,8.4,217449,188950258.0,5.36,1.75,0.15,6.94
2013-11-08,8.62,8.56,8.93,8.48,194317,168983358.0,5.15,-2.06,-0.18,6.2
2013-11-11,8.4,8.38,8.56,8.22,101429,85328130.0,3.97,-2.1,-0.18,3.24
2013-11-12,8.47,8.48,8.73,8.25,123824,105111599.0,5.73,1.19,0.1,3.95
2013-11-13,8.4,8.19,8.41,8.03,122533,100631124.0,4.48,-3.42,-0.29,3.91
2013-11-14,8.16,7.98,8.19,7.71,122838,97274008.0,5.86,-2.56,-0.21,3.92
2013-11-15,7.96,8.04,8.3,7.87,132039,107232736.0,5.39,0.75,0.06,4.22
2013-11-18,8.07,8.72,8.8,7.91,201152,168830501.0,11.07,8.46,0.68,6.42
2013-11-19,8.65,8.71,8.8,8.54,131706,114077211.0,2.98,-0.11,-0.01,4.21
2013-11-20,8.66,8.76,8.78,8.46,124937,107778161.0,3.67,0.57,0.05,3.99
2013-11-21,8.68,8.75,8.76,8.44,164487,141390718.0,3.65,-0.11,-0.01,5.25
2013-11-22,8.75,9.3,9.57,8.55,316787,291291280.0,11.66,6.29,0.55,10.11
2013-11-25,9.18,9.1,9.29,8.93,159165,144882776.0,3.87,-2.15,-0.2,5.08
2013-11-26,9.0,8.98,9.5,8.96,182895,168359804.0,5.93,-1.32,-0.12,5.84
2013-11-27,8.9,9.12,9.28,8.71,148282,132616147.0,6.35,1.56,0.14,4.73
2013-11-28,9.08,9.12,9.36,9.03,114756,105409310.0,3.62,0.0,0.0,3.66
2013-11-29,9.13,9.0,9.24,8.97,133662,121482170.0,2.96,-1.32,-0.12,4.27
2013-12-04,8.9,9.44,9.79,8.72,211969,199227361.0,11.89,4.89,0.44,6.77
2013-12-05,9.35,9.55,9.98,9.33,201740,195222882.0,6.89,1.17,0.11,6.44
2013-12-06,9.55,9.47,9.87,9.31,136028,129789883.0,5.86,-0.84,-0.08,4.34
2013-12-09,9.65,9.87,9.96,9.52,173199,169344113.0,4.65,4.22,0.4,5.53
2013-12-10,9.85,9.48,9.85,9.42,150647,145174732.0,4.36,-3.95,-0.39,4.81
2013-12-11,9.4,9.22,9.41,9.05,107673,99221106.0,3.8,-2.74,-0.26,3.44
2013-12-12,9.2,9.18,9.37,9.14,69586,64240790.0,2.49,-0.43,-0.04,2.22
2013-12-13,9.2,9.29,9.38,9.11,63816,59284056.0,2.94,1.2,0.11,2.04
2013-12-16,9.29,8.62,9.31,8.59,132229,117196810.0,7.75,-7.21,-0.67,4.22
2013-12-17,8.6,8.69,8.79,8.25,97345,82328453.0,6.26,0.81,0.07,3.11
2013-12-18,8.63,8.43,8.74,8.41,50717,43559676.0,3.8,-2.99,-0.26,1.62
2013-12-19,8.51,8.28,8.63,8.22,55930,47237498.0,4.86,-1.78,-0.15,1.79
2013-12-20,8.15,8.23,8.43,8.11,47040,38894692.0,3.86,-0.6,-0.05,1.5
2013-12-23,8.2,8.34,8.35,8.1,46562,38439708.0,3.04,1.34,0.11,1.49
2013-12-24,8.35,8.35,8.58,8.25,51148,43018168.0,3.96,0.12,0.01,1.63
2013-12-25,8.35,8.47,8.48,8.3,39263,32952030.0,2.16,1.44,0.12,1.25
2013-12-26,8.47,8.08,8.49,8.08,64885,53513908.0,4.84,-4.6,-0.39,2.07
2013-12-27,8.01,8.14,8.21,7.92,67065,54265704.0,3.59,0.74,0.06,2.14
2013-12-30,8.16,8.19,8.26,8.08,44410,36306667.0,2.21,0.61,0.05,1.42
2013-12-31,8.15,8.16,8.16,7.68,73447,58697331.0,5.86,-0.37,-0.03,2.35
2014-01-02,8.12,8.28,8.32,8.04,43088,35420666.0,3.43,1.47,0.12,1.38
2014-01-03,8.27,8.44,8.46,8.26,76262,63994273.0,2.42,1.93,0.16,2.43
2014-01-06,8.45,8.29,8.6,8.27,70148,59204490.0,3.91,-1.78,-0.15,2.24
2014-01-07,8.25,8.12,8.25,8.01,40439,32866198.0,2.9,-2.05,-0.17,1.29
2014-01-08,8.16,8.08,8.31,8.01,46892,38130487.0,3.69,-0.49,-0.04,1.5
2014-01-09,8.02,7.87,8.15,7.8,56116,44606202.0,4.33,-2.6,-0.21,1.79
2014-01-10,7.75,7.49,7.85,7.48,57901,44132365.0,4.7,-4.83,-0.38,1.85
2014-01-13,7.42,7.69,7.69,7.42,32899,24780931.0,3.6,2.67,0.2,1.05
2014-01-14,7.63,7.87,7.9,7.59,45255,35043277.0,4.03,2.34,0.18,1.44
2014-01-15,7.88,7.92,8.0,7.77,44963,35410293.0,2.92,0.64,0.05,1.44
2014-01-16,7.93,7.86,7.95,7.83,33602,26496537.0,1.52,-0.76,-0.06,1.07
2014-01-17,7.86,7.84,7.91,7.7,32242,25202360.0,2.67,-0.25,-0.02,1.03
2014-01-20,7.86,8.0,8.12,7.83,40288,32184336.0,3.7,2.04,0.16,1.29
2014-01-21,8.0,8.04,8.1,7.9,31838,25569798.0,2.5,0.5,0.04,1.02
2014-01-22,8.03,8.29,8.36,8.0,48611,39971144.0,4.48,3.11,0.25,1.55
2014-01-23,8.3,8.2,8.33,8.14,50524,41479018.0,2.29,-1.09,-0.09,1.61
2014-01-24,8.17,8.2,8.3,8.15,43854,36104387.0,1.83,0.0,0.0,1.4
2014-01-27,8.15,8.09,8.25,8.0,34044,27657093.0,3.05,-1.34,-0.11,1.09
2014-01-28,8.09,8.26,8.26,8.08,28479,23261484.0,2.22,2.1,0.17,0.91
2014-01-29,8.24,8.25,8.4,8.21,41222,34243980.0,2.3,-0.12,-0.01,1.32
2014-01-30,8.19,8.25,8.33,8.15,31869,26202345.0,2.18,0.0,0.0,1.02
2014-02-07,8.18,8.44,8.44,8.08,49640,41352981.0,4.36,2.3,0.19,1.58
2014-02-10,8.48,9.02,9.11,8.48,122144,109117429.0,7.46,6.87,0.58,3.9
2014-02-11,9.17,8.96,9.28,8.9,84019,76208608.0,4.21,-0.67,-0.06,2.68
2014-02-12,9.05,9.05,9.27,9.01,61895,56216996.0,2.9,1.0,0.09,1.98
2014-02-13,9.15,9.06,9.57,9.05,119320,111246736.0,5.75,0.11,0.01,3.81
2014-02-14,9.05,9.3,9.47,8.93,92743,85823520.0,5.96,2.65,0.24,2.96
2014-02-17,9.3,9.3,9.44,9.15,77576,71836993.0,3.12,0.0,0.0,2.48
2014-02-18,9.3,9.18,9.39,9.12,71267,65816310.0,2.9,-1.29,-0.12,2.28
2014-02-19,9.18,9.45,9.45,9.15,107418,100528534.0,3.27,2.94,0.27,3.43
2014-02-20,9.44,9.2,9.47,9.18,73608,68228867.0,3.07,-2.65,-0.25,2.35
2014-02-21,9.15,8.9,9.28,8.88,63383,57137891.0,4.35,-3.26,-0.3,2.02
2014-02-24,8.98,9.0,9.18,8.88,51102,46060375.0,3.37,1.12,0.1,1.63
2014-02-25,8.98,8.38,9.07,8.28,83540,73099930.0,8.78,-6.89,-0.62,2.67
2014-02-26,8.36,8.41,8.5,8.09,48295,40029467.0,4.89,0.36,0.03,1.54
2014-02-27,8.46,8.72,8.74,8.35,71324,61005583.0,4.64,3.69,0.31,2.28
2014-02-28,8.7,9.01,9.05,8.42,78167,69321053.0,7.22,3.33,0.29,2.5
2014-03-03,9.01,9.22,9.35,9.01,70471,64611491.0,3.77,2.33,0.21,2.25
2014-03-04,9.13,9.12,9.17,8.96,47255,42839756.0,2.28,-1.08,-0.1,1.51
2014-03-05,9.13,9.03,9.25,8.98,40313,36738090.0,2.96,-0.99,-0.09,1.29
2014-03-06,9.03,8.92,9.03,8.75,36132,32059732.0,3.1,-1.22,-0.11,1.15
2014-03-07,8.9,8.94,9.16,8.87,28095,25376603.0,3.25,0.22,0.02,0.9
2014-03-10,8.9,8.39,8.9,8.39,41872,36249637.0,5.7,-6.15,-0.55,1.34
2014-03-11,8.39,8.52,8.61,8.29,25623,21763263.0,3.81,1.55,0.13,0.82
2014-03-12,8.5,8.38,8.59,8.18,30176,25307520.0,4.81,-1.64,-0.14,0.96
2014-03-13,8.38,8.39,8.5,8.32,23508,19755598.0,2.15,0.12,0.01,0.75
2014-03-14,8.4,8.51,8.54,8.3,22293,18813810.0,2.86,1.43,0.12,0.71
2014-03-17,8.45,8.72,8.73,8.41,29087,25095290.0,3.76,2.47,0.21,0.93
2014-03-18,8.74,8.64,8.8,8.6,30079,26133375.0,2.29,-0.92,-0.08,0.96
2014-03-19,8.62,8.95,9.08,8.49,65381,57843943.0,6.83,3.59,0.31,2.09
2014-03-20,8.85,8.95,9.26,8.85,74754,67997973.0,4.58,0.0,0.0,2.39
2014-03-21,8.98,9.09,9.15,8.82,68043,61311373.0,3.69,1.56,0.14,2.17
2014-03-24,9.09,9.06,9.29,8.95,47862,43626814.0,3.74,-0.33,-0.03,1.53
2014-03-25,9.05,8.99,9.19,8.87,39030,34984340.0,3.53,-0.77,-0.07,1.25
2014-03-26,8.92,9.08,9.08,8.88,29737,26731296.0,2.22,1.0,0.09,0.95
2014-03-27,9.1,8.69,9.12,8.68,45411,40172614.0,4.85,-4.3,-0.39,1.45
2014-03-28,8.69,8.41,8.72,8.39,40291,34293758.0,3.8,-3.22,-0.28,1.29
2014-03-31,8.42,8.6,8.63,8.3,28768,24516172.0,3.92,2.26,0.19,0.92
2014-04-01,8.61,8.63,8.67,8.53,16770,14454780.0,1.63,0.35,0.03,0.54
2014-04-02,8.68,8.58,8.69,8.46,19010,16259069.0,2.67,-0.58,-0.05,0.61
2014-04-03,8.53,8.25,8.58,8.21,44758,37460102.0,4.31,-3.85,-0.33,1.43
2014-04-04,8.23,8.44,8.44,8.1,27578,22756244.0,4.12,2.3,0.19,0.88
2014-04-08,8.42,8.42,8.52,8.25,27303,22956365.0,3.2,-0.24,-0.02,0.87
2014-04-09,8.42,8.53,8.55,8.4,28084,23739355.0,1.78,1.31,0.11,0.9
2014-04-10,8.83,8.93,9.08,8.78,80477,71815617.0,3.52,4.69,0.4,2.57
2014-04-11,8.86,8.98,9.04,8.82,54141,48510473.0,2.46,0.56,0.05,1.73
2014-04-14,8.98,9.06,9.22,8.9,71781,65316690.0,3.56,0.89,0.08,2.29
2014-04-15,9.07,8.91,9.1,8.83,41643,37238705.0,2.98,-1.66,-0.15,1.33
2014-04-16,8.87,8.97,8.97,8.78,25034,22194832.0,2.13,0.67,0.06,0.8
2014-04-17,9.03,8.87,9.05,8.85,23419,20895126.0,2.23,-1.11,-0.1,0.75
2014-04-18,8.83,8.93,8.94,8.82,19830,17616400.0,1.35,0.68,0.06,0.63
2014-04-21,8.68,8.64,8.93,8.56,34803,30463006.0,4.14,-3.25,-0.29,1.11
2014-04-22,8.62,8.5,8.68,8.43,28820,24587136.0,2.89,-1.62,-0.14,0.92
2014-04-23,8.49,8.6,8.65,8.49,16466,14105228.0,1.88,1.18,0.1,0.53
2014-04-24,8.6,8.5,8.61,8.47,16107,13749882.0,1.63,-1.16,-0.1,0.51
2014-04-25,8.5,8.36,8.58,8.33,20721,17477856.0,2.94,-1.65,-0.14,0.66
2014-04-28,8.38,7.91,8.44,7.88,31114,25030632.0,6.7,-5.38,-0.45,0.99
2014-04-29,7.91,7.94,8.09,7.8,30031,23782783.0,3.67,0.38,0.03,0.96
2014-04-30,7.97,8.08,8.13,7.85,19257,15368410.0,3.53,1.76,0.14,0.61
2014-05-05,8.08,8.08,8.12,7.93,15994,12834388.0,2.35,0.0,0.0,0.51
2014-05-06,8.09,8.19,8.28,8.04,17027,13968813.0,2.97,1.36,0.11,0.54
2014-05-07,8.12,8.01,8.15,7.96,12029,9689066.0,2.32,-2.2,-0.18,0.38
2014-05-08,8.01,7.94,8.12,7.9,15433,12348436.0,2.75,-0.87,-0.07,0.49
2014-05-09,7.98,7.74,7.98,7.56,23222,17979423.0,5.29,-2.52,-0.2,0.74
2014-05-12,7.92,8.01,8.02,7.6,20464,16116209.0,5.43,3.49,0.27,0.65
2014-05-13,8.01,7.96,8.07,7.91,14254,11378934.0,2.0,-0.62,-0.05,0.46
2014-05-14,7.96,7.91,8.02,7.88,11024,8744935.0,1.76,-0.63,-0.05,0.35
2014-05-15,7.91,7.8,7.96,7.77,11932,9394005.0,2.4,-1.39,-0.11,0.38
2014-05-16,7.85,7.76,7.91,7.72,12682,9897534.0,2.44,-0.51,-0.04,0.4
2014-05-19,7.76,7.87,7.88,7.7,8623,6696914.0,2.32,1.42,0.11,0.28
2014-05-20,7.98,7.86,7.99,7.74,10287,8102475.0,3.18,-0.13,-0.01,0.33
2014-05-21,7.83,7.87,7.87,7.73,11497,8960082.0,1.78,0.13,0.01,0.37
2014-05-22,7.88,7.82,7.96,7.82,17149,13533149.0,1.78,-0.64,-0.05,0.55
2014-05-23,7.88,7.87,7.88,7.77,11009,8627442.0,1.41,0.64,0.05,0.35
2014-05-26,7.9,8.08,8.08,7.89,29401,23611436.0,2.41,2.67,0.21,0.94
2014-05-27,8.08,8.06,8.13,8.02,16259,13111462.0,1.36,-0.25,-0.02,0.52
2014-05-28,8.08,8.27,8.32,8.07,35896,29583370.0,3.1,2.61,0.21,1.15
2014-05-29,8.31,8.13,8.32,8.07,21040,17254268.0,3.02,-1.69,-0.14,0.67
2014-05-30,8.08,8.16,8.22,8.03,14655,11906201.0,2.34,0.37,0.03,0.47
2014-06-03,8.17,8.17,8.2,8.05,11968,9725475.0,1.84,0.12,0.01,0.38
2014-06-04,8.13,8.29,8.58,8.03,42695,35452615.0,6.73,1.47,0.12,1.36
2014-06-05,8.25,8.21,8.25,8.0,25286,20623298.0,3.02,-0.97,-0.08,0.81
2014-06-06,8.21,8.19,8.27,8.11,12484,10205018.0,1.95,-0.24,-0.02,0.4
2014-06-09,8.12,8.08,8.21,8.06,12766,10366669.0,1.83,-1.34,-0.11,0.41
2014-06-10,8.16,8.12,8.16,8.01,12820,10372969.0,1.86,0.5,0.04,0.41
2014-06-11,8.12,8.1,8.17,8.05,17948,14556659.0,1.48,-0.25,-0.02,0.57
2014-06-12,8.08,8.06,8.15,8.02,19210,15540052.0,1.6,-0.49,-0.04,0.61
2014-06-13,8.05,8.31,8.5,8.05,52951,44088195.0,5.58,3.1,0.25,1.69
2014-06-16,8.27,8.28,8.4,8.25,20715,17177324.0,1.81,-0.36,-0.03,0.66
2014-06-17,8.28,8.26,8.35,8.18,21776,17953910.0,2.05,-0.24,-0.02,0.7
2014-06-18,8.19,8.2,8.32,8.15,16670,13666810.0,2.06,-0.73,-0.06,0.53
2014-06-19,8.19,7.92,8.25,7.92,21553,17421519.0,4.02,-3.41,-0.28,0.69
2014-06-20,7.92,8.09,8.22,7.91,13141,10596332.0,3.91,2.15,0.17,0.42
2014-06-23,8.1,8.12,8.2,8.08,12579,10237270.0,1.48,0.37,0.03,0.4
2014-06-24,8.1,8.15,8.17,8.08,11164,9076042.0,1.11,0.37,0.03,0.36
2014-06-25,8.14,8.11,8.16,8.04,9507,7703138.0,1.47,-0.49,-0.04,0.3
2014-06-26,8.09,8.18,8.26,8.09,19892,16299496.0,2.1,0.86,0.07,0.64
2014-06-27,8.18,8.28,8.3,8.15,30580,25219256.0,1.83,1.22,0.1,0.98
2014-06-30,8.31,8.27,8.31,8.22,19470,16087994.0,1.09,-0.12,-0.01,0.62
2014-07-01,8.25,8.35,8.35,8.21,25170,20855328.0,1.69,0.97,0.08,0.8
2014-07-02,8.35,8.3,8.39,8.26,24322,20231417.0,1.56,-0.6,-0.05,0.78
2014-07-03,8.3,8.29,8.34,8.24,23252,19267765.0,1.2,-0.12,-0.01,0.74
2014-07-04,8.29,8.37,8.38,8.27,33561,27958149.0,1.33,0.97,0.08,1.07
2014-07-07,8.8,8.5,8.8,8.46,83689,71634312.0,4.06,1.55,0.13,2.67
2014-07-08,8.5,9.01,9.1,8.41,121816,107653428.0,8.12,6.0,0.51,3.89
2014-07-09,8.95,8.71,9.0,8.67,65367,57932696.0,3.66,-3.33,-0.3,2.09
2014-07-10,8.72,8.78,8.97,8.69,43050,37831293.0,3.21,0.8,0.07,1.37
2014-07-11,8.78,8.87,8.95,8.74,42929,37975379.0,2.39,1.03,0.09,1.37
2014-07-14,8.93,8.81,8.95,8.62,43235,37968691.0,3.72,-0.68,-0.06,1.38
2014-07-15,8.81,8.67,8.84,8.65,31234,27187546.0,2.16,-1.59,-0.14,1.0
2014-07-16,8.68,8.55,8.87,8.48,49652,43243600.0,4.5,-1.38,-0.12,1.59
2014-07-17,8.55,8.63,8.68,8.49,27542,23648075.0,2.22,0.94,0.08,0.88
2014-07-18,8.7,8.85,9.02,8.68,69083,61207684.0,3.94,2.55,0.22,2.21
2014-07-21,8.83,8.86,9.02,8.7,47019,41925485.0,3.62,0.11,0.01,1.5
2014-07-22,8.91,9.02,9.2,8.89,67879,61557214.0,3.5,1.81,0.16,2.17
2014-07-23,9.02,8.71,9.05,8.7,49459,43587302.0,3.88,-3.44,-0.31,1.58
2014-07-24,8.66,8.78,8.81,8.47,45194,38915568.0,3.9,0.8,0.07,1.44
2014-07-25,8.79,8.77,8.81,8.59,27994,24430569.0,2.51,-0.11,-0.01,0.89
2014-07-28,8.78,8.82,8.95,8.67,44182,38821046.0,3.19,0.57,0.05,1.41
2014-07-29,8.82,8.97,8.98,8.75,53225,47407929.0,2.61,1.7,0.15,1.7
2014-07-30,8.97,8.91,8.97,8.85,36696,32672928.0,1.34,-0.67,-0.06,1.17
2014-07-31,8.93,8.94,8.95,8.78,39860,35398359.0,1.91,0.34,0.03,1.27
2014-08-01,8.95,8.7,8.96,8.7,49547,43739681.0,2.91,-2.68,-0.24,1.58
2014-08-04,8.68,8.76,8.77,8.6,43941,38210234.0,1.95,0.69,0.06,1.4
2014-08-05,8.77,8.8,8.83,8.68,36869,32294167.0,1.71,0.46,0.04,1.18
2014-08-06,8.75,8.8,8.85,8.7,37543,32900754.0,1.7,0.0,0.0,1.2
2014-08-07,8.83,8.75,8.91,8.74,37060,32696621.0,1.93,-0.57,-0.05,1.18
2014-08-08,8.75,8.99,9.06,8.73,77630,69531096.0,3.77,2.74,0.24,2.48
2014-08-11,9.04,9.1,9.15,8.97,69525,63065891.0,2.0,1.22,0.11,2.22
2014-08-12,9.11,9.08,9.14,9.01,47899,43430246.0,1.43,-0.22,-0.02,1.53
2014-08-13,9.07,9.05,9.09,8.89,47608,42767254.0,2.2,-0.33,-0.03,1.52
2014-08-14,9.04,9.14,9.46,9.01,119900,111178606.0,4.97,0.99,0.09,3.83
2014-08-15,9.22,9.18,9.23,9.07,57019,52227526.0,1.75,0.44,0.04,1.82
2014-08-18,9.19,9.24,9.36,9.16,57801,53404969.0,2.18,0.65,0.06,1.85
2014-08-19,9.28,9.12,9.29,9.07,78249,71501354.0,2.38,-1.3,-0.12,2.5
2014-08-20,9.1,9.03,9.15,8.97,89010,80334766.0,1.97,-0.99,-0.09,2.84
2014-08-21,9.03,8.91,9.09,8.85,68716,61558400.0,2.66,-1.33,-0.12,2.19
2014-08-22,8.91,9.05,9.05,8.91,51649,46288375.0,1.57,1.57,0.14,1.65
2014-08-25,9.25,9.13,9.3,9.1,90941,83543384.0,2.21,0.88,0.08,2.9
2014-08-26,9.15,8.81,9.19,8.78,64260,57660816.0,4.49,-3.5,-0.32,2.05
2014-08-27,8.78,8.81,8.9,8.7,30166,26639188.0,2.27,0.0,0.0,0.96
2014-08-28,8.7,8.84,8.92,8.7,26267,23253629.0,2.5,0.34,0.03,0.84
2014-08-29,8.84,8.87,8.9,8.75,24960,22072924.0,1.7,0.34,0.03,0.8
2014-09-01,8.96,9.1,9.12,8.91,43771,39687643.0,2.37,2.59,0.23,1.4
2014-09-02,9.1,9.15,9.19,9.05,55958,51022874.0,1.54,0.55,0.05,1.79
2014-09-03,9.3,10.07,10.07,9.28,150556,148848506.0,8.63,10.05,0.92,4.81
2014-09-04,10.47,10.76,10.99,10.25,360569,382272032.0,7.35,6.85,0.69,11.51
2014-09-05,10.7,10.65,10.99,10.52,239821,257218452.0,4.37,-1.02,-0.11,7.66
2014-09-09,10.66,10.79,10.99,10.4,170016,181928219.0,5.54,1.31,0.14,5.43
2014-09-10,10.72,10.76,10.88,10.58,113205,121688597.0,2.78,-0.28,-0.03,3.61
2014-09-11,10.76,10.78,11.3,10.66,146252,160019180.0,5.95,0.19,0.02,4.67
2014-09-12,10.74,10.9,10.95,10.55,89508,96366089.0,3.71,1.11,0.12,2.86
2014-09-15,11.28,11.75,11.99,10.83,242838,277786416.0,10.64,7.8,0.85,7.75
2014-09-16,11.99,11.52,12.36,11.5,223031,265611142.0,7.32,-1.96,-0.23,7.12
2014-09-17,11.79,11.71,12.02,11.28,135507,158268208.0,6.42,1.65,0.19,4.33
2014-09-18,11.56,11.69,11.85,11.55,80725,94442511.0,2.56,-0.17,-0.02,2.58
2014-09-19,11.65,11.89,12.28,11.64,118632,141423048.0,5.47,1.71,0.2,3.79
2014-09-22,11.75,11.6,12.17,11.48,131784,154479128.0,5.8,-2.44,-0.29,4.21
2014-09-23,11.66,11.48,11.69,11.13,142623,162505133.0,4.83,-1.03,-0.12,4.55
2014-09-24,11.45,11.64,11.83,11.44,119262,139060492.0,3.4,1.39,0.16,3.81
2014-09-25,11.76,12.42,12.8,11.75,189242,234147045.0,9.02,6.7,0.78,6.04
2014-09-26,12.42,12.75,12.95,12.3,156970,199794909.0,5.23,2.66,0.33,5.01
2014-09-29,12.77,13.55,13.68,12.7,158518,212483754.0,7.69,6.27,0.8,5.06
2014-09-30,13.56,13.49,14.1,13.25,121481,166822252.0,6.27,-0.44,-0.06,3.88
2014-10-08,13.53,13.42,13.9,13.15,101512,135863948.0,5.56,-0.52,-0.07,3.24
2014-10-09,13.85,13.93,14.29,13.53,131248,182323624.0,5.66,3.8,0.51,4.19
2014-10-10,13.8,13.32,13.8,13.19,101663,136973313.0,4.38,-4.38,-0.61,3.25
2014-10-13,13.27,12.98,13.27,12.45,114448,146263945.0,6.16,-2.55,-0.34,3.65
2014-10-14,13.0,13.27,13.37,12.95,90191,119210565.0,3.24,2.23,0.29,2.88
2014-10-15,13.31,13.17,13.35,12.8,59349,77186814.0,4.14,-0.75,-0.1,1.89
2014-10-16,13.0,12.93,13.33,12.7,63394,82695395.0,4.78,-1.82,-0.24,2.02
2014-10-17,12.77,12.92,12.95,12.5,75546,95773706.0,3.48,-0.08,-0.01,2.41
2014-10-20,12.92,13.41,13.58,12.92,69027,91307141.0,5.11,3.79,0.49,2.2
2014-10-21,13.41,13.31,13.68,13.28,66867,90095370.0,2.98,-0.75,-0.1,2.13
2014-10-22,13.3,12.9,13.3,12.8,67956,88364243.0,3.76,-3.08,-0.41,2.17
2014-10-23,12.58,12.27,12.8,12.25,87273,108592872.0,4.26,-4.88,-0.63,2.79
2014-10-24,12.27,12.53,12.64,12.21,42263,52627539.0,3.5,2.12,0.26,1.35
2014-10-27,12.53,12.39,12.59,12.23,41024,50749194.0,2.87,-1.12,-0.14,1.31
2014-10-28,12.66,13.11,13.23,12.56,83031,107782043.0,5.41,5.81,0.72,2.65
2014-10-29,13.1,13.36,13.51,13.01,94391,125666829.0,3.81,1.91,0.25,3.01
2014-10-30,13.36,13.19,13.39,13.01,60010,79093980.0,2.84,-1.27,-0.17,1.92
2014-10-31,13.2,12.68,13.22,12.5,74662,95458378.0,5.46,-3.87,-0.51,2.38
2014-11-03,12.68,12.83,12.91,12.4,50264,63836929.0,4.02,1.18,0.15,1.6
2014-11-04,12.8,12.58,12.8,12.4,60375,75462593.0,3.12,-1.95,-0.25,1.93
2014-11-05,12.52,12.6,12.78,12.35,49120,62045766.0,3.42,0.16,0.02,1.57
2014-11-06,12.61,12.72,12.77,12.4,50791,63627345.0,2.94,0.95,0.12,1.62
2014-11-07,13.2,12.71,13.2,12.7,73973,95904438.0,3.93,-0.08,-0.01,2.36
2014-11-10,12.74,12.5,12.75,12.26,76554,95310960.0,3.86,-1.65,-0.21,2.44
2014-11-11,12.47,11.97,12.48,11.94,77273,94211681.0,4.32,-4.24,-0.53,2.47
2014-11-12,11.97,12.1,12.2,11.97,36112,43690950.0,1.92,1.09,0.13,1.15
2014-11-13,12.15,11.97,12.16,11.59,61639,72628978.0,4.71,-1.07,-0.13,1.97
2014-11-14,11.95,12.07,12.12,11.67,40679,48433853.0,3.76,0.84,0.1,1.3
2014-11-17,12.07,12.07,12.13,11.7,36426,43607012.0,3.56,0.0,0.0,1.16
2014-11-18,12.04,11.91,12.05,11.79,29867,35484365.0,2.15,-1.33,-0.16,0.95
2014-11-19,11.91,12.25,12.38,11.89,47492,57984052.0,4.11,2.85,0.34,1.52
2014-11-20,12.25,12.32,12.43,12.18,38045,46719880.0,2.04,0.57,0.07,1.21
2014-11-21,12.32,12.3,12.38,12.01,44962,54999591.0,3.0,-0.16,-0.02,1.44
2014-11-24,12.33,13.0,13.2,12.33,105317,135447690.0,7.07,5.69,0.7,3.36
2014-11-25,13.0,12.9,13.04,12.8,69676,90118442.0,1.85,-0.77,-0.1,2.22
2014-11-26,12.85,12.89,13.09,12.66,58720,75770096.0,3.33,-0.08,-0.01,1.87
2014-11-27,12.94,12.53,12.99,12.44,72965,92515549.0,4.27,-2.79,-0.36,2.33
2014-11-28,12.51,12.3,12.51,12.17,72495,89086756.0,2.71,-1.84,-0.23,2.31
2014-12-01,12.29,11.73,12.29,11.59,94081,110990669.0,5.69,-4.63,-0.57,3.0
2014-12-02,11.74,11.76,11.84,11.6,74665,87613165.0,2.05,0.26,0.03,2.38
2014-12-03,11.74,11.57,11.82,11.15,116636,133087229.0,5.7,-1.62,-0.19,3.72
2014-12-04,11.53,11.8,11.94,11.5,114047,134143513.0,3.8,1.99,0.23,3.64
2014-12-05,11.8,11.22,11.85,11.11,85494,97125487.0,6.27,-4.92,-0.58,2.73
2014-12-08,11.1,10.93,11.1,10.85,87662,96045922.0,2.23,-2.58,-0.29,2.8
2014-12-09,10.9,10.34,11.15,10.34,106620,114358187.0,7.41,-5.4,-0.59,3.4
2014-12-10,10.3,11.12,11.15,10.1,90163,97082385.0,10.15,7.54,0.78,2.88
2014-12-11,11.1,11.28,11.39,10.95,56777,63874823.0,3.96,1.44,0.16,1.81
2014-12-12,11.24,11.64,11.8,11.24,77708,89505702.0,4.96,3.19,0.36,2.48
2014-12-15,11.66,11.67,11.85,11.5,45569,53076096.0,3.01,0.26,0.03,1.45
2014-12-16,11.67,11.28,11.67,11.22,50795,57721013.0,3.86,-3.34,-0.39,1.62
2014-12-17,11.19,10.87,11.2,10.8,62249,67899014.0,3.55,-3.63,-0.41,1.99
2014-12-18,10.86,10.9,11.14,10.65,51163,56344036.0,4.51,0.28,0.03,1.63
2014-12-19,10.9,10.7,11.05,10.48,43201,46330787.0,5.23,-1.83,-0.2,1.38
2014-12-22,10.65,10.05,10.65,9.95,58958,59855602.0,6.54,-6.07,-0.65,1.88
2014-12-23,10.04,10.1,10.34,9.9,34729,35164857.0,4.38,0.5,0.05,1.11
2014-12-24,10.1,10.27,10.29,10.06,25036,25614775.0,2.28,1.68,0.17,0.8
2014-12-25,10.27,10.41,10.57,10.27,31449,32877440.0,2.92,1.36,0.14,1.0
2014-12-26,10.45,10.55,10.62,10.28,36748,38399208.0,3.27,1.34,0.14,1.17
2014-12-29,10.57,10.16,10.63,10.06,39783,40706301.0,5.4,-3.7,-0.39,1.27
2014-12-30,10.13,9.91,10.17,9.91,45330,45346969.0,2.56,-2.46,-0.25,1.45
2014-12-31,9.95,10.06,10.11,9.93,25560,25588578.0,1.82,1.51,0.15,0.82
2015-03-02,11.07,11.07,11.07,11.07,2960,3277052.0,0.0,10.04,1.01,0.09
2015-03-03,12.18,12.18,12.18,12.18,6953,8468449.0,0.0,10.03,1.11,0.22
2015-03-04,13.4,13.4,13.4,13.4,44285,59342409.0,0.0,10.02,1.22,1.41
2015-03-05,14.3,14.74,14.74,13.71,430326,621006160.0,7.69,10.0,1.34,13.74
2015-03-06,15.89,15.25,15.89,14.1,580586,880675552.0,12.14,3.46,0.51,18.54
2015-03-09,15.07,15.03,15.49,14.6,245761,369548080.0,5.84,-1.44,-0.22,7.85
2015-03-10,14.95,16.53,16.53,14.72,462669,735867712.0,12.04,9.98,1.5,14.77
2015-03-11,17.2,17.35,18.01,16.75,359144,622442608.0,7.62,4.96,0.82,11.47
2015-03-12,16.9,16.6,17.17,16.16,237155,395467632.0,5.82,-4.32,-0.75,7.57
2015-03-13,16.48,17.15,17.57,16.41,206239,352326240.0,6.99,3.31,0.55,6.58
2015-03-16,17.4,17.54,18.19,17.18,224648,396015520.0,5.89,2.27,0.39,7.17
2015-03-17,17.59,17.46,17.81,17.2,179400,312992800.0,3.48,-0.46,-0.08,5.73
2015-03-18,17.68,17.94,18.99,17.68,181568,332819776.0,7.5,2.75,0.48,5.8
2015-03-19,17.6,17.98,18.28,17.36,136924,243759984.0,5.13,0.22,0.04,4.37
2015-03-20,17.96,17.4,17.97,17.18,186968,327476416.0,4.39,-3.23,-0.58,5.97
2015-03-23,17.58,18.26,18.45,17.33,249919,447979312.0,6.44,4.94,0.86,7.98
2015-03-24,18.49,20.09,20.09,18.48,335108,650834736.0,8.82,10.02,1.83,10.7
2015-03-25,20.84,21.95,22.1,20.5,281022,597466800.0,7.96,9.26,1.86,8.97
2015-03-26,21.42,20.6,21.86,20.09,217646,453985296.0,8.06,-6.15,-1.35,6.95
2015-03-27,20.42,20.78,21.26,20.3,114259,238025875.0,4.66,0.87,0.18,3.65
2015-03-30,21.4,21.6,22.55,20.79,227953,495399360.0,8.47,3.95,0.82,7.28
2015-03-31,21.7,22.44,23.76,19.44,342172,753668112.0,20.0,3.89,0.84,10.93
2015-04-01,22.88,24.68,24.68,22.8,265770,634933104.0,8.38,9.98,2.24,8.49
2015-04-02,24.4,27.15,27.15,23.89,222512,578496304.0,13.21,10.01,2.47,7.1
2015-04-03,27.2,29.87,29.87,25.8,224555,638709424.0,14.99,10.02,2.72,7.17
2015-04-07,30.6,28.98,30.7,27.85,332903,957664464.0,9.54,-2.98,-0.89,10.63
2015-04-08,28.28,26.95,28.58,26.68,228232,626671712.0,6.56,-7.0,-2.03,7.29
2015-04-09,26.57,26.07,26.58,24.56,195767,502674208.0,7.5,-3.27,-0.88,6.25
2015-04-10,25.88,26.36,27.35,25.68,192429,513131152.0,6.41,1.11,0.29,6.14
2015-04-13,25.9,25.63,26.21,25.23,209975,540008976.0,3.72,-2.77,-0.73,6.7
2015-04-14,25.63,24.68,25.65,24.5,198600,494333648.0,4.49,-3.71,-0.95,6.34
2015-04-15,24.68,24.46,25.47,24.28,133933,333967552.0,4.82,-0.89,-0.22,4.28
2015-04-16,24.49,25.8,25.98,24.49,192760,490580688.0,6.09,5.48,1.34,6.15
2015-04-17,26.84,26.38,27.98,26.3,235556,634892944.0,6.51,2.25,0.58,7.52
2015-04-20,25.4,24.38,25.53,24.3,164082,406809728.0,4.66,-7.58,-2.0,5.24
2015-04-21,23.9,25.19,25.2,23.6,128472,314244128.0,6.56,3.32,0.81,4.1
2015-04-22,25.19,25.81,26.38,24.81,129464,332385600.0,6.23,2.46,0.62,4.13
2015-04-23,25.81,25.69,26.05,25.07,123803,316783392.0,3.8,-0.46,-0.12,3.95
2015-04-24,25.69,24.54,25.7,23.92,151707,376271680.0,6.93,-4.48,-1.15,4.84
2015-04-27,24.59,24.79,25.59,24.58,125479,314359008.0,4.12,1.02,0.25,4.01
2015-04-28,24.79,23.31,24.79,23.0,104809,249393471.0,7.22,-5.97,-1.48,3.35
2015-04-29,23.24,25.29,25.6,22.41,146832,358102576.0,13.69,8.49,1.98,4.69
2015-04-30,25.13,25.45,26.43,24.8,149702,386049968.0,6.45,0.63,0.16,4.78
2015-05-04,25.8,26.64,27.36,25.8,174407,463877984.0,6.13,4.68,1.19,5.57
2015-05-05,26.65,25.56,27.65,25.25,137427,364185536.0,9.01,-4.05,-1.08,4.39
2015-05-06,25.03,25.35,26.5,24.9,92711,239363945.0,6.26,-0.82,-0.21,2.96
2015-05-07,25.0,24.7,25.7,24.35,65362,162180808.0,5.33,-2.56,-0.65,2.09
2015-05-08,25.05,25.98,26.09,25.05,92688,237516018.0,4.21,5.18,1.28,2.96
2015-05-11,26.3,28.1,28.2,25.61,181535,493935360.0,9.97,8.16,2.12,5.8
2015-05-12,29.11,28.6,30.14,28.2,212343,618331504.0,6.9,1.78,0.5,6.78
2015-05-13,28.28,28.02,28.58,27.6,138298,388089360.0,3.43,-2.03,-0.58,4.42
2015-05-14,28.05,27.55,28.85,27.48,93334,260292085.0,4.89,-1.68,-0.47,2.98
2015-05-15,27.2,26.12,27.2,25.88,115637,304483088.0,4.79,-5.19,-1.43,3.69
2015-05-18,26.02,26.67,27.15,25.85,100441,266084219.0,4.98,2.11,0.55,3.21
2015-05-19,26.85,26.81,27.35,26.33,96219,257653923.0,3.82,0.52,0.14,3.07
2015-05-20,27.0,28.1,28.4,25.9,185345,507261152.0,9.32,4.81,1.29,5.92
2015-05-21,27.99,29.83,29.83,27.62,221968,641013440.0,7.86,6.16,1.73,7.09
2015-05-22,30.0,28.98,31.5,28.78,242586,730357136.0,9.12,-2.85,-0.85,7.75
2015-05-25,28.04,28.95,28.95,27.1,147019,414191088.0,6.38,-0.1,-0.03,4.69
2015-05-26,29.17,29.9,30.0,28.94,162828,479853120.0,3.66,3.28,0.95,5.2
2015-05-27,30.11,32.72,32.89,28.61,279195,874911760.0,14.31,9.43,2.82,8.91
2015-05-28,34.0,32.85,35.66,31.01,273043,942864096.0,14.21,0.4,0.13,8.72
2015-05-29,32.84,36.14,36.14,30.7,227185,780018160.0,16.56,10.02,3.29,7.25
2015-06-01,37.99,39.75,39.75,37.2,160435,626250736.0,7.06,9.99,3.61,5.12
2015-06-02,41.4,38.92,42.68,38.1,253640,1008427120.0,11.52,-2.09,-0.83,8.1
2015-06-03,38.5,40.79,41.98,38.41,195407,787627776.0,9.17,4.8,1.87,6.24
2015-06-04,40.0,37.02,40.23,36.71,208272,782629872.0,8.63,-9.24,-3.77,6.65
2015-06-05,37.02,37.96,38.6,35.05,211991,777877904.0,9.59,2.54,0.94,6.77
2015-06-08,37.9,35.51,37.9,35.0,145952,526200192.0,7.64,-6.45,-2.45,4.66
2015-06-09,35.51,34.26,36.49,33.8,121779,426044608.0,7.58,-3.52,-1.25,3.89
2015-06-10,34.18,35.29,36.0,33.31,122252,427283568.0,7.85,3.01,1.03,3.9
2015-06-11,35.45,36.71,36.9,35.45,124104,453242736.0,4.11,4.02,1.42,3.96
2015-06-12,39.1,38.87,40.38,37.9,272331,1069288864.0,6.76,5.88,2.16,8.7
2015-06-15,38.2,34.98,38.2,34.98,224885,812474848.0,8.28,-10.01,-3.89,7.18
2015-06-16,33.05,32.2,33.1,31.8,145994,471810240.0,3.72,-7.95,-2.78,4.66
2015-06-17,32.35,34.0,34.37,30.3,118545,388358720.0,12.64,5.59,1.8,3.78
2015-06-18,33.74,32.7,34.86,32.55,110698,375616656.0,6.79,-3.82,-1.3,3.53
2015-06-19,31.5,29.43,32.08,29.43,105920,320374976.0,8.1,-10.0,-3.27,3.38
2015-06-23,29.38,29.54,29.89,26.49,94481,264329471.0,11.55,0.37,0.11,3.02
2015-06-24,29.85,28.79,30.08,27.8,118012,340380576.0,7.72,-2.54,-0.75,3.77
2015-06-25,28.85,26.1,28.97,25.91,108715,298090224.0,10.63,-9.34,-2.69,3.47
2015-06-26,25.84,23.49,25.9,23.49,66354,158722994.0,9.23,-10.0,-2.61,2.12
2015-06-29,24.1,21.14,24.3,21.14,136491,293298384.0,13.45,-10.0,-2.35,4.36
2015-06-30,19.78,22.08,22.12,19.03,211557,433637072.0,14.62,4.45,0.94,6.74
2015-07-01,21.6,19.87,22.55,19.87,189651,403099952.0,12.14,-10.01,-2.21,6.05
2015-07-02,18.46,17.88,19.19,17.88,167367,303562800.0,6.59,-10.02,-1.99,5.34
2015-07-03,16.13,16.09,18.2,16.09,159835,263488623.0,11.8,-10.01,-1.79,5.1
2015-07-23,17.7,17.7,17.7,17.7,1370,2424900.0,0.0,10.01,1.61,0.04
2015-07-24,19.47,19.47,19.47,19.47,3866,7527140.0,0.0,10.0,1.77,0.12
2015-07-27,21.42,21.42,21.42,21.15,342823,734093088.0,1.39,10.02,1.95,10.93
2015-07-28,19.81,19.83,21.88,19.28,415623,846142976.0,12.14,-7.42,-1.59,13.25
2015-07-29,20.5,21.81,21.81,19.8,336966,696227264.0,10.14,9.98,1.98,10.74
2015-07-30,22.04,21.33,22.9,20.74,394204,881308576.0,9.9,-2.2,-0.48,12.57
2015-07-31,20.1,19.2,20.85,19.2,274190,545418384.0,7.74,-9.99,-2.13,8.74
2015-08-03,18.11,17.29,18.48,17.28,162259,285933088.0,6.25,-9.95,-1.91,5.17
2015-08-18,19.02,19.02,19.02,19.02,21080,40095034.0,0.0,10.01,1.73,0.67
2015-08-19,19.17,20.92,20.92,19.02,556902,1142686560.0,9.99,9.99,1.9,17.75
2015-08-20,20.95,21.01,22.51,20.47,474619,1021590912.0,9.75,0.43,0.09,15.12
2015-08-21,20.1,18.91,20.41,18.91,258854,499699888.0,7.14,-10.0,-2.1,8.25
2015-08-24,17.18,17.02,17.8,17.02,52973,90506328.0,4.12,-9.99,-1.89,1.69
2015-08-25,15.32,15.32,15.32,15.32,12196,18684272.0,0.0,-9.99,-1.7,0.39
2015-08-26,13.9,13.79,15.69,13.79,319286,454281648.0,12.4,-9.99,-1.53,10.17
2015-09-14,15.17,15.17,15.17,14.9,230816,349878640.0,1.96,10.01,1.38,7.36
2015-09-15,14.3,13.65,14.5,13.65,196161,271237856.0,5.6,-10.02,-1.52,6.25
2015-09-16,13.1,14.61,15.0,12.6,321630,437720784.0,17.58,7.03,0.96,10.25
2015-09-17,14.31,13.25,14.92,13.22,310556,436887744.0,11.64,-9.31,-1.36,9.9
2015-09-18,13.4,12.93,13.59,12.61,181936,235591598.0,7.4,-2.42,-0.32,5.8
2015-09-21,12.4,13.52,13.64,12.28,213836,278737824.0,10.52,4.56,0.59,6.81
2015-09-22,13.78,13.9,14.16,13.42,258533,356862016.0,5.47,2.81,0.38,8.24
2015-09-23,13.4,13.5,13.9,13.1,186570,251427326.0,5.76,-2.88,-0.4,5.95
2015-09-24,13.65,14.35,14.48,13.59,269571,378417584.0,6.59,6.3,0.85,8.59
2015-09-25,14.11,13.25,14.23,12.96,210151,286349104.0,8.85,-7.67,-1.1,6.7
2015-09-28,13.25,13.91,13.98,12.8,165425,223553714.0,8.91,4.98,0.66,5.27
2015-09-29,13.48,13.18,13.65,13.03,137400,183923007.0,4.46,-5.25,-0.73,4.38
2015-09-30,13.31,13.34,13.69,13.05,96667,129206835.0,4.86,1.21,0.16,3.08
2015-10-08,14.01,14.22,14.67,13.72,218148,309415584.0,7.12,6.6,0.88,6.95
2015-10-09,14.28,15.3,15.64,14.06,335105,509556496.0,11.11,7.59,1.08,10.68
2015-10-12,15.3,16.4,16.66,15.01,352727,554903248.0,10.78,7.19,1.1,11.24
2015-10-13,16.44,16.42,16.92,16.01,255035,419330720.0,5.55,0.12,0.02,8.13
2015-10-14,16.3,16.67,17.65,16.16,270849,457976928.0,9.07,1.52,0.25,8.63
2015-10-15,16.2,17.0,17.23,16.03,201447,337574304.0,7.2,1.98,0.33,6.42
2015-10-16,17.24,18.7,18.7,17.24,334220,604794240.0,8.59,10.0,1.7,10.65
2015-10-19,19.09,18.47,19.28,18.0,319357,593439952.0,6.84,-1.23,-0.23,10.18
2015-10-20,18.54,19.28,19.9,18.01,291205,551204656.0,10.23,4.39,0.81,9.28
2015-10-21,19.28,17.35,19.36,17.35,309040,564176752.0,10.43,-10.01,-1.93,9.85
2015-10-22,17.2,19.09,19.09,17.14,376007,692535408.0,11.24,10.03,1.74,11.98
2015-10-23,19.8,21.0,21.0,19.75,362352,744134928.0,6.55,10.01,1.91,11.55
2015-10-26,22.28,23.1,23.1,21.5,119967,273887888.0,7.62,10.0,2.1,3.82
2015-10-27,23.8,23.47,24.6,21.2,492681,1134874768.0,14.72,1.6,0.37,15.7
2015-10-28,22.59,22.44,24.24,22.3,305683,705893616.0,8.27,-4.39,-1.03,9.74
2015-10-29,22.0,22.23,22.84,21.0,327592,716707872.0,8.2,-0.94,-0.21,10.44
2015-10-30,21.67,21.56,22.15,20.5,224710,482597600.0,7.42,-3.01,-0.67,7.16
2015-11-02,20.3,20.3,21.93,20.3,191810,402353328.0,7.56,-5.84,-1.26,6.11
2015-11-03,20.1,20.3,20.86,20.01,138138,281213088.0,4.19,0.0,0.0,4.4
2015-11-04,20.52,22.33,22.33,20.45,269890,584516336.0,9.26,10.0,2.03,8.6
2015-11-05,22.95,23.22,23.9,22.19,350732,808161856.0,7.66,3.99,0.89,11.18
2015-11-06,23.25,24.91,25.39,23.05,281509,692390736.0,10.08,7.28,1.69,8.97
2015-11-09,25.22,25.6,25.91,23.48,335165,823516096.0,9.76,2.77,0.69,10.68
2015-11-10,25.1,24.6,25.25,24.18,211892,522403168.0,4.18,-3.91,-1.0,6.75
2015-11-11,24.45,26.0,26.29,24.05,265641,670959696.0,9.11,5.69,1.4,8.46
2015-11-12,26.0,25.26,26.47,24.89,169740,431389200.0,6.08,-2.85,-0.74,5.41
2015-11-13,24.77,23.94,25.1,23.4,145403,351666608.0,6.73,-5.23,-1.32,4.63
2015-11-16,23.3,24.7,25.1,23.12,126538,311275504.0,8.27,3.17,0.76,4.03
2015-11-17,25.44,25.58,26.62,25.13,238409,622643104.0,6.03,3.56,0.88,7.6
2015-11-18,25.43,26.3,26.98,25.43,203364,535729984.0,6.06,2.81,0.72,6.48
2015-11-19,26.3,28.93,28.93,25.3,255873,698782384.0,13.8,10.0,2.63,8.15
2015-11-20,29.74,27.79,29.78,26.8,330433,923614208.0,10.3,-3.94,-1.14,10.53
2015-11-23,27.63,27.93,28.67,26.58,221436,601597264.0,7.52,0.5,0.14,7.06
2015-11-24,27.35,27.6,27.79,26.71,108112,295404704.0,3.87,-1.18,-0.33,3.45
2015-11-25,27.5,28.0,28.9,27.28,171936,485746416.0,5.87,1.45,0.4,5.48
2015-11-26,28.0,27.18,28.2,27.1,114891,315553920.0,3.93,-2.93,-0.82,3.66
2015-11-27,27.15,25.45,27.15,24.55,188575,493057792.0,9.57,-6.36,-1.73,6.01
2015-11-30,25.3,24.51,26.1,22.91,203219,496312784.0,12.53,-3.69,-0.94,6.48
2015-12-01,24.51,23.3,24.51,23.1,165370,390606608.0,5.75,-4.94,-1.21,5.27
2015-12-02,23.29,21.76,23.78,20.97,205016,448933856.0,12.06,-6.61,-1.54,6.53
2015-12-03,22.0,23.94,23.94,21.99,192542,441899344.0,8.96,10.02,2.18,6.14
2015-12-04,24.5,23.94,25.13,23.84,256726,628721040.0,5.39,0.0,0.0,8.18
2015-12-07,24.0,23.66,24.08,23.0,149791,350876160.0,4.51,-1.17,-0.28,4.77
2015-12-08,23.8,23.78,24.5,23.4,146877,352634976.0,4.65,0.51,0.12,4.68
2015-12-09,23.93,23.9,23.93,22.67,140158,325725200.0,5.3,0.5,0.12,4.47
2015-12-10,23.7,24.66,25.69,23.5,210754,522773216.0,9.16,3.18,0.76,6.72
2015-12-11,24.66,23.9,24.95,23.6,116471,281019456.0,5.47,-3.08,-0.76,3.71
2015-12-14,23.55,24.09,24.41,23.17,99817,238041420.0,5.19,0.79,0.19,3.18
2015-12-15,24.1,25.05,25.5,24.0,144149,359352304.0,6.23,3.99,0.96,4.59
2015-12-16,25.39,25.7,26.18,24.8,200654,510650384.0,5.51,2.59,0.65,6.39
2015-12-17,25.77,26.46,26.95,25.77,178711,474536112.0,4.59,2.96,0.76,5.69
2015-12-18,26.11,25.18,26.59,24.99,226618,581060736.0,6.05,-4.84,-1.28,7.22
2015-12-21,24.79,25.08,25.86,24.69,121577,306313296.0,4.65,-0.4,-0.1,3.87
2015-12-22,25.08,25.11,25.47,24.67,90131,224737568.0,3.19,0.12,0.03,2.87
2015-12-23,25.12,25.18,26.09,24.7,184932,471352272.0,5.54,0.28,0.07,5.89
2015-12-24,25.18,24.71,25.19,23.0,99507,243082000.0,8.7,-1.87,-0.47,3.17
2015-12-25,24.52,24.54,25.1,24.43,63151,155785404.0,2.71,-0.69,-0.17,2.01
2015-12-28,24.78,23.57,24.85,23.5,102697,247867992.0,5.5,-3.95,-0.97,3.27
2015-12-29,23.55,25.78,25.8,23.55,189184,470153936.0,9.55,9.38,2.21,6.03
2015-12-30,25.58,26.91,27.49,25.43,252450,675646624.0,7.99,4.38,1.13,8.04
2015-12-31,27.08,26.73,27.5,26.04,156754,421584000.0,5.43,-0.67,-0.18,4.99
2016-01-04,27.0,24.06,27.18,24.06,122891,309331888.0,11.67,-9.99,-2.67,3.91
2016-01-05,22.0,22.2,24.02,21.65,178526,403039632.0,9.85,-7.73,-1.86,5.68
2016-01-06,22.5,22.71,22.99,21.67,94799,212705777.0,5.95,2.3,0.51,3.02
2016-01-07,21.6,20.44,22.27,20.44,28391,59539874.0,8.06,-10.0,-2.27,0.9
2016-01-08,21.0,19.58,21.33,18.4,168151,331020976.0,14.33,-4.21,-0.86,5.35
2016-01-11,18.85,17.62,18.85,17.62,90950,165140747.0,6.28,-10.01,-1.96,2.9
2016-01-12,17.01,16.83,17.69,16.03,112518,188334976.0,9.42,-4.48,-0.79,3.58
2016-01-13,16.89,16.5,17.88,16.35,106075,181983631.0,9.09,-1.96,-0.33,3.38
2016-01-14,15.71,16.78,17.35,15.6,137411,228405335.0,10.61,1.7,0.28,4.38
2016-01-15,16.8,15.91,17.27,15.6,120048,199038941.0,9.95,-5.18,-0.87,3.82
2016-01-18,15.43,16.53,16.6,15.23,99452,160661016.0,8.61,3.9,0.62,3.17
2016-01-19,16.5,17.52,17.52,16.36,103376,174816167.0,7.02,5.99,0.99,3.29
2016-01-20,17.5,17.09,17.68,16.88,110583,190649211.0,4.57,-2.45,-0.43,3.52
2016-01-21,16.68,15.89,17.15,15.83,82231,136908186.0,7.72,-7.02,-1.2,2.62
2016-01-22,16.01,16.12,16.36,15.35,81735,130451092.0,6.36,1.45,0.23,2.6
2016-01-25,16.35,16.28,16.66,15.92,74932,122532033.0,4.59,0.99,0.16,2.39
2016-01-26,16.0,14.65,16.2,14.65,112721,171411663.0,9.52,-10.01,-1.63,3.59
2016-01-27,14.65,14.07,14.8,13.5,127690,177476308.0,8.87,-3.96,-0.58,4.07
2016-01-28,14.0,13.02,14.1,12.87,80759,109486637.0,8.74,-7.46,-1.05,2.57
2016-01-29,13.05,13.94,14.29,13.0,84503,115443277.0,9.91,7.07,0.92,2.69
2016-02-01,13.73,13.84,14.15,13.52,72893,101232640.0,4.52,-0.72,-0.1,2.32
2016-02-02,13.9,14.6,14.86,13.9,76011,110810577.0,6.94,5.49,0.76,2.42
2016-02-03,14.5,14.82,14.98,14.15,68288,98800561.0,5.68,1.51,0.22,2.17
2016-02-04,14.86,14.97,15.27,14.86,75751,114144381.0,2.77,1.01,0.15,2.41
2016-02-05,14.98,14.72,15.2,14.6,47888,71570412.0,4.01,-1.67,-0.25,1.52
2016-02-15,13.91,14.6,14.78,13.61,51423,73349909.0,7.95,-0.82,-0.12,1.64
2016-02-16,14.8,15.61,15.86,14.7,82740,126617502.0,7.95,6.92,1.01,2.63
2016-02-17,15.57,15.76,15.88,15.2,99396,154692727.0,4.36,0.96,0.15,3.16
2016-02-18,16.0,15.69,16.28,15.5,103811,163377786.0,4.95,-0.44,-0.07,3.31
2016-02-19,15.8,15.7,15.8,15.4,67722,105640730.0,2.55,0.06,0.01,2.16
2016-02-22,15.85,16.13,16.21,15.71,117965,188787621.0,3.18,2.74,0.43,3.76
2016-02-23,16.19,17.16,17.68,15.9,219493,366673152.0,11.04,6.39,1.03,6.99
2016-02-24,16.83,16.69,16.85,16.18,122782,203532807.0,3.9,-2.74,-0.47,3.91
2016-02-25,16.59,15.02,16.62,15.02,103528,162221835.0,9.59,-10.01,-1.67,3.3
2016-02-26,15.02,14.28,15.28,13.8,132023,189336780.0,9.85,-4.93,-0.74,4.2
2016-02-29,14.2,13.04,14.2,12.89,91816,121164844.0,9.17,-8.68,-1.24,2.92
2016-03-01,13.14,13.59,13.69,12.81,87013,116012855.0,6.75,4.22,0.55,2.77
2016-03-02,13.53,14.31,14.47,13.52,80147,112155118.0,6.99,5.3,0.72,2.55
2016-03-03,14.25,14.26,15.28,14.11,112483,164729917.0,8.18,-0.35,-0.05,3.58
2016-03-04,14.27,13.51,14.3,13.14,87690,121104262.0,8.13,-5.26,-0.75,2.79
2016-03-07,13.7,13.79,14.1,13.6,69629,96438384.0,3.7,2.07,0.28,2.22
2016-03-08,13.65,13.91,13.93,13.01,74816,100892595.0,6.67,0.87,0.12,2.38
2016-03-09,13.58,13.5,13.8,13.4,55309,75015947.0,2.88,-2.95,-0.41,1.76
2016-03-10,13.68,13.59,13.92,13.43,76043,104105649.0,3.63,0.67,0.09,2.42
2016-03-11,13.45,13.69,13.8,13.2,50754,68465295.0,4.42,0.74,0.1,1.62
2016-03-14,13.86,14.35,14.56,13.86,99105,141913135.0,5.11,4.82,0.66,3.16
2016-03-15,14.2,14.98,15.25,12.92,180231,265304254.0,16.24,4.39,0.63,5.74
2016-03-16,15.0,14.58,15.28,14.31,151468,224790890.0,6.48,-2.67,-0.4,4.82
2016-03-17,14.65,15.02,15.24,14.45,142584,212524293.0,5.42,3.02,0.44,4.54
2016-03-18,15.03,15.65,15.9,15.03,166005,258935612.0,5.79,4.19,0.63,5.29
2016-03-21,15.88,16.29,16.4,15.48,212058,336518240.0,5.88,4.09,0.64,6.75
2016-03-22,16.01,15.85,16.17,15.82,136838,218594246.0,2.15,-2.7,-0.44,4.36
2016-03-23,15.77,15.97,16.16,15.65,107687,171275964.0,3.22,0.76,0.12,3.43
2016-03-24,15.61,15.5,15.79,15.4,120846,188348880.0,2.44,-2.94,-0.47,3.85
2016-03-25,15.42,15.65,15.75,15.4,81187,126493275.0,2.26,0.97,0.15,2.59
2016-03-28,15.73,15.31,16.09,15.25,117256,183976607.0,5.37,-2.17,-0.34,3.73
2016-03-29,15.29,14.68,15.39,14.6,91094,136049887.0,5.16,-4.11,-0.63,2.9
2016-03-30,14.99,15.68,15.73,14.7,111752,170955594.0,7.02,6.81,1.0,3.56
2016-03-31,15.97,15.75,16.11,15.6,99572,157655589.0,3.25,0.45,0.07,3.18
2016-04-01,15.75,16.23,16.28,15.19,155450,244208744.0,6.92,3.05,0.48,4.96
2016-04-05,16.3,17.85,17.85,16.0,299966,514727808.0,11.4,9.98,1.62,9.58
2016-04-06,17.9,17.86,18.1,17.25,196121,348038320.0,4.76,0.06,0.01,6.26
2016-04-07,17.9,18.54,19.5,17.55,306248,562689904.0,10.92,3.81,0.68,9.78
2016-04-08,18.8,19.41,20.28,18.63,288552,562312672.0,8.9,4.69,0.87,9.21
2016-04-11,19.42,19.7,20.43,19.0,224009,445075040.0,7.37,1.49,0.29,7.15
2016-04-12,19.45,20.38,20.47,18.7,183391,361564256.0,8.98,3.45,0.68,5.85
2016-04-13,20.77,21.93,22.42,20.77,320188,705340288.0,8.1,7.61,1.55,10.22
2016-04-14,21.5,21.94,22.22,21.45,145629,317645216.0,3.51,0.05,0.01,4.65
2016-04-15,21.94,20.62,22.0,20.58,163611,345199840.0,6.47,-6.02,-1.32,5.22
2016-04-18,21.0,21.18,21.45,19.96,178195,371418960.0,7.23,2.72,0.56,5.69
2016-04-19,21.33,20.6,21.33,20.45,125842,262456265.0,4.15,-2.74,-0.58,4.02
2016-04-20,20.95,19.41,20.95,18.66,202465,396192704.0,11.12,-5.78,-1.19,6.46
2016-04-21,19.46,19.53,20.11,18.95,116461,228658979.0,5.98,0.62,0.12,3.72
2016-04-22,19.16,19.76,19.9,19.12,77557,151436351.0,3.99,1.18,0.23,2.48
2016-04-25,19.7,20.23,20.28,19.2,97959,193747644.0,5.47,2.38,0.47,3.13
2016-04-26,20.0,20.02,20.43,19.65,76123,152325991.0,3.86,-1.04,-0.21,2.43
2016-04-27,20.0,19.51,20.16,19.45,89703,176903868.0,3.55,-2.55,-0.51,2.86
2016-04-28,19.65,19.33,19.97,18.83,101363,197095103.0,5.84,-0.92,-0.18,3.24
2016-04-29,19.14,19.03,19.44,18.96,71207,136487059.0,2.48,-1.55,-0.3,2.27
2016-05-03,19.16,20.49,20.75,18.9,161755,324589712.0,9.72,7.67,1.46,5.16
2016-05-04,20.53,20.93,21.35,20.35,175431,368840928.0,4.88,2.15,0.44,5.6
2016-05-05,20.94,21.2,21.38,20.7,124088,262043521.0,3.25,1.29,0.27,3.96
2016-05-06,21.21,19.63,21.36,19.63,155656,317158384.0,8.16,-7.41,-1.57,4.97
2016-05-09,19.05,17.67,19.05,17.67,165143,297030592.0,7.03,-9.98,-1.96,5.27
2016-05-10,17.37,17.54,17.77,17.21,73625,129218320.0,3.17,-0.74,-0.13,2.35
2016-05-11,17.73,17.31,17.88,17.28,62235,109535759.0,3.42,-1.31,-0.23,1.99
2016-05-12,17.1,17.99,17.99,16.2,105721,183133101.0,10.34,3.93,0.68,3.37
2016-05-13,17.79,18.1,18.3,17.66,91123,164551179.0,3.56,0.61,0.11,2.91
2016-05-16,18.09,18.24,18.26,17.8,72199,130404386.0,2.54,0.77,0.14,2.3
2016-05-17,18.15,17.67,18.3,17.42,98561,175280752.0,4.82,-3.13,-0.57,3.15
2016-05-18,17.35,16.76,17.48,16.36,87789,148196368.0,6.34,-5.15,-0.91,2.8
2016-05-19,16.7,16.69,17.2,16.59,57424,97308909.0,3.64,-0.42,-0.07,1.83
2016-05-20,16.51,16.95,17.04,16.37,47345,79552516.0,4.01,1.56,0.26,1.51
2016-05-23,17.15,18.65,18.65,17.15,229641,423425024.0,8.85,10.03,1.7,7.33
2016-05-24,18.64,18.18,19.07,17.82,175761,323833952.0,6.7,-2.52,-0.47,5.61
2016-05-25,18.35,18.31,18.67,17.86,109864,200475364.0,4.46,0.72,0.13,3.51
2016-05-26,18.25,18.55,18.58,17.35,145427,263195357.0,6.72,1.31,0.24,4.64
2016-05-27,18.35,18.41,18.9,18.1,100227,186163504.0,4.31,-0.75,-0.14,3.2
2016-05-30,18.15,17.7,18.16,17.56,132440,236049598.0,3.26,-3.86,-0.71,4.23
2016-05-31,17.68,19.0,19.0,17.62,160921,298836752.0,7.8,7.34,1.3,5.14
2016-06-01,19.31,19.58,19.98,19.12,186783,366136688.0,4.53,3.05,0.58,5.96
2016-06-02,19.46,20.0,20.38,19.35,184150,367948528.0,5.26,2.15,0.42,5.88
2016-06-03,20.04,19.78,20.13,19.4,130221,257379030.0,3.65,-1.1,-0.22,4.16
2016-06-06,19.86,20.85,20.85,19.85,186800,381866640.0,5.06,5.41,1.07,5.96
2016-06-07,20.87,21.95,22.12,20.32,233731,499967488.0,8.63,5.28,1.1,7.46
2016-06-08,21.6,22.1,22.58,21.0,283997,620182704.0,7.2,0.68,0.15,9.07
2016-06-13,21.71,21.01,22.78,20.92,232138,511357936.0,8.42,-4.93,-1.09,7.41
2016-06-14,20.96,22.82,22.95,20.8,266222,582806496.0,10.23,8.61,1.81,8.5
2016-06-15,22.5,23.4,23.82,22.3,312315,721991264.0,6.66,2.54,0.58,9.97
2016-06-16,23.0,24.0,24.64,22.88,251625,600864416.0,7.52,2.56,0.6,8.03
2016-06-17,23.98,23.0,24.13,22.86,219256,511794448.0,5.29,-4.17,-1.0,7.0
2016-06-20,25.3,25.3,25.3,25.3,30745,77784900.0,0.0,10.0,2.3,0.98
2016-06-21,27.83,27.83,27.83,27.83,54522,151735199.0,0.0,10.0,2.53,1.74
2016-06-22,30.61,30.61,30.61,28.7,1188404,3545908896.0,6.86,9.99,2.78,37.94
2016-06-23,31.1,31.45,33.33,30.82,828388,2621453984.0,8.2,2.74,0.84,26.44
2016-06-24,31.29,34.58,34.6,31.02,819742,2692459200.0,11.38,9.95,3.13,26.17
2016-06-27,33.6,34.2,34.2,33.01,572386,1925507328.0,3.44,-1.1,-0.38,18.27
2016-06-28,34.4,34.14,35.38,33.6,441788,1515686640.0,5.2,-0.18,-0.06,14.1
2016-06-29,34.03,34.69,35.95,33.7,545212,1898332960.0,6.59,1.61,0.55,17.4
2016-06-30,34.0,32.8,34.93,32.0,656407,2178626128.0,8.45,-5.45,-1.89,20.95
2016-07-01,32.67,32.88,33.18,32.3,392799,1287325440.0,2.68,0.24,0.08,12.54
2016-07-04,32.4,33.0,33.56,31.91,381395,1248735536.0,5.02,0.36,0.12,12.17
2016-07-05,33.25,32.4,34.05,32.14,463552,1524533312.0,5.79,-1.82,-0.6,14.8
2016-07-06,32.5,33.78,34.88,32.5,650169,2184728016.0,7.35,4.26,1.38,20.75
2016-07-07,33.5,31.9,33.5,31.33,528705,1700235264.0,6.42,-5.57,-1.88,16.88
2016-07-08,32.01,32.17,32.61,31.71,250355,806663904.0,2.82,0.85,0.27,7.99
2016-07-11,32.0,30.9,32.48,30.71,325258,1026524880.0,5.5,-3.95,-1.27,10.38
2016-07-12,31.0,30.85,31.25,29.85,287497,876623776.0,4.53,-0.16,-0.05,9.18
2016-07-13,31.0,31.3,31.7,30.61,233556,726762912.0,3.53,1.46,0.45,7.46
2016-07-14,31.28,31.06,31.48,30.67,153644,476345040.0,2.59,-0.77,-0.24,4.9
2016-07-15,31.06,30.8,31.44,30.7,145909,452165888.0,2.38,-0.84,-0.26,4.66
2016-07-18,30.4,30.51,30.84,29.87,138195,419417584.0,3.15,-0.94,-0.29,4.41
2016-07-19,30.53,31.64,31.64,30.31,318893,996212400.0,4.36,3.7,1.13,10.18
2016-07-20,31.51,31.09,31.6,30.9,168605,525402672.0,2.21,-1.74,-0.55,5.38
2016-07-21,31.2,30.7,31.48,30.7,153979,479092816.0,2.51,-1.25,-0.39,4.92
2016-07-22,30.9,29.25,30.9,29.25,193104,579040352.0,5.37,-4.72,-1.45,6.16
2016-07-25,29.0,28.45,29.11,27.72,196389,558658912.0,4.75,-2.74,-0.8,6.27
2016-07-26,28.46,28.6,28.84,28.0,145864,415001184.0,2.95,0.53,0.15,4.66
2016-07-27,28.34,25.97,28.46,25.75,254879,685884640.0,9.48,-9.2,-2.63,8.14
2016-07-28,26.02,26.42,26.69,25.8,159489,419014592.0,3.43,1.73,0.45,5.09
2016-07-29,26.33,27.0,27.49,25.9,196182,526123744.0,6.02,2.2,0.58,6.26
2016-08-01,26.64,27.52,27.92,26.03,153803,413005232.0,7.0,1.93,0.52,4.91
2016-08-02,27.39,28.07,28.86,27.37,241891,681191696.0,5.41,2.0,0.55,7.72
2016-08-03,27.8,27.9,28.39,27.61,143146,399973168.0,2.78,-0.61,-0.17,4.57
2016-08-04,27.9,28.02,28.44,27.71,134354,377208960.0,2.62,0.43,0.12,4.29
2016-08-05,28.1,27.84,28.17,27.6,115971,323280640.0,2.03,-0.64,-0.18,3.7
2016-08-08,27.62,28.4,28.68,26.69,202167,563348832.0,7.15,2.01,0.56,6.45
2016-08-09,28.16,29.88,30.65,28.11,326313,966712176.0,8.94,5.21,1.48,10.42
2016-08-10,29.58,29.47,30.09,29.35,219457,651151088.0,2.48,-1.37,-0.41,7.01
2016-08-11,29.4,29.0,30.16,29.0,188269,557930576.0,3.94,-1.59,-0.47,6.01
2016-08-12,29.0,29.1,29.1,28.31,142362,409301040.0,2.72,0.34,0.1,4.54
2016-08-15,29.39,30.58,30.99,29.01,301544,912161360.0,6.8,5.09,1.48,9.63
2016-08-16,30.6,31.17,31.27,30.51,276225,853402896.0,2.49,1.93,0.59,8.82
2016-08-17,30.84,31.4,32.68,30.63,335343,1063646624.0,6.58,0.74,0.23,10.7
2016-08-18,31.1,31.5,32.1,30.93,241702,760915072.0,3.73,0.32,0.1,7.72
2016-08-19,31.3,34.65,34.65,31.2,576659,1930307520.0,10.95,10.0,3.15,18.41
2016-08-22,35.12,32.19,35.37,31.51,564853,1882022912.0,11.14,-7.1,-2.46,18.03
2016-08-23,32.0,32.49,33.3,31.98,290261,947327008.0,4.1,0.93,0.3,9.27
2016-08-24,32.46,33.5,34.9,32.16,461672,1564861920.0,8.43,3.11,1.01,14.74
2016-08-25,33.0,34.97,35.27,31.71,561552,1902800320.0,10.63,4.39,1.47,17.93
2016-08-26,34.88,34.24,35.36,33.41,502730,1726640528.0,5.58,-2.09,-0.73,16.05
2016-08-29,33.75,34.16,35.84,32.48,579428,1986514608.0,9.81,-0.23,-0.08,18.5
2016-08-30,34.05,32.53,34.3,32.26,362851,1195418816.0,5.97,-4.77,-1.63,11.58
2016-08-31,32.28,31.41,32.55,30.75,273926,862503584.0,5.53,-3.44,-1.12,8.74
2016-09-01,31.39,31.06,31.93,30.99,194837,611728384.0,2.99,-1.11,-0.35,6.22
2016-09-02,30.85,30.48,31.21,30.38,173810,534356384.0,2.67,-1.87,-0.58,5.55
2016-09-05,30.71,30.95,31.17,30.5,155286,479284640.0,2.2,1.54,0.47,4.96
2016-09-06,30.97,30.95,31.11,30.11,151848,465882608.0,3.23,0.0,0.0,4.85
2016-09-07,31.0,30.21,31.1,30.11,159983,489582544.0,3.2,-2.39,-0.74,5.11
2016-09-08,30.0,29.42,30.08,29.2,171146,504933360.0,2.91,-2.62,-0.79,5.46
2016-09-09,29.5,29.06,29.8,29.03,126462,370584464.0,2.62,-1.22,-0.36,4.04
2016-09-12,28.25,28.06,29.06,27.56,145281,411440464.0,5.16,-3.44,-1.0,4.64
2016-09-13,28.4,30.13,30.68,28.36,239413,705321440.0,8.27,7.38,2.07,7.64
2016-09-14,29.7,31.33,31.63,29.42,299025,917890464.0,7.33,3.98,1.2,9.55
2016-09-19,30.8,31.53,31.92,30.32,230049,715788064.0,5.11,0.64,0.2,7.34
2016-09-20,31.5,30.39,31.5,30.36,201125,620708048.0,3.62,-3.62,-1.14,6.42
2016-09-21,30.28,29.27,30.28,29.15,171299,506430400.0,3.72,-3.69,-1.12,5.47
2016-09-22,29.41,29.44,29.96,29.19,118566,350758176.0,2.63,0.58,0.17,3.78
2016-09-23,29.4,28.55,29.4,28.5,125242,360372160.0,3.06,-3.02,-0.89,4.0
2016-09-26,28.54,28.72,29.85,28.35,165960,483358208.0,5.25,0.6,0.17,5.3
2016-09-27,7.0,6.76,7.21,6.6,585624,399525216.0,2.12,-76.46,-21.96,4.67
2016-09-28,6.78,6.78,6.98,6.53,376625,255931171.0,6.66,0.3,0.02,3.0
2016-09-29,6.73,6.59,6.81,6.58,399699,265673445.0,3.39,-2.8,-0.19,3.19
2016-09-30,6.62,6.41,6.65,6.33,423442,273014240.0,4.86,-2.73,-0.18,3.38
2016-10-10,6.32,6.54,6.6,6.32,381616,247259605.0,4.37,2.03,0.13,3.04
2016-10-11,6.55,7.19,7.19,6.51,830852,574539792.0,10.4,9.94,0.65,6.63
2016-10-12,7.29,7.48,7.75,7.12,1484492,1111494288.0,8.76,4.03,0.29,11.84
2016-10-13,7.41,7.35,7.55,7.3,686132,506327872.0,3.34,-1.74,-0.13,5.47
2016-10-14,7.5,7.6,7.8,7.42,1053751,805859648.0,5.17,3.4,0.25,8.41
2016-10-17,7.62,7.46,7.67,7.37,598781,449860528.0,3.95,-1.84,-0.14,4.78
2016-10-18,7.4,7.55,7.6,7.33,505698,377251824.0,3.62,1.21,0.09,4.03
2016-10-19,7.48,7.67,7.96,7.44,840276,647764432.0,6.89,1.59,0.12,6.7
2016-10-20,7.59,8.18,8.43,7.56,1885325,1510584448.0,11.34,6.65,0.51,15.04
2016-10-21,8.01,7.87,8.03,7.7,1184928,932126416.0,4.03,-3.79,-0.31,9.45
2016-10-24,7.81,7.9,8.1,7.7,788249,621154784.0,5.08,0.38,0.03,6.29
2016-10-25,7.9,7.89,8.08,7.8,721983,573295472.0,3.54,-0.13,-0.01,5.76
2016-10-26,7.8,7.74,7.96,7.73,510512,398151456.0,2.92,-1.9,-0.15,4.07
2016-10-27,7.75,7.64,7.8,7.53,524532,400284144.0,3.49,-1.29,-0.1,4.19
2016-10-28,7.68,7.74,7.86,7.58,628801,488498352.0,3.66,1.31,0.1,5.02
2016-10-31,7.69,7.55,7.7,7.51,431467,326356192.0,2.45,-2.45,-0.19,3.44
2016-11-01,7.56,7.8,7.86,7.52,598914,462426560.0,4.5,3.31,0.25,4.78
2016-11-02,7.77,7.72,7.95,7.7,581481,453366720.0,3.21,-1.03,-0.08,4.64
2016-11-03,7.63,8.0,8.29,7.55,1357528,1083202384.0,9.59,3.63,0.28,10.83
2016-11-04,7.8,7.8,8.0,7.78,763203,598131808.0,2.75,-2.5,-0.2,6.09
2016-11-07,7.75,7.64,7.8,7.6,484982,372851760.0,2.56,-2.05,-0.16,3.87
2016-11-08,7.75,7.71,7.95,7.69,472885,368496336.0,3.4,0.92,0.07,3.77
2016-11-09,7.71,7.48,7.71,7.25,643755,484274848.0,5.97,-2.98,-0.23,5.14
2016-11-10,7.53,7.51,7.66,7.45,375479,282240368.0,2.81,0.4,0.03,3.0
2016-11-11,7.51,7.51,7.63,7.41,419803,316015312.0,2.93,0.0,0.0,3.35
2016-11-14,7.49,7.39,7.56,7.34,455063,337698368.0,2.93,-1.6,-0.12,3.63
2016-11-15,7.35,7.47,7.47,7.27,393430,289057616.0,2.71,1.08,0.08,3.14
2016-11-16,7.46,7.65,7.85,7.41,810527,621589872.0,5.89,2.41,0.18,6.47
2016-11-17,7.67,7.52,7.68,7.47,390780,294466272.0,2.75,-1.7,-0.13,3.12
2016-11-18,7.51,7.41,7.58,7.39,339705,252590296.0,2.53,-1.46,-0.11,2.71
2016-11-21,7.41,7.35,7.45,7.33,261018,192390802.0,1.62,-0.81,-0.06,2.08
2016-11-22,7.37,7.37,7.41,7.3,251702,184672677.0,1.5,0.27,0.02,2.01
2016-11-23,7.39,7.27,7.41,7.26,247084,180650490.0,2.04,-1.36,-0.1,1.97
2016-11-24,7.27,7.14,7.3,7.13,306900,220647289.0,2.34,-1.79,-0.13,2.45
2016-11-25,7.12,7.05,7.17,6.9,260872,182645842.0,3.78,-1.26,-0.09,2.08
2016-11-28,7.05,7.06,7.16,7.05,185807,131552628.0,1.56,0.14,0.01,1.48
2016-11-29,7.07,6.83,7.09,6.8,304705,210590491.0,4.11,-3.26,-0.23,2.43
2016-11-30,6.83,6.83,6.92,6.73,173016,118242943.0,2.78,0.0,0.0,1.38
2016-12-01,6.8,6.76,6.86,6.71,201357,136340570.0,2.2,-1.02,-0.07,1.61
2016-12-02,6.78,6.58,6.79,6.56,234677,155648940.0,3.4,-2.66,-0.18,1.87
2016-12-05,6.55,6.63,6.74,6.4,160213,105989591.0,5.17,0.76,0.05,1.28
2016-12-06,6.62,6.66,6.71,6.6,125540,83664686.0,1.66,0.45,0.03,1.0
2016-12-07,6.66,6.68,6.69,6.56,138206,91759784.0,1.95,0.3,0.02,1.1
2016-12-08,6.67,6.57,6.69,6.56,126892,83964260.0,1.95,-1.65,-0.11,1.01
2016-12-09,6.57,6.46,6.57,6.44,152337,99076495.0,1.98,-1.67,-0.11,1.22
2016-12-12,6.47,6.06,6.5,5.92,270352,168436393.0,8.98,-6.19,-0.4,2.16
2016-12-13,6.0,6.01,6.06,5.81,199302,118564386.0,4.13,-0.83,-0.05,1.59
2016-12-14,6.15,6.61,6.61,6.14,201931,131333472.0,7.82,9.98,0.6,1.61
2016-12-15,6.8,6.91,7.14,6.68,827552,572791712.0,6.96,4.54,0.3,6.6
2016-12-16,6.86,6.8,6.86,6.63,360067,243707187.0,3.33,-1.59,-0.11,2.87
2016-12-19,6.7,6.67,6.95,6.66,280835,190514853.0,4.26,-1.91,-0.13,2.24
2016-12-20,6.61,6.54,6.68,6.5,232381,152015320.0,2.7,-1.95,-0.13,1.85
2016-12-21,6.54,6.55,6.6,6.44,177877,115564310.0,2.45,0.15,0.01,1.42
2016-12-22,6.55,6.45,6.56,6.45,129960,84113091.0,1.68,-1.53,-0.1,1.04
2016-12-23,6.43,6.31,6.43,6.25,198226,125087997.0,2.79,-2.17,-0.14,1.58
2016-12-26,6.31,6.35,6.35,6.16,140005,87409982.0,3.01,0.63,0.04,1.12
2016-12-27,6.4,6.57,6.88,6.38,344007,229004983.0,7.87,3.46,0.22,2.74
2016-12-28,6.5,6.49,6.68,6.47,172780,113146811.0,3.2,-1.22,-0.08,1.38
2016-12-29,6.49,6.36,6.49,6.35,163952,105091091.0,2.16,-2.0,-0.13,1.31
2016-12-30,6.36,6.42,6.44,6.35,101068,64549257.0,1.42,0.94,0.06,0.81
2017-01-03,6.47,6.41,6.5,6.39,108592,69881158.0,1.71,-0.16,-0.01,0.87
2017-01-04,6.4,6.45,6.46,6.36,128370,82255406.0,1.56,0.62,0.04,1.03
2017-01-05,6.45,6.39,6.46,6.38,116983,74864534.0,1.24,-0.93,-0.06,0.94
2017-01-06,6.41,6.32,6.43,6.32,126729,80581260.0,1.72,-1.1,-0.07,1.01
2017-01-09,6.32,6.32,6.37,6.28,91993,58219667.0,1.42,0.0,0.0,0.74
2017-01-10,6.32,6.26,6.32,6.24,115425,72305891.0,1.27,-0.95,-0.06,0.92
2017-01-11,6.26,6.17,6.26,6.16,105887,65566877.0,1.6,-1.44,-0.09,0.85
2017-01-12,6.14,6.24,6.45,6.14,179127,113007343.0,5.02,1.13,0.07,1.43
2017-01-13,6.28,6.17,6.34,6.15,116592,72697141.0,3.04,-1.12,-0.07,0.93
2017-01-16,6.22,6.05,6.27,5.62,185396,112179405.0,10.53,-1.94,-0.12,1.48
2017-01-17,6.04,6.06,6.09,5.81,155173,92580231.0,4.63,0.17,0.01,1.24
2017-01-18,6.06,5.99,6.06,5.96,72618,43560764.0,1.65,-1.16,-0.07,0.58
2017-01-19,5.98,5.91,5.99,5.9,77421,45952956.0,1.5,-1.34,-0.08,0.62
2017-01-20,5.9,5.94,5.96,5.87,75956,45100279.0,1.52,0.51,0.03,0.61
2017-01-23,5.99,6.09,6.25,5.99,132768,81206488.0,4.38,2.53,0.15,1.06
2017-01-24,6.12,6.04,6.12,6.03,67781,41002458.0,1.48,-0.82,-0.05,0.54
2017-01-25,6.05,6.05,6.09,6.04,54810,33186809.0,0.83,0.17,0.01,0.44
2017-01-26,6.07,6.24,6.25,6.06,118440,72773763.0,3.14,3.14,0.19,0.95
2017-02-03,6.22,6.24,6.24,6.15,67252,41610356.0,1.44,0.0,0.0,0.54
2017-02-06,6.23,6.24,6.26,6.2,65456,40737245.0,0.96,0.0,0.0,0.52
2017-02-07,6.23,6.24,6.24,6.18,78585,48748417.0,0.96,0.0,0.0,0.63
2017-02-08,6.23,6.26,6.26,6.18,91620,57007688.0,1.28,0.32,0.02,0.73
2017-02-09,6.26,6.36,6.46,6.24,174578,111188405.0,3.51,1.6,0.1,1.4
2017-02-10,6.36,6.37,6.41,6.31,141030,89636224.0,1.57,0.16,0.01,1.13
2017-02-13,6.45,6.36,6.47,6.34,108262,69028394.0,2.04,-0.16,-0.01,0.87
2017-02-14,6.38,6.31,6.38,6.3,86463,54603911.0,1.26,-0.79,-0.05,0.69
2017-02-15,6.31,6.24,6.33,6.18,127019,79317414.0,2.38,-1.11,-0.07,1.02
2017-02-16,6.21,6.26,6.26,6.17,94800,58930813.0,1.44,0.32,0.02,0.76
2017-02-17,6.26,6.24,6.26,6.19,96061,59681428.0,1.12,-0.32,-0.02,0.77
2017-02-20,6.22,6.24,6.24,6.18,92361,57324294.0,0.96,0.0,0.0,0.74
2017-02-21,6.22,6.27,6.28,6.2,108121,67579208.0,1.28,0.48,0.03,0.86
2017-02-22,6.3,6.37,6.47,6.3,230839,147351294.0,2.71,1.59,0.1,1.85
2017-02-23,6.36,6.49,6.49,6.3,277019,176923815.0,2.98,1.88,0.12,2.22
2017-02-24,6.5,6.46,6.53,6.43,169376,109504003.0,1.54,-0.46,-0.03,1.35
2017-02-27,6.46,6.34,6.46,6.33,136490,87057305.0,2.01,-1.86,-0.12,1.09
2017-02-28,6.38,6.38,6.41,6.34,73635,46900068.0,1.1,0.63,0.04,0.59
2017-03-01,6.38,6.36,6.4,6.35,86044,54791544.0,0.78,-0.31,-0.02,0.69
2017-03-02,6.38,6.28,6.38,6.28,98091,62013988.0,1.57,-1.26,-0.08,0.78
2017-03-03,6.28,6.26,6.28,6.2,107018,66702556.0,1.27,-0.32,-0.02,0.86
2017-03-06,6.26,6.3,6.32,6.26,98855,62193359.0,0.96,0.64,0.04,0.79
2017-03-07,6.3,6.37,6.37,6.27,146779,92668276.0,1.59,1.11,0.07,1.17
2017-03-08,6.37,6.42,6.46,6.33,208472,133439521.0,2.04,0.78,0.05,1.67
2017-03-09,6.4,6.37,6.45,6.34,119228,76016500.0,1.71,-0.78,-0.05,0.95
2017-03-10,6.35,6.41,6.47,6.34,235770,151329658.0,2.04,0.63,0.04,1.89
2017-03-13,6.42,6.37,6.42,6.33,108308,68929420.0,1.4,-0.62,-0.04,0.87
2017-03-14,6.37,6.29,6.37,6.28,134220,84798689.0,1.41,-1.26,-0.08,1.07
2017-03-15,6.29,6.24,6.3,6.23,93684,58579503.0,1.11,-0.79,-0.05,0.75
2017-03-16,6.24,6.29,6.3,6.22,90781,56897432.0,1.28,0.8,0.05,0.73
2017-03-17,6.3,6.24,6.31,6.21,127922,79935656.0,1.59,-0.79,-0.05,1.02
2017-03-20,6.25,6.24,6.25,6.21,73550,45821682.0,0.64,0.0,0.0,0.59
2017-03-21,6.24,6.24,6.24,6.19,96408,59835639.0,0.8,0.0,0.0,0.77
2017-03-22,6.22,6.15,6.22,6.14,118727,73173108.0,1.28,-1.44,-0.09,0.95
2017-03-23,6.15,6.14,6.22,6.1,103991,63979492.0,1.95,-0.16,-0.01,0.83
2017-03-24,6.14,6.1,6.14,6.07,105092,64064804.0,1.14,-0.65,-0.04,0.84
2017-03-27,6.12,6.14,6.19,6.12,88908,54675574.0,1.15,0.66,0.04,0.71
2017-03-28,6.14,6.09,6.14,6.08,71433,43564411.0,0.98,-0.81,-0.05,0.57
2017-03-29,6.06,6.07,6.12,6.06,79765,48547977.0,0.99,-0.33,-0.02,0.64
2017-03-30,6.07,5.95,6.08,5.95,122853,73701498.0,2.14,-1.98,-0.12,0.98
2017-03-31,5.95,6.02,6.06,5.94,63365,38074728.0,2.02,1.18,0.07,0.51
2017-04-05,6.07,6.08,6.08,6.02,84618,51167448.0,1.0,1.0,0.06,0.68
2017-04-06,6.08,6.25,6.35,6.04,282205,175524969.0,5.1,2.8,0.17,2.26
2017-04-07,6.23,6.25,6.28,6.14,173329,107552197.0,2.24,0.0,0.0,1.39
2017-04-10,6.22,6.25,6.27,6.16,146971,91273170.0,1.76,0.0,0.0,1.18
2017-04-11,6.22,6.31,6.36,6.22,201025,126482049.0,2.24,0.96,0.06,1.61
2017-04-12,6.27,6.25,6.31,6.21,106676,66654726.0,1.58,-0.95,-0.06,0.85
2017-04-13,6.23,6.26,6.26,6.15,150210,92989501.0,1.76,0.16,0.01,1.2
2017-04-14,6.2,6.25,6.25,6.15,159889,99058034.0,1.6,-0.16,-0.01,1.28
2017-04-17,6.22,6.27,6.35,6.17,174357,109085538.0,2.88,0.32,0.02,1.39
2017-04-18,6.23,6.25,6.32,6.21,135682,84881235.0,1.75,-0.32,-0.02,1.09
2017-04-19,6.2,6.26,6.27,6.05,206966,127683497.0,3.52,0.16,0.01,1.66
2017-04-20,6.38,6.28,6.46,6.28,388975,247382599.0,2.88,0.32,0.02,3.11
2017-04-21,6.28,6.27,6.28,6.13,213214,131965986.0,2.39,-0.16,-0.01,1.71
2017-04-24,6.25,6.07,6.25,6.07,166900,102464713.0,2.87,-3.19,-0.2,1.34
2017-04-25,6.04,5.86,6.11,5.85,234500,139838403.0,4.28,-3.46,-0.21,1.88
2017-04-26,5.86,5.64,5.91,5.61,230321,131799267.0,5.12,-3.75,-0.22,1.84
2017-04-27,5.71,5.68,5.74,5.57,219201,123743671.0,3.01,0.71,0.04,1.75
2017-04-28,5.66,5.77,5.8,5.63,113180,64579978.0,2.99,1.58,0.09,0.91
2017-05-02,5.75,5.75,5.82,5.72,55998,32284877.0,1.73,-0.35,-0.02,0.45
2017-05-03,5.72,5.68,5.73,5.61,114606,64732240.0,2.09,-1.22,-0.07,0.92
2017-05-04,5.66,5.61,5.66,5.6,84046,47193621.0,1.06,-1.23,-0.07,0.67
2017-05-05,5.62,5.33,5.63,5.11,223576,119805375.0,9.27,-4.99,-0.28,1.79
2017-05-08,5.27,5.24,5.27,5.13,101756,52806707.0,2.63,-1.69,-0.09,0.81
2017-05-09,5.29,5.25,5.31,5.21,66268,34832137.0,1.91,0.19,0.01,0.53
2017-05-10,5.25,5.19,5.27,5.04,87885,45524527.0,4.38,-1.14,-0.06,0.7
2017-05-11,5.14,5.1,5.14,4.82,171628,85555720.0,6.17,-1.73,-0.09,1.37
2017-05-12,5.06,5.1,5.1,4.97,80068,40351079.0,2.55,0.0,0.0,0.64
2017-05-15,5.07,5.06,5.12,5.04,50034,25352315.0,1.57,-0.78,-0.04,0.4
2017-05-16,5.06,5.05,5.06,4.93,84179,42088543.0,2.57,-0.2,-0.01,0.67
2017-05-17,5.04,5.13,5.13,5.01,100027,50938288.0,2.38,1.58,0.08,0.8
2017-05-18,5.07,5.05,5.13,5.05,60058,30556914.0,1.56,-1.56,-0.08,0.48
2017-05-19,5.05,5.09,5.15,5.02,77172,39203278.0,2.57,0.79,0.04,0.62
2017-05-22,5.09,4.99,5.09,4.99,57278,28839192.0,1.96,-1.96,-0.1,0.46
2017-05-23,5.0,4.91,5.05,4.91,76598,38093978.0,2.81,-1.6,-0.08,0.61
2017-05-24,4.91,4.82,4.91,4.73,92877,44639688.0,3.67,-1.83,-0.09,0.74
2017-05-25,4.81,4.8,4.83,4.73,73743,35339963.0,2.07,-0.41,-0.02,0.59
2017-05-26,4.81,4.78,4.85,4.77,59199,28443429.0,1.67,-0.42,-0.02,0.47
2017-05-31,4.79,4.83,4.88,4.79,59489,28778327.0,1.88,1.05,0.05,0.47
2017-06-01,4.81,4.52,4.82,4.5,72923,34404165.0,6.63,-6.42,-0.31,0.58
2017-06-02,4.49,4.39,4.49,4.16,138429,59997397.0,7.3,-2.88,-0.13,1.1
2017-11-08,4.83,4.83,4.83,4.83,21805,10531583.0,0.0,10.02,0.44,0.17
2017-11-09,5.31,5.24,5.31,4.99,781202,406545392.0,6.63,8.49,0.41,6.24
2017-11-10,5.1,5.19,5.21,5.0,406529,207487784.0,4.01,-0.95,-0.05,3.25
2017-11-13,5.18,5.08,5.18,5.03,210499,106942701.0,2.89,-2.12,-0.11,1.68
2017-11-14,5.05,4.93,5.05,4.89,205615,101378160.0,3.15,-2.95,-0.15,1.64
2017-11-15,4.97,4.79,4.97,4.68,175795,83902007.0,5.88,-2.84,-0.14,1.4
2017-11-16,4.79,4.73,4.79,4.58,114831,53968542.0,4.38,-1.25,-0.06,0.92
2017-11-17,4.7,4.71,4.71,4.6,120378,56050490.0,2.33,-0.42,-0.02,0.96
2017-11-20,4.65,4.67,4.7,4.46,110794,50736567.0,5.1,-0.85,-0.04,0.88
2017-11-21,4.64,4.75,4.79,4.57,102109,48029468.0,4.71,1.71,0.08,0.82
2017-11-22,4.75,4.75,4.79,4.71,88766,42224539.0,1.68,0.0,0.0,0.71
2017-11-23,4.75,4.6,4.75,4.6,86867,40436481.0,3.16,-3.16,-0.15,0.69
2017-11-24,4.62,4.57,4.62,4.52,56371,25756346.0,2.17,-0.65,-0.03,0.45
2017-11-27,4.56,4.46,4.56,4.46,51116,23035737.0,2.19,-2.41,-0.11,0.41
2017-11-28,4.46,4.49,4.51,4.43,46842,20902625.0,1.79,0.67,0.03,0.37
2017-11-29,4.5,4.46,4.5,4.42,44888,20016050.0,1.78,-0.67,-0.03,0.36
2017-11-30,4.47,4.43,4.47,4.42,39609,17579847.0,1.12,-0.67,-0.03,0.32
2017-12-01,4.43,4.45,4.47,4.4,53388,23665425.0,1.58,0.45,0.02,0.43
2017-12-04,4.43,4.39,4.45,4.36,56316,24777687.0,2.02,-1.35,-0.06,0.45
2017-12-05,4.37,4.37,4.42,4.36,58490,25608072.0,1.37,-0.46,-0.02,0.47
2017-12-06,4.38,4.33,4.39,4.27,56390,24286644.0,2.75,-0.92,-0.04,0.45
2017-12-07,4.32,4.26,4.32,4.25,47618,20357267.0,1.62,-1.62,-0.07,0.38
2017-12-08,4.25,4.28,4.3,4.24,40212,17191768.0,1.41,0.47,0.02,0.32
2017-12-11,4.28,4.29,4.3,4.26,36992,15825088.0,0.93,0.23,0.01,0.3
2017-12-12,4.28,4.24,4.29,4.24,36140,15391037.0,1.17,-1.17,-0.05,0.29
2017-12-13,4.22,4.2,4.23,4.18,38434,16138422.0,1.18,-0.94,-0.04,0.31
2017-12-14,4.21,4.21,4.22,4.18,28379,11934680.0,0.95,0.24,0.01,0.23
2017-12-15,4.21,4.19,4.21,4.17,34670,14497571.0,0.95,-0.48,-0.02,0.28
2017-12-18,4.2,4.12,4.21,4.11,41869,17415460.0,2.39,-1.67,-0.07,0.33
2017-12-19,4.14,4.25,4.26,4.13,77460,32705696.0,3.16,3.16,0.13,0.62
2017-12-20,4.23,4.24,4.25,4.2,42323,17847194.0,1.18,-0.24,-0.01,0.34
2017-12-21,4.24,4.23,4.24,4.17,39449,16568622.0,1.65,-0.24,-0.01,0.31
2017-12-22,4.21,4.18,4.21,4.18,42349,17754438.0,0.71,-1.18,-0.05,0.34
2017-12-25,4.2,4.12,4.24,4.12,45607,18975848.0,2.87,-1.44,-0.06,0.36
2017-12-26,4.14,4.15,4.15,4.0,86225,35191787.0,3.64,0.73,0.03,0.69
2017-12-27,4.13,4.12,4.14,4.08,46486,19040513.0,1.45,-0.72,-0.03,0.37
2017-12-28,4.11,4.12,4.13,4.09,47405,19457651.0,0.97,0.0,0.0,0.38
2017-12-29,4.13,4.22,4.23,4.07,83241,34549729.0,3.88,2.43,0.1,0.66
2018-01-02,4.22,4.25,4.3,4.2,99613,42347462.0,2.37,0.71,0.03,0.8
2018-01-03,4.25,4.35,4.36,4.23,125710,54116724.0,3.06,2.35,0.1,1.0
2018-01-04,4.34,4.37,4.45,4.34,128410,56729427.0,2.53,0.46,0.02,1.02
2018-01-05,4.39,4.34,4.41,4.31,80927,35123991.0,2.29,-0.69,-0.03,0.65
2018-01-08,4.35,4.49,4.54,4.35,148965,66410266.0,4.38,3.46,0.15,1.19
2018-01-09,4.47,4.6,4.61,4.44,156729,71226946.0,3.79,2.45,0.11,1.25
2018-01-10,4.56,4.79,4.98,4.56,271452,129484039.0,9.13,4.13,0.19,2.17
2018-01-11,4.86,4.76,4.88,4.68,140656,67321153.0,4.18,-0.63,-0.03,1.12
2018-01-12,4.68,4.79,4.8,4.67,124059,58657526.0,2.73,0.63,0.03,0.99
2018-01-15,4.83,4.81,4.93,4.8,157223,76105468.0,2.71,0.42,0.02,1.25
2018-01-16,4.79,4.81,4.85,4.7,98415,47089978.0,3.12,0.0,0.0,0.79
2018-01-17,4.85,4.86,4.86,4.78,90633,43611414.0,1.66,1.04,0.05,0.72
2018-01-18,4.86,5.05,5.1,4.83,230838,115069549.0,5.56,3.91,0.19,1.84
2018-01-19,5.05,5.19,5.2,4.95,231482,117389735.0,4.95,2.77,0.14,1.85
2018-01-22,5.18,5.16,5.25,5.1,130419,67177486.0,2.89,-0.58,-0.03,1.04
2018-01-23,5.17,5.1,5.19,5.04,139357,70925336.0,2.91,-1.16,-0.06,1.11
2018-01-24,5.09,4.93,5.11,4.92,157202,78166784.0,3.73,-3.33,-0.17,1.25
2018-01-25,4.95,4.87,4.96,4.84,92633,45146321.0,2.43,-1.22,-0.06,0.74
2018-01-26,4.88,4.78,4.88,4.73,140771,67313586.0,3.08,-1.85,-0.09,1.12
2018-02-12,4.3,4.3,4.3,4.3,76811,33028730.0,0.0,-10.04,-0.48,0.61
2018-02-13,4.28,4.7,4.73,4.28,370184,166877069.0,10.47,9.3,0.4,2.95
2018-02-14,4.64,4.53,4.64,4.5,177697,80847200.0,2.98,-3.62,-0.17,1.42
2018-02-22,4.57,4.53,4.62,4.49,65657,29810862.0,2.87,0.0,0.0,0.52
2018-02-23,4.55,4.53,4.56,4.48,45851,20688559.0,1.77,0.0,0.0,0.37
2018-02-26,4.51,4.55,4.57,4.47,144038,64986846.0,2.21,0.44,0.02,1.15
2018-02-27,4.55,4.51,4.58,4.49,104389,47125082.0,1.98,-0.88,-0.04,0.83
2018-02-28,4.48,4.45,4.5,4.42,66463,29537011.0,1.77,-1.33,-0.06,0.53
2018-03-01,4.48,4.59,4.63,4.47,135714,62132264.0,3.6,3.15,0.14,1.08
2018-07-02,4.07,4.07,4.07,4.07,24263,9875041.0,0.0,-11.33,-0.52,0.19
2018-07-03,3.66,3.66,3.66,3.66,31505,11530830.0,0.0,-10.07,-0.41,0.25
2018-07-04,3.29,3.38,3.65,3.29,358596,122047043.0,9.84,-7.65,-0.28,2.88
2018-07-05,3.25,3.12,3.32,3.11,232742,74767768.0,6.21,-7.69,-0.26,1.87
2018-07-06,3.05,3.08,3.11,2.81,374648,110367825.0,9.62,-1.28,-0.04,3.0
2018-07-09,2.98,3.11,3.11,2.94,174950,53591596.0,5.52,0.97,0.03,1.4
2018-07-10,3.12,3.27,3.37,3.07,171743,55347155.0,9.65,5.14,0.16,1.38
2018-07-11,3.2,3.24,3.33,3.16,126025,40807556.0,5.2,-0.92,-0.03,1.01
2018-07-12,3.17,3.34,3.35,3.17,136219,45072616.0,5.56,3.09,0.1,1.09
2018-07-13,3.34,3.48,3.65,3.29,156927,53762236.0,10.78,4.19,0.14,1.26
2018-07-16,3.41,3.6,3.64,3.41,163138,58019223.0,6.61,3.45,0.12,1.31
2018-07-17,3.6,3.84,3.91,3.6,190959,71661078.0,8.61,6.67,0.24,1.53
2018-07-18,4.22,4.09,4.22,3.98,333365,137090233.0,6.25,6.51,0.25,2.67
2018-07-19,4.16,4.5,4.5,4.11,1007915,447231984.0,9.54,10.02,0.41,8.08
2018-07-20,4.52,4.95,4.95,4.4,479806,230004143.0,12.22,10.0,0.45,3.85
2018-07-23,5.45,5.02,5.45,4.94,1378737,724555440.0,10.3,1.41,0.07,11.06
2018-07-24,5.0,5.52,5.52,4.89,2033148,1072963280.0,12.55,9.96,0.5,16.3
2018-07-25,5.04,5.15,5.45,4.97,1461321,757194576.0,8.7,-6.7,-0.37,11.72
2018-07-26,5.04,4.84,5.13,4.79,975112,480293664.0,6.6,-6.02,-0.31,7.82
2018-07-27,4.79,4.61,4.95,4.58,746680,355285792.0,7.64,-4.75,-0.23,5.99
2018-07-30,4.73,5.06,5.06,4.67,1084727,532600400.0,8.46,9.76,0.45,8.7
2018-07-31,4.84,4.73,5.03,4.67,714449,346307792.0,7.11,-6.52,-0.33,5.73
2018-08-01,4.91,4.78,4.95,4.69,503378,242084605.0,5.5,1.06,0.05,4.04
2018-08-02,4.63,4.41,4.72,4.32,646604,289734384.0,8.37,-7.74,-0.37,5.19
2018-08-03,4.48,4.42,4.59,4.38,383900,171729117.0,4.76,0.23,0.01,3.08
2018-08-06,4.41,3.98,4.48,3.98,551507,228460896.0,11.31,-9.95,-0.44,4.42
2018-08-07,3.94,4.04,4.09,3.67,517959,204112457.0,10.55,1.51,0.06,4.15
2018-08-08,4.09,4.22,4.37,4.03,596077,253391203.0,8.42,4.46,0.18,4.78
2018-08-09,4.3,4.26,4.32,4.12,395485,167316335.0,4.74,0.95,0.04,3.17
2018-08-10,4.26,4.18,4.26,3.94,467292,192605117.0,7.51,-1.88,-0.08,3.75
2018-08-13,4.13,4.14,4.32,4.03,482813,200569657.0,6.94,-0.96,-0.04,3.87
2018-08-14,4.11,4.05,4.18,4.05,320619,131367044.0,3.14,-2.17,-0.09,2.57
2018-08-15,4.0,3.89,4.11,3.89,281541,112273209.0,5.43,-3.95,-0.16,2.26
2018-08-16,3.89,3.82,3.96,3.8,278695,108365758.0,4.11,-1.8,-0.07,2.23
2018-08-17,3.95,3.86,4.1,3.84,369512,146213142.0,6.81,1.05,0.04,2.96
2018-08-20,3.78,3.85,3.86,3.68,315696,118767659.0,4.66,-0.26,-0.01,2.53
2018-08-21,3.86,3.82,3.91,3.76,227614,87412558.0,3.9,-0.78,-0.03,1.83
2018-08-22,3.87,3.61,3.87,3.6,332226,123308210.0,7.07,-5.5,-0.21,2.66
2018-08-23,3.59,3.65,3.67,3.57,258713,94083923.0,2.77,1.11,0.04,2.07
2018-08-24,3.67,3.64,3.68,3.6,163021,59180934.0,2.19,-0.27,-0.01,1.31
2018-08-27,3.65,3.74,3.78,3.62,218939,81183915.0,4.4,2.75,0.1,1.76
2018-08-28,3.74,3.94,3.98,3.7,412360,159843430.0,7.49,5.35,0.2,3.31
2018-08-29,3.96,3.87,3.98,3.8,248471,95984990.0,4.57,-1.78,-0.07,1.99
2018-08-30,3.85,3.77,3.91,3.76,155633,59491496.0,3.88,-2.58,-0.1,1.25
2018-08-31,3.76,3.66,3.78,3.65,159067,58706678.0,3.45,-2.92,-0.11,1.28
2018-09-03,3.7,3.61,3.71,3.52,149811,53803181.0,5.19,-1.37,-0.05,1.2
2018-09-04,3.68,3.66,3.71,3.6,145296,53032121.0,3.05,1.39,0.05,1.17
2018-09-05,3.63,3.63,3.74,3.6,178157,65231383.0,3.83,-0.82,-0.03,1.43
2018-09-06,3.61,3.51,3.66,3.5,197287,70455674.0,4.41,-3.31,-0.12,1.58
2018-09-07,3.51,3.55,3.57,3.5,165278,58369329.0,1.99,1.14,0.04,1.33
2018-09-10,3.55,3.4,3.56,3.38,209243,71729761.0,5.07,-4.23,-0.15,1.68
2018-09-11,3.39,3.44,3.49,3.29,212192,71778696.0,5.88,1.18,0.04,1.7
2018-09-12,3.4,3.42,3.46,3.37,150640,51571832.0,2.62,-0.58,-0.02,1.21
2018-09-13,3.46,3.43,3.53,3.38,140450,48123342.0,4.39,0.29,0.01,1.13
2018-09-14,3.43,3.43,3.44,3.37,121433,41401063.0,2.04,0.0,0.0,0.97
2018-09-17,3.43,3.26,3.43,3.26,130469,43288343.0,4.96,-4.96,-0.17,1.05
2018-09-18,3.21,3.36,3.36,3.21,181388,60071412.0,4.6,3.07,0.1,1.45
2018-09-19,3.37,3.37,3.42,3.31,152016,51294457.0,3.27,0.3,0.01,1.22
2018-09-20,3.38,3.48,3.57,3.35,347086,120155829.0,6.53,3.26,0.11,2.78
2018-09-21,3.5,3.48,3.54,3.45,231992,80863224.0,2.59,0.0,0.0,1.86
2018-09-25,3.43,3.42,3.45,3.37,133702,45556933.0,2.3,-1.72,-0.06,1.07
2018-09-26,3.39,3.4,3.48,3.39,138337,47514908.0,2.63,-0.58,-0.02,1.11
2018-09-27,3.4,3.24,3.4,3.24,198274,65705166.0,4.71,-4.71,-0.16,1.59
2018-09-28,3.26,3.33,3.34,3.26,126636,41895256.0,2.47,2.78,0.09,1.02
2018-10-08,3.32,3.21,3.32,3.16,155524,50145893.0,4.8,-3.6,-0.12,1.25
2018-10-09,3.2,3.14,3.23,3.09,141248,44522036.0,4.36,-2.18,-0.07,1.13
2018-10-10,3.14,3.15,3.18,3.1,101032,31731028.0,2.55,0.32,0.01,0.81
2018-10-11,2.95,2.85,3.04,2.84,234089,68474766.0,6.35,-9.52,-0.3,1.88
2018-10-12,2.81,2.8,2.89,2.62,222963,61501081.0,9.47,-1.75,-0.05,1.79
2018-10-15,2.86,2.8,2.93,2.76,175840,49854730.0,6.07,0.0,0.0,1.41
2018-10-16,2.8,2.75,2.85,2.72,134948,37524851.0,4.64,-1.79,-0.05,1.08
2018-10-17,2.78,2.73,2.82,2.66,131169,35740118.0,5.82,-0.73,-0.02,1.05
2018-10-18,2.68,2.5,2.7,2.46,220766,56796874.0,8.79,-8.42,-0.23,1.77
2018-10-19,2.44,2.65,2.69,2.41,224942,57890194.0,11.2,6.0,0.15,1.8
2018-10-22,2.73,2.84,2.88,2.7,256950,71804975.0,6.79,7.17,0.19,2.06
2018-10-23,2.8,2.81,2.96,2.78,233185,66510318.0,6.34,-1.06,-0.03,1.87
2018-10-24,2.8,2.84,2.91,2.77,190280,54290351.0,4.98,1.07,0.03,1.53
2018-10-25,2.73,2.99,3.02,2.66,314260,90360223.0,12.68,5.28,0.15,2.52
2018-10-26,2.99,3.01,3.1,2.93,303071,91626780.0,5.69,0.67,0.02,2.43
2018-10-29,2.95,2.88,2.98,2.85,172159,50108318.0,4.32,-4.32,-0.13,1.38
2018-10-30,2.92,2.88,2.96,2.87,145354,42223875.0,3.13,0.0,0.0,1.17
2018-10-31,2.88,2.9,2.93,2.84,121714,35236973.0,3.13,0.69,0.02,0.98
2018-11-01,2.9,2.93,3.04,2.89,199308,58750185.0,5.17,1.03,0.03,1.6
2018-11-02,2.96,2.99,3.03,2.94,194173,57908348.0,3.07,2.05,0.06,1.56
2018-11-05,3.01,3.13,3.25,2.99,322491,100661898.0,8.7,4.68,0.14,2.59
2018-11-06,3.16,3.14,3.16,3.03,223800,68892627.0,4.15,0.32,0.01,1.79
2018-11-07,3.14,3.07,3.18,3.06,159068,49595579.0,3.82,-2.23,-0.07,1.28
2018-11-08,3.09,3.05,3.13,3.03,120140,36987075.0,3.26,-0.65,-0.02,0.96
2018-11-09,3.03,3.02,3.07,3.0,102717,31109670.0,2.3,-0.98,-0.03,0.82
2018-11-12,3.0,3.15,3.15,2.98,204599,63236402.0,5.63,4.3,0.13,1.64
2018-11-13,3.12,3.23,3.3,3.09,286281,92025881.0,6.67,2.54,0.08,2.3
2018-11-14,3.23,3.21,3.28,3.19,207349,67090102.0,2.79,-0.62,-0.02,1.66
2018-11-15,3.24,3.26,3.28,3.19,160203,51919554.0,2.8,1.56,0.05,1.28
2018-11-16,3.26,3.23,3.27,3.21,157417,50980784.0,1.84,-0.92,-0.03,1.26
2018-11-19,3.25,3.2,3.28,3.15,183369,58729869.0,4.02,-0.93,-0.03,1.47
2018-11-20,3.21,3.08,3.21,3.05,156554,48875424.0,5.0,-3.75,-0.12,1.26
2018-11-21,3.01,3.06,3.07,2.96,131008,39675554.0,3.57,-0.65,-0.02,1.05
2018-11-22,3.05,3.09,3.15,3.05,143336,44423651.0,3.27,0.98,0.03,1.15
2018-11-23,3.07,2.92,3.1,2.89,225620,66790260.0,6.8,-5.5,-0.17,1.81
2018-11-26,2.9,2.81,2.91,2.81,135222,38552000.0,3.42,-3.77,-0.11,1.08
2018-11-27,2.86,2.82,2.86,2.79,85524,24103075.0,2.49,0.36,0.01,0.69
2018-11-28,2.83,2.83,2.83,2.71,100792,28019155.0,4.26,0.35,0.01,0.81
2018-11-29,2.84,2.73,2.85,2.72,104501,29170077.0,4.59,-3.53,-0.1,0.84
2018-11-30,2.73,3.0,3.0,2.73,423409,125749798.0,9.89,9.89,0.27,3.4
2018-12-03,3.2,3.07,3.23,3.02,487906,150928223.0,7.0,2.33,0.07,3.91
2018-12-04,3.02,3.01,3.05,2.98,253698,76563199.0,2.28,-1.95,-0.06,2.03
2018-12-05,2.93,3.03,3.11,2.91,287293,86696971.0,6.64,0.66,0.02,2.3
2018-12-06,3.01,2.95,3.07,2.94,170354,51182210.0,4.29,-2.64,-0.08,1.37
2018-12-07,3.0,2.94,3.0,2.93,95343,28131353.0,2.37,-0.34,-0.01,0.76
2018-12-10,2.91,3.23,3.23,2.89,290323,92867840.0,11.56,9.86,0.29,2.33
2018-12-11,3.29,3.44,3.54,3.25,1042981,353697472.0,8.98,6.5,0.21,8.36
2018-12-12,3.36,3.25,3.39,3.24,651240,214905731.0,4.36,-5.52,-0.19,5.22
2018-12-13,3.24,3.23,3.31,3.2,424843,138225618.0,3.38,-0.62,-0.02,3.41
2018-12-14,3.21,3.21,3.28,3.17,296871,95458475.0,3.41,-0.62,-0.02,2.38
2018-12-17,3.18,3.29,3.39,3.16,392013,128887713.0,7.17,2.49,0.08,3.14
2018-12-18,3.22,3.15,3.27,3.1,314775,99799932.0,5.17,-4.26,-0.14,2.52
2018-12-19,3.2,3.1,3.2,3.07,218083,68136801.0,4.13,-1.59,-0.05,1.75
2018-12-20,3.12,3.18,3.18,3.04,260573,81124322.0,4.52,2.58,0.08,2.09
2018-12-21,3.15,3.17,3.22,3.09,227787,71789078.0,4.09,-0.31,-0.01,1.83
2018-12-24,3.14,3.16,3.22,3.09,148941,46841095.0,4.1,-0.32,-0.01,1.19
2018-12-25,3.11,3.04,3.18,3.02,214189,65562713.0,5.06,-3.8,-0.12,1.72
2018-12-26,3.07,3.05,3.14,3.04,210474,64728098.0,3.29,0.33,0.01,1.69
2018-12-27,3.08,2.95,3.12,2.92,208019,63026078.0,6.56,-3.28,-0.1,1.67
2018-12-28,2.97,2.95,3.05,2.89,160166,47454532.0,5.42,0.0,0.0,1.28
2019-01-02,2.96,2.92,3.0,2.9,135200,39708884.0,3.39,-1.02,-0.03,1.08
2019-01-03,2.91,2.85,2.94,2.85,137942,39824229.0,3.08,-2.4,-0.07,1.1
2019-01-04,2.75,2.82,2.84,2.58,324305,89270139.0,9.12,-1.05,-0.03,2.6
2019-01-07,2.8,2.95,2.95,2.76,311015,89916044.0,6.74,4.61,0.13,2.49
2019-01-08,2.92,2.92,2.95,2.87,250891,73045922.0,2.71,-1.02,-0.03,2.01
2019-01-09,2.9,2.91,3.03,2.9,231687,68386073.0,4.45,-0.34,-0.01,1.85
2019-01-10,3.02,2.99,3.08,2.92,307385,91770495.0,5.5,2.75,0.08,2.46
2019-01-11,2.96,2.96,3.0,2.93,221219,65455629.0,2.34,-1.0,-0.03,1.77
2019-01-14,2.97,2.92,2.98,2.91,177917,52290112.0,2.36,-1.35,-0.04,1.42
2019-01-15,2.92,2.93,2.94,2.87,143908,41788481.0,2.4,0.34,0.01,1.15
2019-01-16,2.92,2.86,2.94,2.86,160064,46148511.0,2.73,-2.39,-0.07,1.28
2019-01-17,2.86,2.87,2.9,2.83,105712,30332740.0,2.45,0.35,0.01,0.85
2019-01-18,2.87,2.89,2.9,2.85,108491,31262624.0,1.74,0.7,0.02,0.87
2019-01-21,2.97,3.18,3.18,2.97,238013,74874426.0,7.27,10.03,0.29,1.91
2019-01-22,3.4,3.11,3.43,3.1,989721,323646816.0,10.38,-2.2,-0.07,7.92
2019-01-23,3.01,3.21,3.27,3.01,662089,206337055.0,8.36,3.22,0.1,5.3
2019-01-24,3.14,3.08,3.17,3.07,475269,148219566.0,3.12,-4.05,-0.13,3.8
2019-01-25,3.05,3.0,3.14,3.0,299652,91690119.0,4.55,-2.6,-0.08,2.4
2019-01-28,3.01,2.92,3.04,2.91,235586,69974768.0,4.33,-2.67,-0.08,1.89
2019-01-29,2.91,2.84,2.93,2.74,209575,59623245.0,6.51,-2.74,-0.08,1.68
2019-01-30,2.84,2.85,3.0,2.81,229557,66656729.0,6.69,0.35,0.01,1.84
2019-01-31,2.65,2.78,2.85,2.65,314259,86706984.0,7.02,-2.46,-0.07,2.52
2019-02-01,2.77,2.94,2.94,2.77,190623,55044755.0,6.12,5.76,0.16,1.53
2019-02-11,2.94,2.98,3.0,2.92,133978,39687552.0,2.72,1.36,0.04,1.07
2019-02-12,2.97,3.02,3.04,2.95,171067,51449891.0,3.02,1.34,0.04,1.37
2019-02-13,3.02,3.05,3.09,2.98,278342,84594120.0,3.64,0.99,0.03,2.23
2019-02-14,3.03,3.01,3.07,2.99,240779,72626373.0,2.62,-1.31,-0.04,1.93
2019-02-15,3.01,3.31,3.31,3.0,345581,113340341.0,10.3,9.97,0.3,2.77
2019-02-18,3.31,3.36,3.39,3.2,1035492,342408224.0,5.74,1.51,0.05,8.29
2019-02-19,3.3,3.32,3.36,3.23,644002,212200772.0,3.87,-1.19,-0.04,5.15
2019-02-20,3.3,3.4,3.47,3.25,757149,255461734.0,6.63,2.41,0.08,6.06
2019-02-21,3.3,3.25,3.34,3.2,673742,220560378.0,4.12,-4.41,-0.15,5.39
2019-02-22,3.21,3.27,3.32,3.21,377647,123585102.0,3.38,0.62,0.02,3.02
2019-02-25,3.32,3.46,3.53,3.25,867501,292886000.0,8.56,5.81,0.19,6.94
2019-02-26,3.47,3.43,3.55,3.33,841293,288480112.0,6.36,-0.87,-0.03,6.73
2019-02-27,3.41,3.39,3.46,3.35,509821,173865992.0,3.21,-1.17,-0.04,4.08
2019-02-28,3.4,3.44,3.47,3.38,414733,142028576.0,2.65,1.47,0.05,3.32
2019-03-01,3.43,3.39,3.46,3.32,374432,126301368.0,4.07,-1.45,-0.05,3.0
2019-03-04,3.37,3.45,3.52,3.37,645667,222893172.0,4.42,1.77,0.06,5.17
2019-03-05,3.45,3.56,3.56,3.42,653069,229845886.0,4.06,3.19,0.11,5.23
2019-03-06,3.58,3.74,3.79,3.53,863745,317217472.0,7.3,5.06,0.18,6.91
2019-03-07,3.72,3.83,3.94,3.62,853951,317928352.0,8.56,2.41,0.09,6.84
2019-03-08,3.7,3.46,3.77,3.45,658483,239473363.0,8.36,-9.66,-0.37,5.27
2019-03-11,3.5,3.81,3.81,3.5,518744,190853155.0,8.96,10.12,0.35,4.15
2019-03-12,4.1,3.93,4.1,3.81,1207102,476312880.0,7.61,3.15,0.12,9.66
2019-03-13,3.95,3.81,3.98,3.8,558856,215901912.0,4.58,-3.05,-0.12,4.47
2019-03-14,3.79,3.64,3.79,3.53,446981,163270493.0,6.82,-4.46,-0.17,3.58
2019-03-15,3.66,3.64,3.73,3.59,278162,101851095.0,3.85,0.0,0.0,2.23
2019-03-18,3.63,3.71,3.73,3.6,271965,100193493.0,3.57,1.92,0.07,2.18
2019-03-19,3.67,3.73,3.81,3.66,271325,101080560.0,4.04,0.54,0.02,2.17
2019-03-20,3.69,3.66,3.71,3.6,255612,93369660.0,2.95,-1.88,-0.07,2.05
2019-03-21,3.66,3.67,3.71,3.63,273109,100267426.0,2.19,0.27,0.01,2.19
2019-03-22,3.74,3.92,4.03,3.73,895893,347967952.0,8.17,6.81,0.25,7.17
2019-03-25,3.8,3.75,3.84,3.7,416091,156670522.0,3.57,-4.34,-0.17,3.33
2019-03-26,3.75,3.59,3.77,3.56,349801,127373235.0,5.6,-4.27,-0.16,2.8
2019-03-27,3.69,3.62,3.73,3.56,302998,109893260.0,4.74,0.84,0.03,2.43
2019-03-28,3.57,3.56,3.69,3.5,276337,98449643.0,5.25,-1.66,-0.06,2.21
2019-03-29,3.6,3.62,3.65,3.51,250057,89914815.0,3.93,1.69,0.06,2.0
2019-04-01,3.63,3.8,3.87,3.59,573431,213548799.0,7.73,4.97,0.18,4.59
2019-04-02,3.82,4.18,4.18,3.82,367634,152035008.0,9.47,10.0,0.38,2.94
2019-04-03,4.38,4.1,4.38,4.03,1579144,667590064.0,8.37,-1.91,-0.08,12.64
2019-04-04,3.96,4.09,4.28,3.96,936699,386314240.0,7.8,-0.24,-0.01,7.5
2019-04-08,4.13,4.07,4.22,3.96,624532,253678360.0,6.36,-0.49,-0.02,5.0
2019-04-09,4.02,3.98,4.04,3.93,342174,135920722.0,2.7,-2.21,-0.09,2.74
2019-04-10,3.98,4.12,4.25,3.95,656145,268950528.0,7.54,3.52,0.14,5.25
2019-04-11,4.25,4.53,4.53,4.19,2116593,935296400.0,8.25,9.95,0.41,16.94
2019-04-12,4.4,4.15,4.4,4.12,1477558,626520912.0,6.18,-8.39,-0.38,11.83
2019-04-15,4.09,4.06,4.26,4.06,613787,254458016.0,4.82,-2.17,-0.09,4.91
2019-04-16,4.01,4.12,4.12,3.96,478207,193681740.0,3.94,1.48,0.06,3.83
2019-04-17,4.11,4.2,4.25,4.05,568850,237262563.0,4.85,1.94,0.08,4.55
2019-04-18,4.18,4.08,4.24,4.06,422711,174289881.0,4.29,-2.86,-0.12,3.38
2019-04-19,4.07,4.11,4.14,4.02,275574,112433699.0,2.94,0.74,0.03,2.21
2019-04-22,4.06,4.05,4.11,4.03,214894,87228336.0,1.95,-1.46,-0.06,1.72
2019-04-23,4.06,3.9,4.07,3.88,285395,113398527.0,4.69,-3.7,-0.15,2.28
2019-04-24,3.9,3.95,3.97,3.87,205091,80526197.0,2.56,1.28,0.05,1.64
2019-04-25,3.93,3.73,3.95,3.73,293328,112629982.0,5.57,-5.57,-0.22,2.35
2019-04-26,3.71,3.65,3.75,3.63,210305,77514254.0,3.22,-2.14,-0.08,1.68
2019-04-29,3.64,3.34,3.67,3.31,325550,111485873.0,9.86,-8.49,-0.31,2.61
2019-04-30,3.37,3.4,3.46,3.35,155298,52856677.0,3.29,1.8,0.06,1.24
2019-05-06,3.31,3.12,3.34,3.06,383255,121585512.0,8.24,-8.24,-0.28,3.07
2019-05-07,3.12,3.19,3.24,3.12,169362,53854671.0,3.85,2.24,0.07,1.36
2019-05-08,3.14,3.2,3.28,3.07,176747,56697956.0,6.58,0.31,0.01,1.41
2019-05-09,3.17,3.25,3.28,3.15,181652,58571328.0,4.06,1.56,0.05,1.45
2019-05-10,3.27,3.37,3.38,3.22,323816,107578627.0,4.92,3.69,0.12,2.59
2019-05-13,3.36,3.32,3.38,3.3,98683,32866547.0,2.37,-1.48,-0.05,0.79
2019-05-14,3.23,3.34,3.34,3.2,124805,41193368.0,4.22,0.6,0.02,1.0
2019-05-15,3.36,3.46,3.52,3.34,205925,70554456.0,5.39,3.59,0.12,1.65
2019-05-16,3.48,3.58,3.81,3.46,433278,158786429.0,10.12,3.47,0.12,3.47
2019-05-17,3.56,3.45,3.68,3.41,340859,120688245.0,7.54,-3.63,-0.13,2.73
2019-05-20,3.55,3.41,3.78,3.32,349007,121398442.0,13.33,-1.16,-0.04,2.79
2019-05-21,3.4,3.45,3.57,3.22,213091,73196446.0,10.26,1.17,0.04,1.71
2019-05-22,3.41,3.42,3.47,3.36,178988,60851261.0,3.19,-0.87,-0.03,1.43
2019-05-23,3.38,3.34,3.42,3.23,220715,73202278.0,5.56,-2.34,-0.08,1.77
2019-05-24,3.28,3.32,3.32,3.21,126857,41390527.0,3.29,-0.6,-0.02,1.02
2019-05-27,3.3,3.28,3.31,3.16,154386,50490948.0,4.52,-1.2,-0.04,1.24
2019-05-28,3.28,3.25,3.34,3.24,124325,40875468.0,3.05,-0.91,-0.03,0.99
2019-05-29,3.23,3.22,3.28,3.21,69368,22522471.0,2.15,-0.92,-0.03,0.56
2019-05-30,3.24,3.15,3.24,3.12,103110,32606141.0,3.73,-2.17,-0.07,0.74
2019-05-31,3.2,3.14,3.22,3.14,169626,53984206.0,2.54,-0.32,-0.01,1.22
2019-06-03,3.14,3.09,3.19,3.08,153713,47864742.0,3.5,-1.59,-0.05,1.11
2019-06-04,3.09,3.05,3.11,2.99,143735,43543293.0,3.88,-1.29,-0.04,1.03
2019-06-05,3.04,3.03,3.07,3.01,105833,32058791.0,1.97,-0.66,-0.02,0.76
2019-06-06,3.03,3.05,3.05,2.93,170384,50639540.0,3.96,0.66,0.02,1.23
2019-06-10,3.05,3.07,3.18,3.0,160949,49271714.0,5.9,0.66,0.02,1.16
2019-06-11,3.04,3.08,3.14,3.03,205083,63458726.0,3.58,0.33,0.01,1.48
2019-06-12,3.07,3.06,3.1,3.05,120153,36931413.0,1.62,-0.65,-0.02,0.87
2019-06-13,3.07,3.07,3.1,3.02,104139,31830755.0,2.61,0.33,0.01,0.75
2019-06-14,3.05,2.99,3.09,2.93,195706,58527978.0,5.21,-2.61,-0.08,1.41
2019-06-17,3.0,2.94,3.0,2.93,96088,28426124.0,2.34,-1.67,-0.05,0.69
2019-06-18,2.95,2.92,2.98,2.92,71007,20865110.0,2.04,-0.68,-0.02,0.51
2019-06-19,2.95,2.93,2.99,2.93,97873,28818665.0,2.05,0.34,0.01,0.7
2019-06-20,2.93,2.99,2.99,2.86,162184,47729357.0,4.44,2.05,0.06,1.17
2019-06-21,3.04,3.08,3.12,3.01,229926,70364113.0,3.68,3.01,0.09,1.66
2019-06-24,3.1,3.05,3.14,3.05,210069,64862098.0,2.92,-0.97,-0.03,1.51
2019-06-25,3.03,2.99,3.08,2.95,137811,41480681.0,4.26,-1.97,-0.06,0.99
2019-06-26,2.96,2.97,3.02,2.95,195303,58353387.0,2.34,-0.67,-0.02,1.41
2019-06-27,2.97,2.92,2.99,2.92,175383,51725330.0,2.36,-1.68,-0.05,1.26
2019-06-28,2.94,2.89,2.94,2.86,107876,31177015.0,2.74,-1.03,-0.03,0.78
2019-07-01,2.94,2.99,2.99,2.92,179840,53194102.0,2.42,3.46,0.1,1.29
2019-07-02,3.02,3.06,3.19,2.98,413531,126846579.0,7.02,2.34,0.07,2.98
2019-07-03,3.01,3.0,3.02,2.93,218029,64582319.0,2.94,-1.96,-0.06,1.57
2019-07-04,2.98,2.97,2.98,2.93,108761,32117926.0,1.67,-1.0,-0.03,0.78
2019-07-05,2.97,2.94,2.97,2.92,56083,16486534.0,1.68,-1.01,-0.03,0.4
2019-07-08,2.93,2.88,2.93,2.82,146037,41844879.0,3.74,-2.04,-0.06,1.05
2019-07-09,2.86,2.87,2.9,2.83,114607,32734723.0,2.43,-0.35,-0.01,0.83
2019-07-10,2.87,2.87,2.87,2.83,50618,14431894.0,1.39,0.0,0.0,0.36
2019-07-11,2.85,2.85,2.88,2.84,88590,25294750.0,1.39,-0.7,-0.02,0.64
2019-07-12,2.85,2.85,2.86,2.81,61495,17428857.0,1.75,0.0,0.0,0.44
2019-07-15,2.84,2.78,2.84,2.66,123887,34265029.0,6.32,-2.46,-0.07,0.89
2019-07-16,2.76,2.81,2.82,2.76,65540,18376469.0,2.16,1.08,0.03,0.47
2019-07-17,2.79,2.8,2.81,2.76,104590,29091734.0,1.78,-0.36,-0.01,0.75
2019-07-18,2.77,2.78,2.78,2.7,150623,41182713.0,2.86,-0.71,-0.02,1.08
2019-07-19,2.75,2.75,2.79,2.73,92608,25633933.0,2.16,-1.08,-0.03,0.67
2019-07-22,2.76,2.72,2.79,2.66,104484,28528153.0,4.73,-1.09,-0.03,0.75
2019-07-23,2.76,2.8,2.9,2.72,272450,76385300.0,6.62,2.94,0.08,1.96
2019-07-24,2.8,2.78,2.86,2.75,162059,45288609.0,3.93,-0.71,-0.02,1.17
2019-07-25,2.76,2.73,2.78,2.73,98271,27069734.0,1.8,-1.8,-0.05,0.71
2019-07-26,2.74,2.7,2.74,2.7,89000,24133363.0,1.47,-1.1,-0.03,0.64
2019-07-29,2.72,2.7,2.73,2.68,90640,24419696.0,1.85,0.0,0.0,0.65
2019-07-30,2.7,2.68,2.72,2.68,112153,30255861.0,1.48,-0.74,-0.02,0.81
2019-07-31,2.62,2.53,2.63,2.49,253104,64341425.0,5.22,-5.6,-0.15,1.82
2019-08-01,2.51,2.43,2.51,2.39,277642,67571664.0,4.74,-3.95,-0.1,2.0
2019-08-02,2.37,2.3,2.37,2.26,362847,83309069.0,4.53,-5.35,-0.13,2.61
2019-08-05,2.27,2.31,2.35,2.27,260047,60003102.0,3.48,0.43,0.01,1.87
2019-08-06,2.27,2.18,2.28,2.09,319377,69200988.0,8.23,-5.63,-0.13,2.3
2019-08-07,2.21,2.38,2.4,2.2,824844,193565751.0,9.17,9.17,0.2,5.94
2019-08-08,2.3,2.17,2.34,2.16,692378,153277421.0,7.56,-8.82,-0.21,4.98
2019-08-09,2.2,2.34,2.39,2.18,924619,219401111.0,9.68,7.83,0.17,6.66
2019-08-12,2.21,2.31,2.32,2.18,760621,172673462.0,5.98,-1.28,-0.03,5.48
2019-08-13,2.28,2.24,2.29,2.23,369892,83100266.0,2.6,-3.03,-0.07,2.66
2019-08-14,2.3,2.23,2.33,2.21,361008,81227262.0,5.36,-0.45,-0.01,2.6
2019-08-15,2.17,2.21,2.22,2.13,386197,84747797.0,4.04,-0.9,-0.02,2.78
2019-08-16,2.24,2.19,2.25,2.18,341044,75274448.0,3.17,-0.9,-0.02,2.46
2019-08-19,2.27,2.41,2.41,2.21,1179174,277053776.0,9.13,10.05,0.22,8.49
2019-08-20,2.47,2.65,2.65,2.4,886152,226180969.0,10.37,9.96,0.24,6.38
2019-08-21,2.79,2.92,2.92,2.66,590878,167035643.0,9.81,10.19,0.27,4.25
2019-08-22,3.21,3.21,3.21,3.21,133441,42834406.0,0.0,9.93,0.29,0.96
2019-08-23,3.3,2.99,3.49,2.96,2802674,915360304.0,16.51,-6.85,-0.22,20.18
2019-08-26,2.83,3.29,3.29,2.83,1337458,421745088.0,15.38,10.03,0.3,9.63
2019-08-27,3.45,3.45,3.62,3.38,2900698,1018659024.0,7.29,4.86,0.16,20.88
2019-08-28,3.31,3.22,3.41,3.11,2031245,651680608.0,8.7,-6.67,-0.23,14.62
2019-08-29,3.12,3.15,3.32,3.04,1412815,453731712.0,8.7,-2.17,-0.07,10.17
2019-08-30,3.15,2.9,3.24,2.87,1372281,414210688.0,11.75,-7.94,-0.25,9.88
2019-09-02,2.91,2.91,2.93,2.78,799671,229548074.0,5.17,0.34,0.01,5.76
2019-09-03,2.94,2.92,2.97,2.87,752389,219606760.0,3.44,0.34,0.01,5.42
2019-09-04,2.92,2.93,2.97,2.86,764030,222192844.0,3.77,0.34,0.01,5.5
2019-09-05,2.92,3.0,3.14,2.92,1049036,315207200.0,7.51,2.39,0.07,7.55
2019-09-06,2.95,2.96,3.01,2.91,604400,178179591.0,3.33,-1.33,-0.04,4.35
2019-09-09,2.94,2.95,2.96,2.88,545639,159192034.0,2.7,-0.34,-0.01,3.93
2019-09-10,2.95,3.02,3.07,2.9,827669,247335989.0,5.76,2.37,0.07,5.96
2019-09-11,2.99,2.97,3.06,2.96,581244,174648452.0,3.31,-1.66,-0.05,4.18
2019-09-12,2.98,2.9,3.0,2.89,445389,130415205.0,3.7,-2.36,-0.07,3.21
2019-09-16,2.9,2.85,2.92,2.83,472607,135587564.0,3.1,-1.72,-0.05,3.4
2019-09-17,2.86,2.88,2.88,2.8,417068,118815958.0,2.81,1.05,0.03,3.0
2019-09-18,2.88,2.82,2.88,2.8,276418,78254138.0,2.78,-2.08,-0.06,1.99
2019-09-19,2.82,2.76,2.83,2.69,383715,105092844.0,4.96,-2.13,-0.06,2.76
2019-09-20,2.76,2.75,2.78,2.72,222482,61070364.0,2.17,-0.36,-0.01,1.6
2019-09-23,2.75,2.8,2.86,2.69,363022,101395868.0,6.18,1.82,0.05,2.61
2019-09-24,2.76,2.73,2.79,2.73,245661,67753219.0,2.14,-2.5,-0.07,1.77
2019-09-25,2.73,2.66,2.77,2.65,240394,64934810.0,4.4,-2.56,-0.07,1.73
2019-09-26,2.65,2.54,2.69,2.53,309822,79832388.0,6.02,-4.51,-0.12,2.23
2019-09-27,2.54,2.55,2.58,2.48,227810,58067349.0,3.94,0.39,0.01,1.64
2019-09-30,2.55,2.51,2.59,2.51,132157,33654231.0,3.14,-1.57,-0.04,0.95
2019-10-08,2.51,2.5,2.54,2.49,130162,32780479.0,1.99,-0.4,-0.01,0.94
2019-10-09,2.5,2.56,2.58,2.44,187399,47396551.0,5.6,2.4,0.06,1.35
2019-10-10,2.58,2.57,2.61,2.54,164780,42479565.0,2.73,0.39,0.01,1.19
2019-10-11,2.57,2.57,2.61,2.53,163180,41869196.0,3.11,0.0,0.0,1.17
2019-10-14,2.61,2.62,2.62,2.58,223611,58261218.0,1.56,1.95,0.05,1.61
2019-10-15,2.59,2.57,2.6,2.55,155103,39880927.0,1.91,-1.91,-0.05,1.12
2019-10-16,2.58,2.59,2.6,2.57,131537,33960221.0,1.17,0.78,0.02,0.95
2019-10-17,2.6,2.55,2.6,2.51,139262,35443418.0,3.47,-1.54,-0.04,1.0
2019-10-18,2.54,2.49,2.56,2.49,142134,35808510.0,2.75,-2.35,-0.06,1.02
2019-10-21,2.5,2.58,2.74,2.43,378140,97626652.0,12.45,3.61,0.09,2.72
2019-10-22,2.58,2.69,2.71,2.58,454343,121311350.0,5.04,4.26,0.11,3.27
2019-10-23,2.66,2.57,2.69,2.55,357628,92829727.0,5.2,-4.46,-0.12,2.57
2019-10-24,2.52,2.5,2.55,2.48,222673,55792361.0,2.72,-2.72,-0.07,1.6
2019-10-25,2.5,2.49,2.51,2.45,135222,33504250.0,2.4,-0.4,-0.01,0.97
2019-10-28,2.49,2.51,2.52,2.49,166710,41732828.0,1.2,0.8,0.02,1.2
2019-10-29,2.51,2.43,2.52,2.43,184941,45538740.0,3.59,-3.19,-0.08,1.33
2019-10-30,2.41,2.37,2.44,2.32,178671,42603273.0,4.94,-2.47,-0.06,1.29
2019-10-31,2.4,2.3,2.4,2.3,138251,32306430.0,4.22,-2.95,-0.07,1.0
2019-11-01,2.29,2.33,2.35,2.25,110864,25772220.0,4.35,1.3,0.03,0.8
2019-11-04,2.33,2.32,2.36,2.31,114603,26747138.0,2.15,-0.43,-0.01,0.83
2019-11-05,2.32,2.32,2.33,2.27,149845,34380005.0,2.59,0.0,0.0,1.08
2019-11-06,2.33,2.28,2.33,2.28,97620,22413779.0,2.16,-1.72,-0.04,0.7
2019-11-07,2.3,2.31,2.33,2.27,88270,20375031.0,2.63,1.32,0.03,0.64
2019-11-08,2.31,2.38,2.38,2.31,204458,48019551.0,3.03,3.03,0.07,1.47
2019-11-11,2.36,2.38,2.41,2.27,233719,54397791.0,5.88,0.0,0.0,1.68
2019-11-12,2.34,2.32,2.35,2.28,160265,37030540.0,2.94,-2.52,-0.06,1.15
2019-11-13,2.31,2.28,2.32,2.25,120583,27488829.0,3.02,-1.72,-0.04,0.87
2019-11-14,2.26,2.28,2.3,2.25,81886,18629438.0,2.19,0.0,0.0,0.59
2019-11-15,2.28,2.23,2.28,2.23,85683,19309037.0,2.19,-2.19,-0.05,0.62
2019-11-18,2.23,2.24,2.26,2.2,94157,21040432.0,2.69,0.45,0.01,0.68
2019-11-19,2.25,2.3,2.32,2.23,159145,36441115.0,4.02,2.68,0.06,1.15
2019-11-20,2.53,2.53,2.53,2.53,179071,45305031.0,0.0,10.0,0.23,1.29
2019-11-21,2.69,2.63,2.78,2.6,1448492,393524800.0,7.11,3.95,0.1,10.43
2019-11-22,2.46,2.46,2.62,2.43,971658,242076946.0,7.22,-6.46,-0.17,7.0
2019-11-25,2.45,2.36,2.46,2.32,506040,120175798.0,5.69,-4.07,-0.1,3.64
2019-11-26,2.35,2.4,2.47,2.33,415522,99586041.0,5.93,1.69,0.04,2.99
2019-11-27,2.45,2.43,2.55,2.41,514923,127665237.0,5.83,1.25,0.03,3.71
2019-11-28,2.49,2.4,2.49,2.38,342038,83035759.0,4.53,-1.23,-0.03,2.46
2019-11-29,2.38,2.47,2.48,2.36,308312,74547596.0,5.0,2.92,0.07,2.22
2019-12-02,2.44,2.46,2.49,2.43,251845,61960842.0,2.43,-0.4,-0.01,1.81
2019-12-03,2.42,2.5,2.52,2.42,300325,74531474.0,4.07,1.63,0.04,2.16
2019-12-04,2.5,2.61,2.64,2.47,537384,138515999.0,6.8,4.4,0.11,3.87
2019-12-05,2.75,2.7,2.86,2.66,789742,214887032.0,7.66,3.45,0.09,5.69
2019-12-06,2.9,2.89,2.95,2.77,1098962,313348400.0,6.67,7.04,0.19,7.91
2019-12-09,2.95,3.08,3.09,2.83,1194378,356500288.0,9.0,6.57,0.19,8.6
2019-12-10,2.95,2.85,3.02,2.77,1308891,375488912.0,8.12,-7.47,-0.23,9.42
2019-12-11,2.89,2.93,3.1,2.86,1095433,324254096.0,8.42,2.81,0.08,7.89
2019-12-12,2.65,2.68,2.83,2.65,1136737,307523232.0,6.14,-8.53,-0.25,8.18
2019-12-13,2.68,2.68,2.74,2.62,680482,182475766.0,4.48,0.0,0.0,4.9
2019-12-16,2.68,2.73,2.74,2.65,559876,151341340.0,3.36,1.87,0.05,4.03
2019-12-17,2.71,2.73,2.76,2.69,556112,151467431.0,2.56,0.0,0.0,4.0
2019-12-18,2.7,2.71,2.73,2.66,390002,105143201.0,2.56,-0.73,-0.02,2.81
2019-12-19,2.7,2.74,2.78,2.68,549142,149947570.0,3.69,1.11,0.03,3.95
2019-12-20,2.71,2.68,2.73,2.67,313974,84624568.0,2.19,-2.19,-0.06,2.26
2019-12-23,2.62,2.51,2.64,2.5,432307,111162008.0,5.22,-6.34,-0.17,3.11
2019-12-24,2.5,2.59,2.61,2.49,288292,73576102.0,4.78,3.19,0.08,2.08
2019-12-25,2.56,2.55,2.59,2.54,224742,57478716.0,1.93,-1.54,-0.04,1.62
2019-12-26,2.54,2.56,2.57,2.52,156073,39734676.0,1.96,0.39,0.01,1.12
2019-12-27,2.57,2.56,2.63,2.54,287168,74150070.0,3.52,0.0,0.0,2.07
2019-12-30,2.52,2.53,2.53,2.4,242435,60328655.0,5.08,-1.17,-0.03,1.75
2019-12-31,2.52,2.59,2.59,2.52,206821,53149516.0,2.77,2.37,0.06,1.48
2020-01-02,2.6,2.62,2.64,2.59,260704,68226093.0,1.93,1.16,0.03,1.87
2020-01-03,2.61,2.67,2.68,2.6,338055,89591813.0,3.05,1.91,0.05,2.42
2020-01-06,2.63,2.64,2.68,2.59,410620,108222222.0,3.37,-1.12,-0.03,2.94
2020-01-07,2.61,2.65,2.66,2.61,241940,63848837.0,1.89,0.38,0.01,1.73
2020-01-08,2.63,2.65,2.73,2.63,393363,104839697.0,3.77,0.0,0.0,2.82
2020-01-09,2.66,2.66,2.68,2.62,273257,72454208.0,2.26,0.38,0.01,1.96
2020-01-10,2.65,2.69,2.72,2.59,358222,94958821.0,4.89,1.13,0.03,2.57
2020-01-13,2.65,2.62,2.67,2.59,302359,79187939.0,2.97,-2.6,-0.07,2.17
2020-01-14,2.61,2.62,2.67,2.6,242135,63680178.0,2.67,0.0,0.0,1.74
2020-01-15,2.61,2.57,2.63,2.55,230826,59374888.0,3.05,-1.91,-0.05,1.65
2020-01-16,2.57,2.52,2.58,2.5,158242,40084895.0,3.11,-1.95,-0.05,1.13
2020-01-17,2.51,2.5,2.55,2.5,112386,28269653.0,1.98,-0.79,-0.02,0.81
2020-01-20,2.44,2.45,2.52,2.36,239748,58628968.0,6.4,-2.0,-0.05,1.72
2020-01-21,2.45,2.38,2.46,2.37,175692,42247683.0,3.67,-2.86,-0.07,1.26
2020-01-22,2.37,2.38,2.42,2.33,175753,41647028.0,3.78,0.0,0.0,1.26
2020-01-23,2.39,2.3,2.39,2.27,192258,44636178.0,5.04,-3.36,-0.08,1.38
2020-02-03,2.07,2.07,2.07,2.07,49039,10151073.0,0.0,-10.0,-0.23,0.35
2020-02-04,1.87,2.0,2.07,1.87,314457,62622601.0,9.66,-3.38,-0.07,2.25
2020-02-05,2.03,2.08,2.09,2.0,228165,47151335.0,4.5,4.0,0.08,1.64
2020-02-06,2.07,2.11,2.13,2.05,178890,37597490.0,3.85,1.44,0.03,1.28
2020-02-07,2.11,2.13,2.2,2.09,185575,39649202.0,5.21,0.95,0.02,1.33
2020-02-10,2.11,2.18,2.18,2.1,191077,41156410.0,3.76,2.35,0.05,1.37
2020-02-11,2.18,2.15,2.19,2.14,135780,29319802.0,2.29,-1.38,-0.03,0.97
2020-02-12,2.16,2.22,2.23,2.15,184319,40499029.0,3.72,3.26,0.07,1.32
2020-02-13,2.21,2.28,2.34,2.19,305507,69385118.0,6.76,2.7,0.06,2.19
2020-02-14,2.22,2.22,2.26,2.2,178306,39617874.0,2.63,-2.63,-0.06,1.28
2020-02-17,2.2,2.25,2.25,2.19,186875,41735360.0,2.7,1.35,0.03,1.34
2020-02-18,2.24,2.26,2.28,2.23,181970,41060772.0,2.22,0.44,0.01,1.3
2020-02-19,2.26,2.49,2.49,2.26,606064,145496471.0,10.18,10.18,0.23,4.34
2020-02-20,2.5,2.61,2.72,2.41,1334221,346614128.0,12.45,4.82,0.12,9.56
2020-02-21,2.5,2.53,2.6,2.44,773223,194461210.0,6.13,-3.07,-0.08,5.54
2020-02-24,2.47,2.48,2.51,2.41,543787,133112977.0,3.95,-1.98,-0.05,3.9
2020-02-25,2.4,2.46,2.47,2.38,449407,109229344.0,3.63,-0.81,-0.02,3.22
2020-02-26,2.43,2.51,2.65,2.4,653573,163769057.0,10.16,2.03,0.05,4.68
2020-02-27,2.5,2.44,2.53,2.43,335239,82845227.0,3.98,-2.79,-0.07,2.4
2020-02-28,2.36,2.25,2.39,2.25,436620,101126254.0,5.74,-7.79,-0.19,3.13
2020-03-02,2.24,2.31,2.33,2.23,237642,54599777.0,4.44,2.67,0.06,1.7
2020-03-03,2.33,2.32,2.37,2.3,239126,55897491.0,3.03,0.43,0.01,1.71
2020-03-04,2.3,2.31,2.34,2.28,192261,44334749.0,2.59,-0.43,-0.01,1.38
2020-03-05,2.33,2.37,2.4,2.31,340348,80307349.0,3.9,2.6,0.06,2.44
2020-03-06,2.34,2.43,2.44,2.32,384347,91004232.0,5.06,2.53,0.06,2.75
2020-03-09,2.6,2.46,2.66,2.4,864454,218815711.0,10.7,1.23,0.03,6.2
2020-03-10,2.3,2.39,2.39,2.25,609788,142277682.0,5.69,-2.85,-0.07,4.37
2020-03-11,2.39,2.63,2.63,2.35,642872,166428024.0,11.72,10.04,0.24,4.61
2020-03-12,2.65,2.53,2.66,2.49,1088408,278725248.0,6.46,-3.8,-0.1,7.8
2020-03-13,2.3,2.4,2.46,2.28,723750,171568237.0,7.11,-5.14,-0.13,5.19
2020-03-16,2.43,2.24,2.48,2.24,615865,143691883.0,10.0,-6.67,-0.16,4.41
2020-03-17,2.2,2.17,2.27,2.08,400746,87016637.0,8.48,-3.13,-0.07,2.87
2020-03-18,2.16,2.15,2.26,2.15,271127,59671080.0,5.07,-0.92,-0.02,1.94
2020-03-19,2.15,2.15,2.18,2.09,240260,51166984.0,4.19,0.0,0.0,1.72
2020-03-20,2.18,2.16,2.18,2.13,149001,32193342.0,2.33,0.47,0.01,1.07
2020-03-23,2.12,2.04,2.13,2.03,212219,44304357.0,4.63,-5.56,-0.12,1.52
2020-03-24,2.08,2.08,2.11,2.01,184276,38059981.0,4.9,1.96,0.04,1.32
2020-03-25,2.13,2.17,2.18,2.1,205759,44005662.0,3.85,4.33,0.09,1.47
2020-03-26,2.15,2.11,2.15,2.1,161293,34281948.0,2.3,-2.76,-0.06,1.16
2020-03-27,2.11,2.07,2.14,2.07,157502,33087889.0,3.32,-1.9,-0.04,1.13
2020-03-30,2.0,2.0,2.03,1.96,223772,44515917.0,3.38,-3.38,-0.07,1.6
2020-03-31,2.01,1.93,2.03,1.93,203950,39973397.0,5.0,-3.5,-0.07,1.46
2020-04-01,1.91,1.9,1.93,1.87,185288,35290255.0,3.11,-1.55,-0.03,1.33
2020-04-02,1.89,1.94,1.94,1.86,165963,31708314.0,4.21,2.11,0.04,1.19
2020-04-03,1.94,1.92,1.96,1.89,146631,28237357.0,3.61,-1.03,-0.02,1.05
2020-04-07,1.92,1.95,1.96,1.92,188151,36589469.0,2.08,1.56,0.03,1.35
2020-04-08,1.95,1.92,1.95,1.91,241500,46449051.0,2.05,-1.54,-0.03,1.73
2020-04-09,1.93,1.91,1.94,1.9,329031,63148959.0,2.08,-0.52,-0.01,2.36
2020-04-10,1.91,1.82,1.91,1.81,414057,76438388.0,5.24,-4.71,-0.09,2.97
2020-04-13,1.82,1.71,1.84,1.66,592803,103312473.0,9.89,-6.04,-0.11,4.25
2020-04-14,1.72,1.75,1.8,1.7,627174,109492982.0,5.85,2.34,0.04,4.5
2020-04-15,1.75,1.69,1.76,1.68,325779,56013347.0,4.57,-3.43,-0.06,2.33
2020-04-16,1.68,1.68,1.7,1.65,256809,42981013.0,2.96,-0.59,-0.01,1.84
2020-04-17,1.7,1.65,1.7,1.64,297274,49769329.0,3.57,-1.79,-0.03,2.13
2020-04-20,1.59,1.66,1.67,1.59,265313,43669474.0,4.85,0.61,0.01,1.9
2020-04-21,1.66,1.63,1.67,1.61,221615,36152209.0,3.61,-1.81,-0.03,1.59
2020-04-22,1.63,1.63,1.63,1.58,275296,44110244.0,3.07,0.0,0.0,1.97
2020-04-23,1.62,1.58,1.63,1.58,245881,39307831.0,3.07,-3.07,-0.05,1.76
2020-04-27,1.5,1.5,1.5,1.5,17462,2619300.0,0.0,-5.06,-0.08,0.13
2020-04-28,1.43,1.43,1.43,1.43,6082,869726.0,0.0,-4.67,-0.07,0.04
2020-04-29,1.36,1.36,1.36,1.36,7113,967368.0,0.0,-4.9,-0.07,0.05
2020-04-30,1.29,1.29,1.29,1.29,31779,4099491.0,0.0,-5.15,-0.07,0.23
2020-05-06,1.23,1.23,1.23,1.23,22802,2804646.0,0.0,-4.65,-0.06,0.16
2020-05-07,1.17,1.17,1.17,1.17,290552,33994584.0,0.0,-4.88,-0.06,2.08
2020-05-08,1.11,1.11,1.16,1.11,1265875,141242516.0,4.27,-5.13,-0.06,9.07
2020-05-11,1.09,1.05,1.09,1.05,395173,41884844.0,3.6,-5.41,-0.06,2.83
2020-05-12,1.0,1.0,1.0,1.0,52356,5235600.0,0.0,-4.76,-0.05,0.38
2020-05-13,0.95,0.95,0.95,0.95,39627,3764565.0,0.0,-5.0,-0.05,0.28
2020-05-14,0.9,0.9,0.9,0.9,41771,3759390.0,0.0,-5.26,-0.05,0.3
2020-05-15,0.86,0.89,0.94,0.86,1122884,99804696.0,8.89,-1.11,-0.01,8.05
2020-05-18,0.86,0.85,0.88,0.85,739580,63199261.0,3.37,-4.49,-0.04,5.3
2020-05-19,0.82,0.81,0.83,0.81,186176,15164452.0,2.35,-4.71,-0.04,1.33
2020-05-20,0.77,0.77,0.77,0.77,96258,7411866.0,0.0,-4.94,-0.04,0.69
2020-05-21,0.73,0.73,0.73,0.73,115143,8405439.0,0.0,-5.19,-0.04,0.83
2020-05-22,0.69,0.77,0.77,0.69,1076798,77699395.0,10.96,5.48,0.04,7.72
2020-05-25,0.81,0.81,0.81,0.79,197085,15888482.0,2.6,5.19,0.04,1.41
2020-05-26,0.85,0.85,0.85,0.85,18695,1589081.0,0.0,4.94,0.04,0.13
2020-05-27,0.89,0.89,0.89,0.89,36273,3228297.0,0.0,4.71,0.04,0.26
2020-05-28,0.93,0.93,0.93,0.89,1118341,103264190.0,4.49,4.49,0.04,8.02
2020-05-29,0.95,0.92,0.96,0.92,830644,78084647.0,4.3,-1.08,-0.01,5.95
2020-06-01,0.92,0.92,0.94,0.87,743991,66455479.0,7.61,0.0,0.0,5.33
2020-06-02,0.91,0.87,0.91,0.87,702269,62132661.0,4.35,-5.43,-0.05,5.03
2020-06-03,0.9,0.91,0.91,0.88,415900,37578799.0,3.45,4.6,0.04,2.98
2020-06-04,0.96,0.96,0.96,0.91,506856,48407220.0,5.49,5.49,0.05,3.63
2020-06-05,1.0,1.01,1.01,0.97,947758,95193949.0,4.17,5.21,0.05,6.79
2020-06-08,1.04,1.03,1.04,0.96,579505,58520403.0,7.92,1.98,0.02,4.15
2020-06-09,1.0,0.98,1.02,0.98,404806,40183577.0,3.88,-4.85,-0.05,2.9
2020-06-10,0.96,1.0,1.01,0.95,269579,26812739.0,6.12,2.04,0.02,1.93
2020-06-11,0.99,0.96,1.0,0.96,289475,28206969.0,4.0,-4.0,-0.04,2.07
2020-06-12,0.94,0.94,0.96,0.93,171490,16201287.0,3.13,-2.08,-0.02,1.23
2020-06-15,0.94,0.99,0.99,0.92,452362,44194894.0,7.45,5.32,0.05,3.24
2020-06-16,0.98,1.04,1.04,0.97,540802,55212124.0,7.07,5.05,0.05,3.88
2020-06-17,1.07,1.09,1.09,1.05,255094,27562415.0,3.85,4.81,0.05,1.83
2020-06-18,1.12,1.1,1.14,1.06,776337,86745765.0,7.34,0.92,0.01,5.56
2020-06-19,1.05,1.14,1.15,1.05,574948,62502266.0,9.09,3.64,0.04,4.12
2020-06-22,1.15,1.19,1.2,1.12,481910,56321168.0,7.02,4.39,0.05,3.45
2020-06-23,1.17,1.17,1.21,1.15,372118,43969795.0,5.04,-1.68,-0.02,2.67
2020-06-24,1.16,1.14,1.19,1.14,251487,29004008.0,4.27,-2.56,-0.03,1.8
2020-06-29,1.15,1.17,1.19,1.14,248991,29163366.0,4.39,2.63,0.03,1.78
2020-06-30,1.17,1.16,1.18,1.14,182288,21030309.0,3.42,-0.85,-0.01,1.31
2020-07-01,1.15,1.15,1.16,1.13,172698,19729170.0,2.59,-0.86,-0.01,1.24
2020-07-02,1.15,1.12,1.16,1.11,208403,23533475.0,4.35,-2.61,-0.03,1.5
2020-07-03,1.12,1.18,1.18,1.12,408570,47804559.0,5.36,5.36,0.06,2.94
2020-07-06,1.19,1.18,1.21,1.16,463573,54818499.0,4.24,0.0,0.0,3.33
2020-07-07,1.17,1.17,1.19,1.16,321993,37724022.0,2.54,-0.85,-0.01,2.31
2020-07-08,1.17,1.17,1.19,1.16,233783,27482002.0,2.56,0.0,0.0,1.68
2020-07-09,1.17,1.16,1.18,1.13,305828,35250973.0,4.27,-0.85,-0.01,2.2
2020-07-10,1.16,1.13,1.16,1.12,230810,26185411.0,3.45,-2.59,-0.03,1.66
2020-07-13,1.14,1.13,1.14,1.1,258477,28789485.0,3.54,0.0,0.0,1.86
2020-07-14,1.12,1.1,1.13,1.1,208024,23031788.0,2.65,-2.65,-0.03,1.5
2020-07-15,1.09,1.05,1.1,1.05,355734,37841517.0,4.55,-4.55,-0.05,2.56
2020-07-16,1.03,1.1,1.1,1.03,250936,27438923.0,6.67,4.76,0.05,1.8
2020-07-17,1.14,1.16,1.16,1.12,333025,38439704.0,3.64,5.45,0.06,2.39
2020-07-20,1.19,1.19,1.22,1.16,527485,62848626.0,5.17,2.59,0.03,3.79
2020-07-21,1.16,1.16,1.18,1.15,197833,23033310.0,2.52,-2.52,-0.03,1.42
2020-07-22,1.16,1.17,1.19,1.15,162753,19113244.0,3.45,0.86,0.01,1.17
2020-07-23,1.18,1.15,1.19,1.13,166175,19174723.0,5.13,-1.71,-0.02,1.19
2020-07-24,1.15,1.13,1.17,1.12,188230,21497127.0,4.35,-1.74,-0.02,1.35
2020-07-27,1.13,1.12,1.15,1.12,84032,9460462.0,2.65,-0.88,-0.01,0.6
2020-07-28,1.12,1.18,1.18,1.12,362437,42439903.0,5.36,5.36,0.06,2.61
2020-07-29,1.18,1.16,1.18,1.15,264609,30850511.0,2.54,-1.69,-0.02,1.9
2020-07-30,1.16,1.16,1.18,1.15,122154,14223848.0,2.59,0.0,0.0,0.88
2020-07-31,1.19,1.22,1.22,1.19,200220,24334605.0,2.59,5.17,0.06,1.44
2020-08-03,1.26,1.28,1.28,1.25,266295,33878034.0,2.46,4.92,0.06,1.91
2020-08-04,1.33,1.31,1.34,1.31,205697,27280276.0,2.34,2.34,0.03,1.48
2020-08-05,1.32,1.27,1.33,1.24,473165,60367264.0,6.87,-3.05,-0.04,3.4
2020-08-06,1.28,1.33,1.33,1.27,309300,40073920.0,4.72,4.72,0.06,2.22
2020-08-07,1.39,1.4,1.4,1.33,487047,67126150.0,5.26,5.26,0.07,3.5
2020-08-10,1.38,1.39,1.42,1.35,456173,63186625.0,5.0,-0.71,-0.01,3.28
2020-08-11,1.32,1.32,1.37,1.32,617857,82286351.0,3.6,-5.04,-0.07,4.44
2020-08-12,1.32,1.26,1.32,1.25,353345,44532922.0,5.3,-4.55,-0.06,2.54
2020-08-13,1.26,1.27,1.29,1.25,192231,24345642.0,3.17,0.79,0.01,1.38
2020-08-14,1.24,1.23,1.24,1.21,343353,41802390.0,2.36,-3.15,-0.04,2.47
2020-08-17,1.17,1.25,1.26,1.17,331481,40124606.0,7.32,1.63,0.02,2.38
2020-08-18,1.21,1.22,1.25,1.2,347008,42231269.0,4.0,-2.4,-0.03,2.49
2020-08-19,1.21,1.23,1.26,1.19,288088,35338942.0,5.74,0.82,0.01,2.07
2020-08-20,1.21,1.22,1.23,1.19,199621,24188846.0,3.25,-0.81,-0.01,1.44
2020-08-21,1.2,1.21,1.24,1.2,197673,24090373.0,3.28,-0.82,-0.01,1.42
2020-08-24,1.22,1.22,1.23,1.2,128483,15565606.0,2.48,0.83,0.01,0.92
2020-08-25,1.22,1.2,1.22,1.19,189790,22810921.0,2.46,-1.64,-0.02,1.36
2020-08-26,1.2,1.26,1.26,1.19,431250,54027765.0,5.83,5.0,0.06,3.1
2020-08-27,1.23,1.27,1.32,1.22,523128,66514987.0,7.94,0.79,0.01,3.76
2020-08-28,1.25,1.26,1.28,1.24,210460,26384202.0,3.15,-0.79,-0.01,1.51
2020-08-31,1.26,1.25,1.28,1.24,152209,19130236.0,3.17,-0.79,-0.01,1.09
2020-09-01,1.25,1.29,1.29,1.24,180039,22783502.0,4.0,3.2,0.04,1.29
2020-09-02,1.28,1.33,1.35,1.27,342265,44908532.0,6.2,3.1,0.04,2.46
2020-09-03,1.33,1.33,1.37,1.32,233077,31341205.0,3.76,0.0,0.0,1.68
2020-09-04,1.31,1.31,1.33,1.27,209226,27232538.0,4.51,-1.5,-0.02,1.5
2020-09-07,1.32,1.38,1.38,1.3,520374,70921071.0,6.11,5.34,0.07,3.74
2020-09-08,1.41,1.4,1.45,1.34,447913,62589409.0,7.97,1.45,0.02,3.22
2020-09-09,1.38,1.35,1.4,1.35,307786,42268255.0,3.57,-3.57,-0.05,2.21
2020-09-10,1.41,1.3,1.41,1.29,380207,50838238.0,8.89,-3.7,-0.05,2.73
2020-09-11,1.29,1.26,1.3,1.25,201558,25592254.0,3.85,-3.08,-0.04,1.45
2020-09-14,1.26,1.29,1.31,1.26,187669,24171864.0,3.97,2.38,0.03,1.35
2020-09-15,1.28,1.24,1.28,1.23,293882,36722038.0,3.88,-3.88,-0.05,2.11
2020-09-16,1.24,1.21,1.25,1.2,178939,21711697.0,4.03,-2.42,-0.03,1.29
2020-09-17,1.22,1.23,1.24,1.2,204434,25017341.0,3.31,1.65,0.02,1.47
2020-09-18,1.22,1.29,1.29,1.22,293620,37098376.0,5.69,4.88,0.06,2.11
2020-09-21,1.29,1.27,1.3,1.27,181638,23275869.0,2.33,-1.55,-0.02,1.31
2020-09-22,1.26,1.28,1.31,1.25,141198,18031168.0,4.72,0.79,0.01,1.02
2020-09-23,1.28,1.26,1.29,1.26,93151,11831534.0,2.34,-1.56,-0.02,0.67
2020-09-24,1.26,1.24,1.26,1.22,122949,15190981.0,3.17,-1.59,-0.02,0.88
2020-09-25,1.24,1.23,1.24,1.21,101547,12450428.0,2.42,-0.81,-0.01,0.73
2020-09-28,1.22,1.23,1.24,1.21,57856,7074210.0,2.44,0.0,0.0,0.42
2020-09-29,1.23,1.28,1.29,1.22,234447,29627391.0,5.69,4.07,0.05,1.69
2020-09-30,1.27,1.23,1.27,1.22,145153,18046067.0,3.91,-3.91,-0.05,1.04
2020-10-09,1.24,1.26,1.28,1.23,115806,14533809.0,4.07,2.44,0.03,0.83
2020-10-12,1.25,1.26,1.27,1.25,118824,15001458.0,1.59,0.0,0.0,0.85
2020-10-13,1.26,1.27,1.27,1.25,106444,13398848.0,1.59,0.79,0.01,0.77
2020-10-14,1.27,1.24,1.27,1.23,109816,13716118.0,3.15,-2.36,-0.03,0.79
2020-10-15,1.21,1.22,1.24,1.21,147574,18038280.0,2.42,-1.61,-0.02,1.06
2020-10-16,1.22,1.2,1.22,1.2,121567,14658905.0,1.64,-1.64,-0.02,0.87
2020-10-19,1.21,1.21,1.22,1.2,75710,9159808.0,1.67,0.83,0.01,0.54
2020-10-20,1.21,1.2,1.21,1.18,93957,11274348.0,2.48,-0.83,-0.01,0.68
2020-10-21,1.21,1.22,1.24,1.19,131203,15901377.0,4.17,1.67,0.02,0.94
2020-10-22,1.21,1.19,1.22,1.19,87062,10462605.0,2.46,-2.46,-0.03,0.63
2020-10-23,1.19,1.18,1.21,1.18,88062,10531886.0,2.52,-0.84,-0.01,0.63
2020-10-26,1.18,1.18,1.2,1.18,50284,5969364.0,1.69,0.0,0.0,0.36
2020-10-27,1.19,1.19,1.2,1.18,73310,8736099.0,1.69,0.85,0.01,0.53
2020-10-28,1.19,1.16,1.2,1.15,141067,16473195.0,4.2,-2.52,-0.03,1.01
2020-10-29,1.15,1.14,1.16,1.14,109531,12568402.0,1.72,-1.72,-0.02,0.79
2020-10-30,1.14,1.08,1.15,1.08,223510,24669692.0,6.14,-5.26,-0.06,1.61
2020-11-02,1.05,1.03,1.06,1.03,96001,9912519.0,2.78,-4.63,-0.05,0.69
2020-11-03,0.98,0.98,0.98,0.98,51890,5085220.0,0.0,-4.85,-0.05,0.37
2020-11-04,0.97,1.03,1.03,0.97,151909,15123950.0,6.12,5.1,0.05,1.09
2020-11-05,1.08,1.08,1.08,1.06,89288,9631414.0,1.94,4.85,0.05,0.64
2020-11-06,1.08,1.11,1.13,1.06,340055,37653731.0,6.48,2.78,0.03,2.44
2020-11-09,1.1,1.07,1.1,1.05,230225,24597528.0,4.5,-3.6,-0.04,1.66
2020-11-10,1.07,1.11,1.12,1.05,322101,35620903.0,6.54,3.74,0.04,2.32
2020-11-11,1.09,1.05,1.1,1.05,385949,41015769.0,4.5,-5.41,-0.06,2.77
2020-11-12,1.04,1.02,1.05,1.0,227907,23239618.0,4.76,-2.86,-0.03,1.64
2020-11-13,1.01,1.03,1.05,0.99,261933,26474511.0,5.88,0.98,0.01,1.88
2020-11-16,1.02,1.02,1.03,1.0,169432,17235218.0,2.91,-0.97,-0.01,1.22
2020-11-17,1.02,1.04,1.05,1.0,236361,24163251.0,4.9,1.96,0.02,1.7
2020-11-18,1.02,1.04,1.05,1.01,146037,15061177.0,3.85,0.0,0.0,1.05
2020-11-19,1.04,1.08,1.09,1.04,323473,34732748.0,4.81,3.85,0.04,2.33
2020-11-20,1.07,1.11,1.12,1.06,225246,24707244.0,5.56,2.78,0.03,1.62
2020-11-23,1.11,1.15,1.15,1.1,324790,36618366.0,4.5,3.6,0.04,2.34
2020-11-24,1.16,1.21,1.21,1.16,443331,53212265.0,4.35,5.22,0.06,3.19
2020-11-25,1.24,1.24,1.27,1.2,430945,53253423.0,5.79,2.48,0.03,3.1
2020-11-26,1.21,1.18,1.22,1.18,302150,36031151.0,3.23,-4.84,-0.06,2.17
2020-11-27,1.16,1.2,1.22,1.16,149093,17786098.0,5.08,1.69,0.02,1.07
2020-11-30,1.23,1.2,1.23,1.19,194435,23537881.0,3.33,0.0,0.0,1.4
2020-12-01,1.26,1.26,1.26,1.24,325270,40908889.0,1.67,5.0,0.06,2.34
2020-12-02,1.29,1.24,1.3,1.23,517405,65537770.0,5.56,-1.59,-0.02,3.72
2020-12-03,1.24,1.22,1.24,1.2,221243,27015291.0,3.23,-1.61,-0.02,1.59
2020-12-04,1.22,1.24,1.25,1.19,201504,24625872.0,4.92,1.64,0.02,1.45
2020-12-07,1.21,1.18,1.22,1.18,322704,38509439.0,3.23,-4.84,-0.06,2.32
2020-12-08,1.16,1.22,1.24,1.15,258113,31004156.0,7.63,3.39,0.04,1.86
2020-12-09,1.22,1.2,1.23,1.19,172305,20879978.0,3.28,-1.64,-0.02,1.24
2020-12-10,1.19,1.17,1.19,1.16,159370,18702447.0,2.5,-2.5,-0.03,1.15
2020-12-11,1.17,1.2,1.21,1.17,182367,21674157.0,3.42,2.56,0.03,1.31
2020-12-14,1.25,1.26,1.26,1.23,343704,43093796.0,2.5,5.0,0.06,2.47
2020-12-15,1.21,1.2,1.24,1.2,311486,37654455.0,3.17,-4.76,-0.06,2.24
2020-12-16,1.17,1.16,1.2,1.15,196826,22935493.0,4.17,-3.33,-0.04,1.42
2020-12-17,1.16,1.19,1.21,1.13,186518,22004914.0,6.9,2.59,0.03,1.34
2020-12-18,1.2,1.17,1.21,1.16,182814,21598161.0,4.2,-1.68,-0.02,1.31
2020-12-21,1.16,1.16,1.2,1.14,216260,25294448.0,5.13,-0.85,-0.01,1.55
2020-12-22,1.15,1.12,1.16,1.12,184946,21039398.0,3.45,-3.45,-0.04,1.33
2020-12-23,1.12,1.14,1.16,1.1,155865,17723970.0,5.36,1.79,0.02,1.12
2020-12-24,1.13,1.09,1.14,1.09,158288,17547029.0,4.39,-4.39,-0.05,1.14
2020-12-25,1.09,1.1,1.12,1.08,105043,11601582.0,3.67,0.92,0.01,0.76
2020-12-28,1.1,1.14,1.16,1.1,152312,17320538.0,5.45,3.64,0.04,1.1
2020-12-29,1.13,1.13,1.14,1.09,111725,12463148.0,4.39,-0.88,-0.01,0.8
2020-12-30,1.12,1.11,1.14,1.1,113463,12664144.0,3.54,-1.77,-0.02,0.82
2020-12-31,1.11,1.11,1.14,1.1,92133,10301198.0,3.6,0.0,0.0,0.66
2021-01-04,1.1,1.11,1.13,1.1,133202,14819321.0,2.7,0.0,0.0,0.96
2021-01-05,1.1,1.08,1.13,1.07,160014,17487201.0,5.41,-2.7,-0.03,1.15
2021-01-06,1.08,1.05,1.08,1.03,158034,16668183.0,4.63,-2.78,-0.03,1.14
2021-01-07,1.04,1.02,1.06,1.01,170081,17461242.0,4.76,-2.86,-0.03,1.22
2021-01-08,1.01,1.07,1.07,1.0,202058,20880576.0,6.86,4.9,0.05,1.45
2021-01-11,1.06,1.07,1.11,1.04,149060,16022216.0,6.54,0.0,0.0,1.07
2021-01-12,1.07,1.05,1.11,1.04,145308,15625255.0,6.54,-1.87,-0.02,1.04
2021-01-13,1.05,1.07,1.09,1.03,146992,15618782.0,5.71,1.9,0.02,1.06
2021-01-14,1.1,1.12,1.12,1.09,290784,32272923.0,2.8,4.67,0.05,2.09
2021-01-15,1.15,1.18,1.18,1.14,203278,23826596.0,3.57,5.36,0.06,1.46
2021-01-18,1.23,1.19,1.24,1.16,355626,42782351.0,6.78,0.85,0.01,2.56
2021-01-19,1.2,1.21,1.23,1.18,218247,26351162.0,4.2,1.68,0.02,1.57
2021-01-20,1.22,1.22,1.24,1.21,115836,14164456.0,2.48,0.83,0.01,0.83
2021-01-21,1.22,1.24,1.24,1.21,180135,22154758.0,2.46,1.64,0.02,1.29
2021-01-22,1.25,1.3,1.3,1.25,532561,68995588.0,4.03,4.84,0.06,3.83
2021-01-25,1.33,1.37,1.37,1.31,327910,44352335.0,4.62,5.38,0.07,2.36
2021-01-26,1.44,1.3,1.44,1.3,755614,103412854.0,10.22,-5.11,-0.07,5.43
2021-01-27,1.27,1.24,1.28,1.24,427231,53241016.0,3.08,-4.62,-0.06,3.07
2021-01-28,1.19,1.3,1.3,1.19,388990,49454712.0,8.87,4.84,0.06,2.8
2021-01-29,1.32,1.37,1.37,1.32,560411,76100809.0,3.85,5.38,0.07,4.03
2021-02-01,1.38,1.44,1.44,1.31,569199,80260339.0,9.49,5.11,0.07,4.09
2021-02-02,1.5,1.51,1.51,1.46,152370,22951486.0,3.47,4.86,0.07,1.1
2021-02-03,1.59,1.43,1.59,1.43,1044380,158899616.0,10.6,-5.3,-0.08,7.51
2021-02-04,1.44,1.5,1.5,1.43,778311,115387650.0,4.9,4.9,0.07,5.59
2021-02-05,1.5,1.58,1.58,1.43,827770,125104878.0,10.0,5.33,0.08,5.95
2021-02-08,1.59,1.56,1.65,1.53,696605,111316371.0,7.59,-1.27,-0.02,5.01
2021-02-09,1.5,1.49,1.55,1.48,536701,80304504.0,4.49,-4.49,-0.07,3.86
2021-02-10,1.5,1.51,1.53,1.44,296648,44187873.0,6.04,1.34,0.02,2.13
2021-02-18,1.52,1.53,1.58,1.49,329172,50548501.0,5.96,1.32,0.02,2.37
2021-02-19,1.53,1.49,1.53,1.47,286166,42948339.0,3.92,-2.61,-0.04,2.06
2021-02-22,1.48,1.48,1.48,1.42,543333,78693128.0,4.03,-0.67,-0.01,3.91
2021-02-23,1.49,1.47,1.51,1.45,241775,35623179.0,4.05,-0.68,-0.01,1.74
2021-02-24,1.44,1.45,1.48,1.42,254120,36683691.0,4.08,-1.36,-0.02,1.83
2021-02-25,1.45,1.38,1.46,1.38,349004,48783175.0,5.52,-4.83,-0.07,2.51
2021-02-26,1.36,1.31,1.36,1.31,376892,49825461.0,3.62,-5.07,-0.07,2.71
2021-03-01,1.29,1.38,1.38,1.25,423401,56009679.0,9.92,5.34,0.07,3.04
2021-03-02,1.38,1.39,1.44,1.36,397245,55547739.0,5.8,0.72,0.01,2.86
2021-03-03,1.36,1.36,1.38,1.34,266900,36311534.0,2.88,-2.16,-0.03,1.92
2021-03-04,1.35,1.39,1.41,1.34,295694,40925404.0,5.15,2.21,0.03,2.13
2021-03-05,1.39,1.46,1.46,1.37,375806,53279373.0,6.47,5.04,0.07,2.7
2021-03-08,1.5,1.46,1.52,1.44,490440,72650553.0,5.48,0.0,0.0,3.53
2021-03-09,1.44,1.39,1.46,1.39,371113,52065219.0,4.79,-4.79,-0.07,2.67
2021-03-10,1.37,1.4,1.46,1.36,263315,37173613.0,7.19,0.72,0.01,1.89
2021-03-11,1.39,1.41,1.43,1.37,211656,29614105.0,4.29,0.71,0.01,1.52
2021-03-12,1.39,1.42,1.45,1.37,274393,38565484.0,5.67,0.71,0.01,1.97
2021-03-15,1.4,1.39,1.42,1.38,168840,23572631.0,2.82,-2.11,-0.03,1.21
2021-03-16,1.39,1.37,1.4,1.35,253303,34787924.0,3.6,-1.44,-0.02,1.82
2021-03-17,1.36,1.37,1.39,1.35,180955,24702564.0,2.92,0.0,0.0,1.3
2021-03-18,1.36,1.37,1.38,1.36,159198,21780036.0,1.46,0.0,0.0,1.14
2021-03-19,1.36,1.38,1.4,1.35,227081,31325700.0,3.65,0.73,0.01,1.63
2021-03-22,1.39,1.45,1.45,1.37,370826,52954341.0,5.8,5.07,0.07,2.67
2021-03-23,1.48,1.5,1.52,1.43,667293,99175733.0,6.21,3.45,0.05,4.8
2021-03-24,1.48,1.46,1.5,1.44,373427,54750659.0,4.0,-2.67,-0.04,2.68
2021-03-25,1.44,1.45,1.49,1.41,222350,32231287.0,5.48,-0.68,-0.01,1.6
2021-03-26,1.47,1.52,1.52,1.47,573918,86484297.0,3.45,4.83,0.07,4.13
2021-03-29,1.52,1.58,1.6,1.51,856618,134721974.0,5.92,3.95,0.06,6.16
2021-03-30,1.56,1.5,1.56,1.5,596782,90388493.0,3.8,-5.06,-0.08,4.29
2021-03-31,1.47,1.58,1.58,1.47,450435,69286860.0,7.33,5.33,0.08,3.24
2021-04-01,1.58,1.55,1.64,1.54,523848,83509219.0,6.33,-1.9,-0.03,3.77
2021-04-02,1.52,1.51,1.53,1.48,446350,66954447.0,3.23,-2.58,-0.04,3.21
2021-04-06,1.5,1.53,1.55,1.47,361214,54533951.0,5.3,1.32,0.02,2.6
2021-04-07,1.53,1.52,1.55,1.5,265427,40596511.0,3.27,-0.65,-0.01,1.91
2021-04-08,1.51,1.48,1.52,1.47,296168,44309485.0,3.29,-2.63,-0.04,2.13
2021-04-09,1.52,1.55,1.55,1.5,289990,44828678.0,3.38,4.73,0.07,2.08
2021-04-12,1.57,1.54,1.61,1.53,507966,79434583.0,5.16,-0.65,-0.01,3.65
2021-04-13,1.52,1.53,1.57,1.51,278074,42666574.0,3.9,-0.65,-0.01,2.0
2021-04-14,1.54,1.61,1.61,1.52,448396,70891045.0,5.88,5.23,0.08,3.22
2021-04-15,1.6,1.56,1.65,1.56,514365,81885738.0,5.59,-3.11,-0.05,3.7
2021-04-16,1.54,1.58,1.58,1.54,262446,41061146.0,2.56,1.28,0.02,1.89
2021-04-19,1.58,1.64,1.66,1.58,412017,67622949.0,5.06,3.8,0.06,2.96
2021-04-20,1.62,1.61,1.66,1.6,319774,51999251.0,3.66,-1.83,-0.03,2.3
2021-04-21,1.6,1.58,1.62,1.56,237572,37577473.0,3.73,-1.86,-0.03,1.71
2021-04-22,1.58,1.64,1.64,1.57,202740,32475495.0,4.43,3.8,0.06,1.46
2021-04-23,1.62,1.61,1.66,1.6,183799,29735371.0,3.66,-1.83,-0.03,1.32
2021-04-26,1.63,1.66,1.69,1.6,338196,55685464.0,5.59,3.11,0.05,2.43
2021-04-27,1.68,1.74,1.74,1.67,764603,132375626.0,4.22,4.82,0.08,5.5
2021-04-28,1.7,1.65,1.73,1.65,725932,121945897.0,4.6,-5.17,-0.09,5.22
2021-04-29,1.65,1.65,1.71,1.63,394673,65935802.0,4.85,0.0,0.0,2.84
2021-04-30,1.63,1.65,1.67,1.6,299057,48685942.0,4.24,0.0,0.0,2.15
2021-05-06,1.64,1.66,1.69,1.63,281938,46948015.0,3.64,0.61,0.01,2.03
2021-05-07,1.66,1.7,1.72,1.64,297193,50036190.0,4.82,2.41,0.04,2.14
2021-05-10,1.71,1.73,1.77,1.7,341928,59493388.0,4.12,1.76,0.03,2.46
2021-05-11,1.76,1.82,1.82,1.75,645208,116838020.0,4.05,5.2,0.09,4.64
2021-05-12,1.82,1.81,1.84,1.78,653757,117893322.0,3.3,-0.55,-0.01,4.7
2021-05-13,1.8,1.9,1.9,1.78,552765,103573814.0,6.63,4.97,0.09,3.97
2021-05-14,1.96,2.0,2.0,1.94,343021,68167226.0,3.16,5.26,0.1,2.47
2021-05-17,2.1,1.9,2.1,1.9,703799,136395285.0,10.0,-5.0,-0.1,5.06
2021-05-18,1.9,2.0,2.0,1.9,431849,85234417.0,5.26,5.26,0.1,3.1
2021-05-19,2.02,2.1,2.1,2.0,477671,98862955.0,5.0,5.0,0.1,3.43
2021-05-20,2.17,2.21,2.21,2.14,387927,85360929.0,3.33,5.24,0.11,2.79
2021-05-21,2.15,2.17,2.31,2.1,931733,203945354.0,9.5,-1.81,-0.04,6.7
2021-05-24,2.15,2.17,2.24,2.11,574479,125127550.0,5.99,0.0,0.0,4.13
2021-05-25,2.16,2.1,2.18,2.07,516015,108552969.0,5.07,-3.23,-0.07,3.71
2021-05-26,2.12,2.21,2.21,2.08,550496,118750362.0,6.19,5.24,0.11,3.96
2021-05-27,2.25,2.32,2.32,2.2,621368,141025651.0,5.43,4.98,0.11,4.47
2021-05-28,2.34,2.38,2.44,2.32,893279,213648006.0,5.17,2.59,0.06,6.42
2021-05-31,2.4,2.5,2.5,2.38,367892,91128712.0,5.04,5.04,0.12,2.64
2021-06-01,2.63,2.63,2.63,2.5,998658,257775154.0,5.2,5.2,0.13,7.18
2021-06-02,2.62,2.76,2.76,2.54,774008,210020158.0,8.37,4.94,0.13,5.56
2021-06-03,2.83,2.9,2.9,2.83,439177,126727263.0,2.54,5.07,0.14,3.16
2021-06-04,3.01,3.05,3.05,2.91,318063,96052040.0,4.83,5.17,0.15,2.29
2021-06-07,3.2,3.2,3.2,3.05,1222459,389476512.0,4.92,4.92,0.15,8.79
2021-06-08,3.25,3.36,3.36,3.22,541048,180096074.0,4.38,5.0,0.16,3.89
2021-06-09,3.52,3.19,3.53,3.19,1703441,579106592.0,10.12,-5.06,-0.17,12.24
2021-06-10,3.03,3.03,3.22,3.03,692817,211934469.0,5.96,-5.02,-0.16,4.98
2021-06-11,2.88,2.88,2.88,2.88,73866,21273408.0,0.0,-4.95,-0.15,0.53
2021-06-15,2.74,3.02,3.02,2.74,1000355,280362896.0,9.72,4.86,0.14,7.19
2021-06-16,2.98,2.87,3.02,2.87,1120810,326275760.0,4.97,-4.97,-0.15,8.06
2021-06-17,2.81,2.86,2.99,2.73,1038768,293549904.0,9.06,-0.35,-0.01,7.47
2021-06-18,2.8,3.0,3.0,2.77,730211,213547304.0,8.04,4.9,0.14,5.25
2021-06-21,3.08,3.15,3.15,3.05,457263,143084672.0,3.33,5.0,0.15,3.29
2021-06-22,3.27,3.04,3.31,3.01,1271941,401148032.0,9.52,-3.49,-0.11,9.14
2021-06-23,3.08,3.19,3.19,2.97,625485,194915192.0,7.24,4.93,0.15,4.5
2021-06-24,3.26,3.3,3.35,3.11,1191991,389231216.0,7.52,3.45,0.11,8.57
2021-06-25,3.22,3.43,3.47,3.21,1156927,390643344.0,7.88,3.94,0.13,8.32
2021-06-28,3.36,3.26,3.44,3.26,901651,299536064.0,5.25,-4.96,-0.17,6.48
2021-06-29,3.2,3.1,3.24,3.1,762757,238568450.0,4.29,-4.91,-0.16,5.48
2021-06-30,3.1,2.96,3.19,2.95,750202,226906071.0,7.74,-4.52,-0.14,5.39
2021-07-01,3.0,3.08,3.11,2.92,838478,257221749.0,6.42,4.05,0.12,6.03
2021-07-02,2.98,2.93,3.03,2.93,699519,206730479.0,3.25,-4.87,-0.15,5.03
2021-07-05,2.92,2.99,3.06,2.89,521876,156093415.0,5.8,2.05,0.06,3.75
2021-07-06,3.01,2.91,3.03,2.84,636215,185388182.0,6.35,-2.68,-0.08,4.57
2021-07-07,2.92,2.98,3.05,2.91,620773,184891059.0,4.81,2.41,0.07,4.46
2021-07-08,3.03,3.12,3.13,2.97,1008863,311164016.0,5.37,4.7,0.14,7.25
2021-07-09,3.08,3.12,3.21,3.01,695197,213978165.0,6.41,0.0,0.0,5.0
2021-07-12,3.08,3.08,3.18,3.05,540888,167876556.0,4.17,-1.28,-0.04,3.89
2021-07-13,3.08,3.01,3.11,2.98,533874,161365901.0,4.22,-2.27,-0.07,3.84
2021-07-14,2.97,2.91,3.0,2.87,579856,169919754.0,4.32,-3.32,-0.1,4.17
2021-07-15,2.89,3.06,3.06,2.87,756339,227037741.0,6.53,5.15,0.15,5.44
2021-07-16,3.14,2.91,3.15,2.91,1090418,328997632.0,7.84,-4.9,-0.15,7.84
2021-07-19,2.86,2.76,2.86,2.76,880840,244612001.0,3.44,-5.15,-0.15,6.33
2021-07-20,2.69,2.71,2.81,2.62,910621,242712566.0,6.88,-1.81,-0.05,6.55
2021-07-21,2.64,2.71,2.77,2.59,691738,185569763.0,6.64,0.0,0.0,4.97
2021-07-22,2.69,2.74,2.8,2.66,598792,163988974.0,5.17,1.11,0.03,4.3
2021-07-23,2.75,2.63,2.78,2.61,657450,176066015.0,6.2,-4.01,-0.11,4.73
2021-07-26,2.66,2.5,2.68,2.5,683868,174455361.0,6.84,-4.94,-0.13,4.92
2021-07-27,2.47,2.38,2.47,2.38,692104,165977498.0,3.6,-4.8,-0.12,4.97
2021-07-28,2.33,2.26,2.33,2.26,502753,114241965.0,2.94,-5.04,-0.12,3.61
2021-07-29,2.2,2.22,2.3,2.19,647849,145366782.0,4.87,-1.77,-0.04,4.66
2021-07-30,2.21,2.26,2.29,2.2,571425,127949672.0,4.05,1.8,0.04,4.11
2021-08-02,2.33,2.37,2.37,2.31,169895,39945660.0,2.65,4.87,0.11,1.22
2021-08-04,2.61,2.61,2.61,2.61,17857,4660687.0,0.0,10.13,0.24,0.13
2021-08-05,2.87,2.87,2.87,2.87,5674,1628438.0,0.0,9.96,0.26,0.04
2021-08-06,3.16,3.16,3.16,3.16,14586,4609176.0,0.0,10.1,0.29,0.1
2021-08-09,3.48,3.48,3.48,3.48,32667,11368116.0,0.0,10.13,0.32,0.23
2021-08-10,3.83,3.83,3.83,3.83,317905,121757615.0,0.0,10.06,0.35,2.29
2021-08-11,4.21,4.21,4.21,4.21,83735,35252468.0,0.0,9.92,0.38,0.6
2021-08-12,4.63,4.63,4.63,4.63,81237,37612731.0,0.0,9.98,0.42,0.58
2021-08-13,5.09,5.09,5.09,5.09,285865,145505285.0,0.0,9.94,0.46,2.05
2021-08-16,5.6,5.4,5.6,5.4,1437829,786284176.0,3.93,6.09,0.31,10.34
2021-08-17,5.25,4.86,5.65,4.86,5302028,2745013184.0,14.63,-10.0,-0.54,38.11
2021-08-18,4.74,4.74,5.06,4.55,3686951,1757334240.0,10.49,-2.47,-0.12,26.5
2021-08-19,4.6,4.45,4.73,4.41,3040655,1387197184.0,6.75,-6.12,-0.29,21.86
2021-08-20,4.38,4.24,4.42,4.01,3083797,1283980096.0,9.21,-4.72,-0.21,22.17
2021-08-23,4.18,4.66,4.66,4.12,2547892,1105984144.0,12.74,9.91,0.42,18.31
2021-08-24,4.71,4.8,5.13,4.52,4687891,2304870016.0,13.09,3.0,0.14,33.7
2021-08-25,4.65,4.85,5.1,4.35,3332442,1558052752.0,15.63,1.04,0.05,23.95
2021-08-26,4.7,5.34,5.34,4.66,4242688,2214683984.0,14.02,10.1,0.49,30.5
2021-08-27,5.33,5.87,5.87,5.09,4730172,2575060704.0,14.61,9.93,0.53,34.0
2021-08-30,6.0,6.46,6.46,5.85,4771941,2999220400.0,10.39,10.05,0.59,34.3
2021-08-31,6.38,6.1,6.39,5.84,4005992,2455163728.0,8.51,-5.57,-0.36,28.8
2021-09-01,6.3,6.37,6.68,5.65,4640263,2910926080.0,16.89,4.43,0.27,33.35
2021-09-02,6.1,6.16,6.47,6.01,2857890,1771589424.0,7.22,-3.3,-0.21,20.54
2021-09-03,5.89,5.71,6.1,5.7,2449926,1422685648.0,6.49,-7.31,-0.45,17.61
2021-09-06,5.88,6.01,6.15,5.74,2662175,1589729120.0,7.18,5.25,0.3,19.14
2021-09-07,6.02,5.76,6.06,5.65,2594526,1495860256.0,6.82,-4.16,-0.25,18.65
2021-09-08,5.75,5.63,5.87,5.61,1992432,1139147904.0,4.51,-2.26,-0.13,14.32
2021-09-09,5.55,5.31,5.62,5.26,2165251,1165142528.0,6.39,-5.68,-0.32,15.56
2021-09-10,5.29,5.65,5.8,5.2,2590324,1429335728.0,11.3,6.4,0.34,18.62
2021-09-13,5.59,5.44,5.59,5.3,1760050,953603824.0,5.13,-3.72,-0.21,12.65
2021-09-14,5.4,5.54,5.65,5.12,2003392,1085900768.0,9.74,1.84,0.1,14.4
2021-09-15,5.49,5.4,5.68,5.34,1636444,897235584.0,6.14,-2.53,-0.14,11.76
2021-09-16,5.23,4.87,5.3,4.86,2170448,1099905808.0,8.15,-9.81,-0.53,15.6
2021-09-17,4.75,4.89,4.98,4.52,1306647,629592608.0,9.45,0.41,0.02,9.39
2021-09-22,4.82,4.95,5.12,4.82,1195749,598500032.0,6.13,1.23,0.06,8.6
2021-09-23,4.93,4.85,5.04,4.82,1067842,523625888.0,4.44,-2.02,-0.1,7.68
2021-09-24,4.85,4.54,4.88,4.53,1148216,536734848.0,7.22,-6.39,-0.31,8.25
2021-09-27,4.61,4.34,4.65,4.2,1213943,537022240.0,9.91,-4.41,-0.2,8.73
2021-09-28,4.41,4.41,4.5,4.23,1205780,525259760.0,6.22,1.61,0.07,8.67
2021-09-29,4.32,4.12,4.47,4.11,1017956,433063856.0,8.16,-6.58,-0.29,7.32
2021-09-30,4.17,4.36,4.39,4.15,1101331,471983664.0,5.83,5.83,0.24,7.92
2021-10-08,4.38,4.25,4.44,4.2,903018,385954336.0,5.5,-2.52,-0.11,6.49
2021-10-11,4.27,4.14,4.29,4.07,729474,303107296.0,5.18,-2.59,-0.11,5.24
2021-10-12,4.13,3.92,4.15,3.86,1022024,405758496.0,7.0,-5.31,-0.22,7.35
2021-10-13,3.92,4.02,4.06,3.83,1226300,484928704.0,5.87,2.55,0.1,8.81
2021-10-14,3.95,4.02,4.08,3.81,1215925,482611952.0,6.72,0.0,0.0,8.74
2021-10-15,3.82,3.88,3.97,3.74,1088928,420238240.0,5.72,-3.48,-0.14,7.83
2021-10-18,3.86,4.27,4.27,3.83,651609,268616144.0,11.34,10.05,0.39,4.68
2021-10-19,4.34,4.5,4.6,4.32,2533830,1131571104.0,6.56,5.39,0.23,18.21
2021-10-20,4.38,4.57,4.68,4.29,2061572,929257872.0,8.67,1.56,0.07,14.82
2021-10-21,4.47,4.46,4.55,4.36,1369649,608290368.0,4.16,-2.41,-0.11,9.85
2021-10-22,4.41,4.23,4.45,4.21,1172617,505160032.0,5.38,-5.16,-0.23,8.43
2021-10-25,4.3,4.29,4.35,4.18,838390,359025536.0,4.02,1.42,0.06,6.03
2021-10-26,4.3,4.24,4.46,4.2,1135685,491081504.0,6.06,-1.17,-0.05,8.16
2021-10-27,4.28,4.05,4.28,4.01,1144585,469152192.0,6.37,-4.48,-0.19,8.23
2021-10-28,4.08,3.79,4.08,3.76,1166135,450002608.0,7.9,-6.42,-0.26,8.38
2021-10-29,3.75,3.81,3.83,3.7,847609,320802560.0,3.43,0.53,0.02,6.09
2021-11-01,3.86,3.79,3.89,3.71,898340,341406064.0,4.72,-0.52,-0.02,6.46
2021-11-02,3.79,3.95,4.07,3.75,1430145,557264272.0,8.44,4.22,0.16,10.28
2021-11-03,3.87,3.75,3.88,3.58,1119952,416232544.0,7.59,-5.06,-0.2,8.05
2021-11-04,3.77,3.81,3.88,3.69,983247,373969552.0,5.07,1.6,0.06,7.07
2021-11-05,3.76,3.55,3.76,3.51,1121479,406521840.0,6.56,-6.82,-0.26,8.06
2021-11-08,3.5,3.91,3.91,3.45,1914456,730019264.0,12.96,10.14,0.36,13.76
2021-11-09,3.91,3.8,3.92,3.77,1421790,544317536.0,3.84,-2.81,-0.11,10.22
2021-11-10,3.79,3.72,3.84,3.61,1277093,472962576.0,6.05,-2.11,-0.08,9.18
2021-11-11,3.72,3.69,3.77,3.63,999467,368959184.0,3.76,-0.81,-0.03,7.18
2021-11-12,3.74,3.7,3.78,3.65,927109,344024784.0,3.52,0.27,0.01,6.66
2021-11-15,3.75,3.72,3.75,3.56,1037968,380192320.0,5.14,0.54,0.02,7.46
2021-11-16,3.69,3.56,3.72,3.56,875260,315769008.0,4.3,-4.3,-0.16,6.29
2021-11-17,3.56,3.69,3.78,3.55,1075451,396447392.0,6.46,3.65,0.13,7.73
2021-11-18,3.66,3.92,4.05,3.62,2123843,820479152.0,11.65,6.23,0.23,15.27
2021-11-19,3.85,3.78,3.88,3.71,1364107,514376656.0,4.34,-3.57,-0.14,9.81
2021-11-22,3.75,3.93,4.0,3.74,1448599,564557888.0,6.88,3.97,0.15,10.41
2021-11-23,3.93,3.99,4.16,3.87,1705935,687474464.0,7.38,1.53,0.06,12.26
2021-11-24,3.97,3.86,3.97,3.82,1102812,428235776.0,3.76,-3.26,-0.13,7.93
2021-11-25,3.86,3.79,3.9,3.78,790994,301755408.0,3.11,-1.81,-0.07,5.69
2021-11-26,3.77,3.83,3.93,3.73,887718,342168000.0,5.28,1.06,0.04,6.38
2021-11-29,3.74,3.87,3.92,3.65,839396,320523856.0,7.05,1.04,0.04,6.03
2021-11-30,3.87,3.8,3.89,3.75,752974,287219648.0,3.62,-1.81,-0.07,5.41
2021-12-01,3.76,3.83,3.85,3.71,638520,240339254.0,3.68,0.79,0.03,4.59
2021-12-02,3.8,3.74,3.81,3.73,518281,194816080.0,2.09,-2.35,-0.09,3.73
2021-12-03,3.7,3.75,3.82,3.65,680470,252957650.0,4.55,0.27,0.01,4.89
2021-12-06,3.73,3.71,3.79,3.7,532629,198394383.0,2.4,-1.07,-0.04,3.83
2021-12-07,3.73,3.65,3.73,3.61,539976,196894122.0,3.23,-1.62,-0.06,3.88
2021-12-08,3.64,3.73,3.76,3.62,658008,244702521.0,3.84,2.19,0.08,4.73
2021-12-09,3.72,3.7,3.76,3.66,533280,197738229.0,2.68,-0.8,-0.03,3.83
2021-12-10,3.68,3.81,3.95,3.65,1295852,497526000.0,8.11,2.97,0.11,9.31
2021-12-13,3.79,3.87,3.92,3.76,1083466,415367856.0,4.2,1.57,0.06,7.79
2021-12-14,3.86,3.74,3.86,3.71,859288,323674768.0,3.88,-3.36,-0.13,6.18
2021-12-15,3.71,3.79,3.85,3.68,722748,272120384.0,4.55,1.34,0.05,5.2
2021-12-16,3.8,3.88,4.06,3.76,1246397,487457696.0,7.92,2.37,0.09,8.96
2021-12-17,3.83,3.86,3.95,3.81,882554,341275840.0,3.61,-0.52,-0.02,6.34
2021-12-20,3.93,3.73,3.93,3.72,726770,274476112.0,5.44,-3.37,-0.13,5.22
2021-12-21,3.68,3.82,3.85,3.67,680393,255255306.0,4.83,2.41,0.09,4.89
2021-12-22,3.82,4.2,4.2,3.8,2188465,904097248.0,10.47,9.95,0.38,15.73
2021-12-23,4.22,4.13,4.58,4.07,3517992,1509378160.0,12.14,-1.67,-0.07,25.29
2021-12-24,4.07,3.89,4.18,3.86,1917995,766667744.0,7.75,-5.81,-0.24,13.79
2021-12-27,3.84,3.8,3.92,3.75,1015723,387156032.0,4.37,-2.31,-0.09,7.3
2021-12-28,3.8,4.18,4.18,3.72,1564336,616757504.0,12.11,10.0,0.38,11.24
2021-12-29,4.13,4.22,4.49,3.95,2779037,1176762048.0,12.92,0.96,0.04,19.98
2021-12-30,4.09,4.34,4.58,4.05,2599420,1108761136.0,12.56,2.84,0.12,18.68
2021-12-31,4.28,4.77,4.77,4.26,3167400,1451197824.0,11.75,9.91,0.43,22.77
2022-01-04,4.99,5.07,5.25,4.71,4154775,2088658944.0,11.32,6.29,0.3,29.86
2022-01-05,4.83,4.65,4.94,4.56,2659257,1256713408.0,7.5,-8.28,-0.42,19.11
2022-01-06,4.52,5.12,5.12,4.4,2463400,1188613040.0,15.48,10.11,0.47,17.71
2022-01-07,5.12,5.03,5.48,4.9,3642595,1878651200.0,11.33,-1.76,-0.09,26.18
2022-01-10,4.88,4.81,5.2,4.8,2161135,1068541056.0,7.95,-4.37,-0.22,15.53
2022-01-11,4.79,4.93,4.96,4.7,1899001,917899616.0,5.41,2.49,0.12,13.65
2022-01-12,4.95,4.75,5.1,4.71,1619809,782610720.0,7.91,-3.65,-0.18,11.64
2022-01-13,4.63,4.41,4.64,4.4,1821523,819124576.0,5.05,-7.16,-0.34,13.09
2022-01-14,4.41,4.27,4.5,4.25,1388454,605148480.0,5.67,-3.17,-0.14,9.98
2022-01-17,4.22,4.13,4.28,4.12,1545463,645348784.0,3.75,-3.28,-0.14,11.11
2022-01-18,4.1,3.92,4.12,3.9,1894527,759036064.0,5.33,-5.08,-0.21,13.62
2022-01-19,3.87,3.88,3.92,3.81,1247851,482775040.0,2.81,-1.02,-0.04,8.97
2022-01-20,3.92,3.68,3.92,3.67,1214641,457023696.0,6.44,-5.15,-0.2,8.73
2022-01-21,3.63,3.72,3.85,3.61,1159596,434813296.0,6.52,1.09,0.04,8.34
2022-01-24,3.72,4.09,4.09,3.65,2568963,1018174192.0,11.83,9.95,0.37,18.47
2022-01-25,3.91,3.76,4.0,3.75,1837143,711651168.0,6.11,-8.07,-0.33,13.21
2022-01-26,3.39,3.55,3.7,3.39,1379032,490416848.0,8.24,-5.59,-0.21,9.91
2022-01-27,3.59,3.31,3.6,3.31,1161034,394109968.0,8.17,-6.76,-0.24,8.35
2022-01-28,3.33,3.37,3.42,3.24,773521,258500195.0,5.44,1.81,0.06,5.56
2022-02-07,3.45,3.41,3.47,3.38,615243,210074124.0,2.67,1.19,0.04,4.42
2022-02-08,3.42,3.51,3.54,3.36,804474,276664480.0,5.28,2.93,0.1,5.78
2022-02-09,3.49,3.55,3.65,3.45,915441,325677168.0,5.7,1.14,0.04,6.58
2022-02-10,3.55,3.58,3.65,3.48,779672,276726048.0,4.79,0.85,0.03,5.6
2022-02-11,3.53,3.76,3.9,3.5,1692798,634225968.0,11.17,5.03,0.18,12.17
2022-02-14,3.65,3.7,3.9,3.61,1090218,408077920.0,7.71,-1.6,-0.06,7.84
2022-02-15,3.67,3.63,3.74,3.58,727622,263905611.0,4.32,-1.89,-0.07,5.23
2022-02-16,3.64,3.67,3.8,3.6,780945,287881520.0,5.51,1.1,0.04,5.61
2022-02-17,3.63,4.01,4.04,3.61,3049231,1198171200.0,11.72,9.26,0.34,21.92
2022-02-18,3.81,3.84,3.88,3.78,2007437,767549408.0,2.49,-4.24,-0.17,14.43
2022-02-21,3.8,3.85,3.88,3.77,1092452,417938000.0,2.86,0.26,0.01,7.85
2022-02-22,3.81,3.9,3.98,3.81,1317570,512392720.0,4.42,1.3,0.05,9.47
2022-02-23,3.85,3.88,3.95,3.81,1068503,414343440.0,3.59,-0.51,-0.02,7.68
2022-02-24,3.83,3.68,3.88,3.59,1475070,550475632.0,7.47,-5.15,-0.2,10.6
2022-02-25,3.68,3.71,3.79,3.68,720210,268837072.0,2.99,0.82,0.03,5.18
2022-02-28,3.63,3.71,3.78,3.55,847271,310820688.0,6.2,0.0,0.0,6.09
2022-03-01,3.68,3.88,3.99,3.66,1605671,616826928.0,8.89,4.58,0.17,11.54
2022-03-02,3.83,3.95,4.09,3.8,1795203,705432144.0,7.47,1.8,0.07,12.9
2022-03-03,3.95,3.94,4.07,3.92,1493572,594465952.0,3.8,-0.25,-0.01,10.74
2022-03-04,3.9,3.8,3.96,3.8,959291,370086432.0,4.06,-3.55,-0.14,6.9
2022-03-07,3.81,3.71,3.83,3.7,627736,236517033.0,3.42,-2.37,-0.09,4.51
2022-03-08,3.68,3.61,3.73,3.57,712437,259086250.0,4.31,-2.7,-0.1,5.12
2022-03-09,3.65,3.62,3.68,3.36,803204,286809072.0,8.86,0.28,0.01,5.77
2022-03-10,3.69,3.71,3.74,3.63,705169,259558145.0,3.04,2.49,0.09,5.07
2022-03-11,3.65,3.64,3.65,3.54,624566,225019840.0,2.96,-1.89,-0.07,4.49
2022-03-14,3.59,3.58,3.7,3.54,573183,206659677.0,4.4,-1.65,-0.06,4.12
2022-03-15,3.56,3.34,3.56,3.33,660802,228480570.0,6.42,-6.7,-0.24,4.75
2022-03-16,3.4,3.46,3.49,3.3,715137,243170720.0,5.69,3.59,0.12,5.14
2022-03-17,3.5,3.49,3.54,3.43,680788,237926957.0,3.18,0.87,0.03,4.89
2022-03-18,3.45,3.54,3.58,3.44,577175,204042396.0,4.01,1.43,0.05,4.15
2022-03-21,3.54,3.55,3.6,3.51,574142,204184709.0,2.54,0.28,0.01,4.13
2022-03-22,3.53,3.51,3.62,3.46,622269,219317756.0,4.51,-1.13,-0.04,4.47
2022-03-23,3.53,3.5,3.57,3.49,482134,169602782.0,2.28,-0.28,-0.01,3.47
2022-03-24,3.49,3.43,3.49,3.41,493502,169792949.0,2.29,-2.0,-0.07,3.55
2022-03-25,3.42,3.36,3.43,3.35,506166,171384439.0,2.33,-2.04,-0.07,3.64
2022-03-28,3.35,3.35,3.39,3.28,389999,130183301.0,3.27,-0.3,-0.01,2.8
2022-03-29,3.35,3.32,3.39,3.3,351821,117284068.0,2.69,-0.9,-0.03,2.53
2022-03-30,3.32,3.43,3.45,3.3,595047,200976162.0,4.52,3.31,0.11,4.28
2022-03-31,3.38,3.31,3.39,3.31,519831,173696837.0,2.33,-3.5,-0.12,3.74
2022-04-01,3.29,3.28,3.3,3.26,301078,98724267.0,1.21,-0.91,-0.03,2.16
2022-04-06,3.27,3.3,3.3,3.25,334072,109302819.0,1.52,0.61,0.02,2.4
2022-04-07,3.28,3.13,3.28,3.1,606770,193095349.0,5.45,-5.15,-0.17,4.36
2022-04-08,3.03,2.89,3.07,2.84,1026322,300595568.0,7.35,-7.67,-0.24,7.38
2022-04-11,2.89,2.76,2.89,2.73,751326,209820416.0,5.54,-4.5,-0.13,5.4
2022-04-12,2.75,2.76,2.79,2.66,565719,153811860.0,4.71,0.0,0.0,4.07
2022-04-13,2.76,2.86,3.04,2.76,1008065,290265072.0,10.14,3.62,0.1,7.25
2022-04-14,2.8,2.83,2.9,2.8,472278,134108488.0,3.5,-1.05,-0.03,3.39
2022-04-15,2.81,2.71,2.81,2.7,473599,129746603.0,3.89,-4.24,-0.12,3.4
2022-04-18,2.7,2.79,2.83,2.64,486089,133208177.0,7.01,2.95,0.08,3.49
2022-04-19,2.78,2.75,2.81,2.72,345177,95293473.0,3.23,-1.43,-0.04,2.48
2022-04-20,2.76,2.67,2.78,2.66,320468,86804988.0,4.36,-2.91,-0.08,2.3
2022-04-21,2.64,2.54,2.71,2.53,445973,116004870.0,6.74,-4.87,-0.13,3.21
2022-04-22,2.52,2.55,2.6,2.47,410754,104296522.0,5.12,0.39,0.01,2.95
2022-04-25,2.5,2.3,2.5,2.3,582874,139065149.0,7.84,-9.8,-0.25,4.19
2022-04-26,2.29,2.24,2.35,2.23,559964,127705208.0,5.22,-2.61,-0.06,4.03
2022-04-27,2.18,2.35,2.37,2.14,694267,157315503.0,10.27,4.91,0.11,4.99
2022-04-28,2.35,2.28,2.36,2.23,633773,144902704.0,5.53,-2.98,-0.07,4.56
2022-04-29,2.32,2.41,2.45,2.28,721851,171130635.0,7.46,5.7,0.13,5.19
2022-05-05,2.42,2.48,2.53,2.4,500789,123313665.0,5.39,2.9,0.07,3.6
2022-05-06,2.43,2.43,2.47,2.41,322829,78805777.0,2.42,-2.02,-0.05,2.32
2022-05-09,2.43,2.47,2.5,2.43,282194,69743303.0,2.88,1.65,0.04,2.03
2022-05-10,2.47,2.52,2.53,2.43,358796,89640906.0,4.05,2.02,0.05,2.58
2022-05-11,2.55,2.57,2.68,2.54,595832,155226234.0,5.56,1.98,0.05,4.28
2022-05-12,2.57,2.58,2.63,2.53,347396,89724896.0,3.89,0.39,0.01,2.5
2022-05-13,2.59,2.56,2.62,2.53,272263,69746635.0,3.49,-0.78,-0.02,1.96
2022-05-16,2.59,2.59,2.62,2.55,262033,67568898.0,2.73,1.17,0.03,1.88
2022-05-17,2.58,2.61,2.66,2.55,414983,108199539.0,4.25,0.77,0.02,2.98
2022-05-18,2.59,2.67,2.82,2.56,765942,205350355.0,9.96,2.3,0.06,5.51
2022-05-19,2.63,2.72,2.74,2.58,656820,174700515.0,5.99,1.87,0.05,4.72
2022-05-20,2.71,2.87,2.91,2.71,1212723,342171600.0,7.35,5.51,0.15,8.72
2022-05-23,2.9,2.82,2.93,2.78,1092426,309946448.0,5.23,-1.74,-0.05,7.85
2022-05-24,2.8,2.65,2.82,2.65,767741,209952365.0,6.03,-6.03,-0.17,5.52
2022-05-25,2.62,2.72,2.74,2.62,467194,125915665.0,4.53,2.64,0.07,3.36
2022-05-26,2.73,2.7,2.75,2.65,401479,108285519.0,3.68,-0.74,-0.02,2.89
2022-05-27,2.71,2.66,2.74,2.63,375820,100479146.0,4.07,-1.48,-0.04,2.7
2022-05-30,2.65,2.68,2.7,2.62,290195,77144956.0,3.01,0.75,0.02,2.09
2022-05-31,2.71,2.67,2.72,2.64,296331,79080031.0,2.99,-0.37,-0.01,2.13
2022-06-01,2.69,2.65,2.73,2.65,369919,99235970.0,3.0,-0.75,-0.02,2.66
2022-06-02,2.65,2.92,2.92,2.63,1141542,321145104.0,10.94,10.19,0.27,8.21
2022-06-06,2.96,3.21,3.21,2.92,1534700,475318240.0,9.93,9.93,0.29,11.03
2022-06-07,3.44,3.25,3.53,3.23,3298535,1121631600.0,9.35,1.25,0.04,23.71
2022-06-08,3.02,3.19,3.34,3.02,2187776,691334832.0,9.85,-1.85,-0.06,15.73
2022-06-09,3.09,2.89,3.13,2.89,1705576,506535616.0,7.52,-9.4,-0.3,12.26
2022-06-10,2.89,2.94,3.01,2.88,1069331,314890656.0,4.5,1.73,0.05,7.69
2022-06-13,2.93,3.08,3.19,2.89,1570650,481255488.0,10.2,4.76,0.14,11.29
2022-06-14,3.02,3.03,3.05,2.93,957257,286454256.0,3.9,-1.62,-0.05,6.88
2022-06-15,3.04,2.95,3.1,2.94,779957,232658162.0,5.28,-2.64,-0.08,5.61
2022-06-16,2.95,2.92,2.97,2.89,619868,181545049.0,2.71,-1.02,-0.03,4.46
2022-06-17,2.91,3.03,3.09,2.89,1107677,332516784.0,6.85,3.77,0.11,7.96
2022-06-20,3.04,3.01,3.04,2.95,707117,212035888.0,2.97,-0.66,-0.02,5.08
2022-06-21,3.03,2.95,3.03,2.93,546765,161914398.0,3.32,-1.99,-0.06,3.93
2022-06-22,2.95,2.97,3.04,2.92,635220,189850547.0,4.07,0.68,0.02,4.57
2022-06-23,2.99,3.0,3.04,2.9,701103,207877252.0,4.71,1.01,0.03,5.04
2022-06-24,3.0,3.1,3.19,3.0,1152536,355904576.0,6.33,3.33,0.1,8.28
2022-06-27,3.1,3.07,3.15,3.04,830150,255457558.0,3.55,-0.97,-0.03,5.97
2022-06-28,3.06,3.09,3.1,3.02,611761,187146779.0,2.61,0.65,0.02,4.4
2022-06-29,3.05,2.96,3.05,2.93,787719,235556003.0,3.88,-4.21,-0.13,5.66
2022-06-30,2.95,2.94,2.98,2.93,399491,117997810.0,1.69,-0.68,-0.02,2.86
2022-07-01,2.94,3.0,3.07,2.92,608475,182398787.0,5.1,2.04,0.06,4.36
2022-07-04,3.0,3.02,3.08,2.96,603558,183073515.0,4.0,0.67,0.02,4.32
2022-07-05,2.99,3.14,3.32,2.98,1524124,480699248.0,11.26,3.97,0.12,10.92
2022-07-06,3.08,3.02,3.11,3.0,819894,249748649.0,3.5,-3.82,-0.12,5.87
2022-07-07,3.1,3.32,3.32,3.08,1717273,557133408.0,7.95,9.93,0.3,12.3
2022-07-08,3.47,3.31,3.58,3.23,3242108,1107439769.08,10.54,-0.3,-0.01,23.22
2022-07-11,3.15,3.18,3.33,3.1,1588447,504570127.0,6.95,-3.93,-0.13,11.38
2022-07-12,3.17,3.06,3.19,3.06,1125752,350229409.55,4.09,-3.77,-0.12,8.06
2022-07-13,3.04,3.09,3.1,3.01,703939,215702908.29,2.94,0.98,0.03,5.04
2022-07-14,3.08,3.02,3.08,3.01,723342,219362230.54,2.27,-2.27,-0.07,5.18
2022-07-15,3.0,2.89,3.01,2.89,844349,248264926.0,3.97,-4.3,-0.13,6.05
2022-07-18,2.89,2.98,3.0,2.87,496802,146902843.48,4.5,3.11,0.09,3.56
2022-07-19,2.98,2.98,3.02,2.94,423163,125848949.0,2.68,0.0,0.0,3.03
2022-07-20,2.97,3.02,3.05,2.97,484686,145699745.0,2.68,1.34,0.04,3.47
2022-07-21,3.0,2.99,3.02,2.98,359894,107695184.92,1.32,-0.99,-0.03,2.58
2022-07-22,2.97,2.97,3.01,2.94,406874,120972647.0,2.34,-0.67,-0.02,2.91
2022-07-25,2.97,2.94,3.0,2.92,305532,90247096.44,2.69,-1.01,-0.03,2.19
2022-07-26,2.92,2.98,2.99,2.9,371812,109840687.6,3.06,1.36,0.04,2.66
2022-07-27,2.97,2.98,3.0,2.96,296577,88334697.52,1.34,0.0,0.0,2.12
2022-07-28,2.99,3.0,3.03,2.98,448073,134788412.92,1.68,0.67,0.02,3.21
2022-07-29,3.0,3.02,3.09,3.0,537453,163228945.6,3.0,0.67,0.02,3.85
2022-08-01,3.01,2.97,3.02,2.95,354194,105226440.0,2.32,-1.66,-0.05,2.54
2022-08-02,2.94,2.79,2.94,2.76,704849,198956704.36,6.06,-6.06,-0.18,5.05
2022-08-03,2.78,2.77,2.89,2.76,415029,117004483.47,4.66,-0.72,-0.02,2.97
2022-08-04,2.78,2.81,2.82,2.75,328317,91768871.49,2.53,1.44,0.04,2.35
2022-08-05,2.81,2.82,2.84,2.76,333490,93197385.4,2.85,0.36,0.01,2.39
2022-08-08,2.8,2.9,2.95,2.78,500221,144448827.0,6.03,2.84,0.08,3.58
2022-08-09,2.89,2.89,2.93,2.87,310443,89967257.44,2.07,-0.34,-0.01,2.22
2022-08-10,2.89,2.9,2.92,2.88,255116,73875009.4,1.38,0.35,0.01,1.83
2022-08-11,2.91,2.95,2.98,2.88,483467,141534171.0,3.45,1.72,0.05,3.46
2022-08-12,2.94,2.98,3.05,2.92,589701,176520669.88,4.41,1.02,0.03,4.22
2022-08-15,2.98,3.09,3.09,2.95,815198,246980451.48,4.7,3.69,0.11,5.84
2022-08-16,3.09,3.12,3.12,3.04,768466,237343239.92,2.59,0.97,0.03,5.5
2022-08-17,3.11,3.1,3.17,3.07,525677,163181440.76,3.21,-0.64,-0.02,3.77
2022-08-18,3.1,3.05,3.12,3.03,586758,179444589.12,2.9,-1.61,-0.05,4.2
2022-08-19,3.03,3.06,3.13,3.01,767611,235731713.0,3.93,0.33,0.01,5.5
2022-08-22,3.06,3.0,3.08,2.99,555096,167600163.0,2.94,-1.96,-0.06,3.98
2022-08-23,2.99,3.01,3.04,2.97,343691,103259312.0,2.33,0.33,0.01,2.46
2022-08-24,3.02,2.91,3.02,2.9,488496,143680473.96,3.99,-3.32,-0.1,3.5
2022-08-25,2.93,2.87,2.94,2.82,372959,106921531.0,4.12,-1.37,-0.04,2.67
2022-08-26,2.89,2.86,2.93,2.85,303935,87771526.72,2.79,-0.35,-0.01,2.18
2022-08-29,2.8,2.88,2.88,2.79,246245,70186748.55,3.15,0.7,0.02,1.76
2022-08-30,2.87,2.87,2.92,2.84,356200,102173193.37,2.78,-0.35,-0.01,2.55
2022-08-31,2.87,2.75,2.87,2.74,478059,133331778.0,4.53,-4.18,-0.12,3.42
2022-09-01,2.76,2.72,2.78,2.71,243187,66587808.28,2.55,-1.09,-0.03,1.74
2022-09-02,2.72,2.76,2.78,2.72,230461,63226517.16,2.21,1.47,0.04,1.65
2022-09-05,2.77,2.86,2.87,2.74,367432,103429087.03,4.71,3.62,0.1,2.63
2022-09-06,2.86,2.95,2.96,2.84,430249,125338048.12,4.2,3.15,0.09,3.08
2022-09-07,2.95,3.01,3.03,2.92,563779,168623361.92,3.73,2.03,0.06,4.04
2022-09-08,3.03,3.05,3.09,3.02,783515,239637031.2,2.33,1.33,0.04,5.61
2022-09-09,3.05,3.0,3.05,2.98,464763,139660231.4,2.3,-1.64,-0.05,3.33
2022-09-13,3.0,2.99,3.04,2.97,325907,97613830.0,2.33,-0.33,-0.01,2.33
2022-09-14,2.96,3.02,3.05,2.93,586970,176318671.0,4.01,1.0,0.03,4.2
2022-09-15,3.03,3.0,3.08,2.93,650112,195076622.0,4.97,-0.66,-0.02,4.66
2022-09-16,2.98,3.02,3.1,2.95,1053004,320222168.28,5.0,0.67,0.02,7.54
2022-09-19,3.05,2.83,3.06,2.81,1080641,313858713.92,8.28,-6.29,-0.19,7.74
2022-09-20,2.83,3.11,3.11,2.83,936122,286607863.32,9.89,9.89,0.28,6.71
2022-09-21,3.0,2.96,3.0,2.87,1513250,446618482.52,4.18,-4.82,-0.15,10.84
2022-09-22,2.89,2.91,2.93,2.85,808810,233816086.01,2.7,-1.69,-0.05,5.79
2022-09-23,2.9,2.76,2.9,2.76,832964,233455758.75,4.81,-5.15,-0.15,5.97
2022-09-26,2.76,2.65,2.77,2.65,554259,148224522.0,4.35,-3.99,-0.11,3.97
2022-09-27,2.66,2.68,2.69,2.57,510364,134101474.0,4.53,1.13,0.03,3.66
2022-09-28,2.65,2.59,2.66,2.58,409545,107100641.5,2.99,-3.36,-0.09,2.93
2022-09-29,2.6,2.51,2.63,2.5,341266,87323563.0,5.02,-3.09,-0.08,2.44
2022-09-30,2.5,2.56,2.6,2.5,317632,80848006.0,3.98,1.99,0.05,2.28
2022-10-10,2.56,2.47,2.58,2.43,305066,76641362.0,5.86,-3.52,-0.09,2.19
2022-10-11,2.47,2.48,2.51,2.39,230070,56356061.0,4.86,0.4,0.01,1.65
2022-10-12,2.48,2.56,2.56,2.45,255243,63963334.0,4.44,3.23,0.08,1.83
2022-10-13,2.54,2.54,2.58,2.53,213246,54540166.0,1.95,-0.78,-0.02,1.53
2022-10-14,2.56,2.6,2.61,2.55,244538,63366115.05,2.36,2.36,0.06,1.75
2022-10-17,2.59,2.64,2.66,2.57,230026,60197477.4,3.46,1.54,0.04,1.65
2022-10-18,2.65,2.63,2.67,2.62,252001,66710265.0,1.89,-0.38,-0.01,1.81
2022-10-19,2.64,2.61,2.66,2.61,205409,54157406.35,1.9,-0.76,-0.02,1.47
2022-10-20,2.6,2.57,2.62,2.55,250297,64621417.6,2.68,-1.53,-0.04,1.79
2022-10-21,2.59,2.58,2.62,2.57,177124,45905267.0,1.95,0.39,0.01,1.27
2022-10-24,2.59,2.51,2.63,2.51,237062,60839634.24,4.65,-2.71,-0.07,1.7
2022-10-25,2.53,2.55,2.55,2.47,218587,55025602.92,3.19,1.59,0.04,1.57
2022-10-26,2.55,2.56,2.59,2.55,196641,50515442.2,1.57,0.39,0.01,1.41
2022-10-27,2.59,2.53,2.59,2.53,227632,58240674.97,2.34,-1.17,-0.03,1.63
2022-10-28,2.51,2.43,2.53,2.41,228774,56327238.0,4.74,-3.95,-0.1,1.64
2022-10-31,2.42,2.44,2.5,2.4,152447,37350946.0,4.12,0.41,0.01,1.09
2022-11-01,2.44,2.51,2.51,2.44,232377,57606557.0,2.87,2.87,0.07,1.66
2022-11-02,2.5,2.53,2.54,2.49,222475,56116933.55,1.99,0.8,0.02,1.59
2022-11-03,2.52,2.53,2.56,2.51,260200,65972216.77,1.98,0.0,0.0,1.86
2022-11-04,2.55,2.61,2.64,2.53,463224,120488817.71,4.35,3.16,0.08,3.32
2022-11-07,2.62,2.67,2.69,2.61,479875,127207726.17,3.07,2.3,0.06,3.44
2022-11-08,2.67,2.66,2.67,2.63,236739,62753040.15,1.5,-0.37,-0.01,1.7
2022-11-09,2.64,2.65,2.69,2.64,193752,51689611.0,1.88,-0.38,-0.01,1.39
2022-11-10,2.66,2.64,2.67,2.6,225632,59657710.61,2.64,-0.38,-0.01,1.62
2022-11-11,2.68,2.63,2.7,2.62,271756,71993326.44,3.03,-0.38,-0.01,1.95
2022-11-14,2.64,2.57,2.65,2.56,274437,71289199.0,3.42,-2.28,-0.06,1.97
2022-11-15,2.62,2.72,2.82,2.62,1018419,276628913.32,7.78,5.84,0.15,7.3
2022-11-16,2.68,2.69,2.73,2.66,526792,141927915.47,2.57,-1.1,-0.03,3.77
2022-11-17,2.69,2.66,2.69,2.64,304844,80935861.6,1.86,-1.12,-0.03,2.18
2022-11-18,2.67,2.66,2.69,2.65,266173,71103153.0,1.5,0.0,0.0,1.91
2022-11-21,2.65,2.68,2.68,2.6,233966,61779231.0,3.01,0.75,0.02,1.68
2022-11-22,2.67,2.61,2.68,2.61,250374,66048768.0,2.61,-2.61,-0.07,1.79
2022-11-23,2.61,2.63,2.64,2.57,248798,64963497.4,2.68,0.77,0.02,1.78
2022-11-24,2.63,2.62,2.64,2.61,185598,48738353.0,1.14,-0.38,-0.01,1.33
2022-11-25,2.63,2.59,2.63,2.58,176220,45760214.0,1.91,-1.15,-0.03,1.26
2022-11-28,2.57,2.58,2.59,2.52,179910,46150915.0,2.7,-0.39,-0.01,1.29
2022-11-29,2.58,2.61,2.62,2.57,172980,45084337.0,1.94,1.16,0.03,1.24
2022-11-30,2.62,2.62,2.64,2.61,165403,43349353.0,1.15,0.38,0.01,1.18
2022-12-01,2.62,2.62,2.64,2.61,178236,46769828.0,1.15,0.0,0.0,1.28
2022-12-02,2.62,2.65,2.65,2.6,240132,63126688.0,1.91,1.15,0.03,1.72
2022-12-05,2.65,2.67,2.67,2.64,261524,69415937.0,1.13,0.75,0.02,1.87
2022-12-06,2.67,2.64,2.67,2.63,177160,46867670.0,1.5,-1.12,-0.03,1.27
2022-12-07,2.63,2.64,2.66,2.63,153763,40570830.92,1.14,0.0,0.0,1.1
2022-12-08,2.64,2.62,2.64,2.61,147945,38826110.96,1.14,-0.76,-0.02,1.06
2022-12-09,2.63,2.59,2.63,2.58,162200,42170530.94,1.91,-1.15,-0.03,1.16
2022-12-12,2.6,2.57,2.61,2.56,152697,39235951.0,1.93,-0.77,-0.02,1.09
2022-12-13,2.56,2.55,2.57,2.54,157702,40258823.0,1.17,-0.78,-0.02,1.13
2022-12-14,2.56,2.52,2.56,2.5,181068,45723163.0,2.35,-1.18,-0.03,1.3
2022-12-15,2.52,2.53,2.53,2.49,152391,38303287.0,1.59,0.4,0.01,1.09
2022-12-16,2.52,2.48,2.52,2.48,137546,34340295.0,1.58,-1.98,-0.05,0.99
2022-12-19,2.49,2.43,2.51,2.42,192635,47266287.08,3.63,-2.02,-0.05,1.38
2022-12-20,2.44,2.47,2.49,2.4,180069,44263824.0,3.7,1.65,0.04,1.29
2022-12-21,2.46,2.42,2.47,2.41,118484,28862967.0,2.43,-2.02,-0.05,0.85
2022-12-22,2.42,2.36,2.46,2.36,184949,44509797.0,4.13,-2.48,-0.06,1.32
2022-12-23,2.36,2.38,2.39,2.33,147610,34889101.16,2.54,0.85,0.02,1.06
2022-12-26,2.38,2.44,2.45,2.37,120037,28931279.84,3.36,2.52,0.06,0.86
2022-12-27,2.46,2.44,2.46,2.41,115487,28095512.0,2.05,0.0,0.0,0.83
2022-12-28,2.44,2.42,2.49,2.42,170206,41668170.0,2.87,-0.82,-0.02,1.22
2022-12-29,2.41,2.36,2.42,2.36,158271,37803215.2,2.48,-2.48,-0.06,1.13
2022-12-30,2.38,2.39,2.4,2.37,98598,23511515.0,1.27,1.27,0.03,0.71
2023-01-03,2.4,2.48,2.48,2.39,265856,65247025.0,3.77,3.77,0.09,1.9
2023-01-04,2.51,2.49,2.52,2.47,204206,50977720.0,2.02,0.4,0.01,1.46
2023-01-05,2.51,2.48,2.51,2.48,114888,28577152.0,1.2,-0.4,-0.01,0.82
2023-01-06,2.48,2.48,2.52,2.47,164946,41152284.0,2.02,0.0,0.0,1.18
2023-01-09,2.49,2.47,2.5,2.46,138261,34224930.0,1.61,-0.4,-0.01,0.99
2023-01-10,2.47,2.43,2.47,2.43,124027,30271842.64,1.62,-1.62,-0.04,0.89
2023-01-11,2.43,2.41,2.45,2.41,133550,32389135.12,1.65,-0.82,-0.02,0.96
2023-01-12,2.4,2.42,2.43,2.39,113805,27394602.14,1.66,0.41,0.01,0.82
2023-01-13,2.43,2.66,2.66,2.42,1054395,278999126.12,9.92,9.92,0.24,7.55
2023-01-16,2.67,2.61,2.75,2.61,1362676,362419105.18,5.26,-1.88,-0.05,9.76
2023-01-17,2.59,2.66,2.82,2.59,924258,247597569.14,8.81,1.92,0.05,6.62
2023-01-18,2.64,2.59,2.66,2.59,535452,139797482.4,2.63,-2.63,-0.07,3.84
2023-01-19,2.6,2.6,2.65,2.57,372718,97420029.32,3.09,0.39,0.01,2.67
2023-01-20,2.6,2.63,2.64,2.59,320688,83893594.36,1.92,1.15,0.03,2.3
2023-01-30,2.67,2.69,2.71,2.65,476321,127716977.32,2.28,2.28,0.06,3.41
2023-01-31,2.67,2.72,2.73,2.65,394478,106558888.76,2.97,1.12,0.03,2.83
2023-02-01,2.73,2.74,2.74,2.71,344143,93816664.28,1.1,0.74,0.02,2.47
2023-02-02,2.74,2.72,2.76,2.71,258126,70387998.36,1.82,-0.73,-0.02,1.85
2023-02-03,2.72,2.74,2.74,2.68,299220,81006980.0,2.21,0.74,0.02,2.14
2023-02-06,2.75,2.77,2.79,2.74,363063,100112900.53,1.82,1.09,0.03,2.6
2023-02-07,2.77,2.83,2.85,2.75,579190,162575541.6,3.61,2.17,0.06,4.15
2023-02-08,2.85,2.81,2.85,2.8,274929,77461218.1,1.77,-0.71,-0.02,1.97
2023-02-09,2.81,2.82,2.83,2.79,241787,67973210.0,1.42,0.36,0.01,1.73
2023-02-10,2.82,2.87,2.99,2.81,565860,163897894.61,6.38,1.77,0.05,4.05
2023-02-13,2.9,2.91,2.92,2.85,358837,103768438.85,2.44,1.39,0.04,2.57
2023-02-14,2.91,2.91,2.95,2.89,227543,66367347.64,2.06,0.0,0.0,1.63
2023-02-15,2.94,2.96,2.99,2.91,371211,109838073.88,2.75,1.72,0.05,2.66
2023-02-16,2.96,2.87,3.02,2.8,548157,160574896.0,7.43,-3.04,-0.09,3.93
2023-02-17,2.87,2.84,2.92,2.83,324140,93035503.0,3.14,-1.05,-0.03,2.32
2023-02-20,2.85,2.84,2.86,2.8,296563,83693387.0,2.11,0.0,0.0,2.12
2023-02-21,2.84,2.84,2.85,2.82,173043,49037742.0,1.06,0.0,0.0,1.24
2023-02-22,2.83,2.81,2.84,2.81,160500,45251421.24,1.06,-1.06,-0.03,1.15
2023-02-23,2.81,2.82,2.87,2.81,248900,70521225.4,2.14,0.36,0.01,1.78
2023-02-24,2.84,2.86,2.89,2.82,241502,68878305.0,2.48,1.42,0.04,1.73
2023-02-27,2.85,2.88,2.91,2.83,266154,76673378.8,2.8,0.7,0.02,1.91
2023-02-28,2.87,2.84,2.87,2.79,286824,81155297.46,2.78,-1.39,-0.04,2.05
2023-03-01,2.84,2.85,2.86,2.81,175513,49811253.64,1.76,0.35,0.01,1.26
2023-03-02,2.84,2.82,2.87,2.82,165790,47028160.94,1.75,-1.05,-0.03,1.19
2023-03-03,2.82,2.88,2.88,2.81,243532,69108669.56,2.48,2.13,0.06,1.74
2023-03-06,2.87,2.84,2.88,2.84,154606,44120148.36,1.39,-1.39,-0.04,1.11
2023-03-07,2.83,2.76,2.84,2.76,240982,67333228.92,2.82,-2.82,-0.08,1.73
2023-03-08,2.79,2.9,3.04,2.78,987498,290148070.88,9.42,5.07,0.14,7.07
2023-03-09,2.91,2.85,2.95,2.84,440488,126138503.0,3.79,-1.72,-0.05,3.16
2023-03-10,2.84,2.77,2.84,2.77,301602,84106010.0,2.46,-2.81,-0.08,2.16
2023-03-13,2.77,2.72,2.78,2.7,273006,74512935.96,2.89,-1.81,-0.05,1.96
2023-03-14,2.74,2.71,2.74,2.68,201154,54506645.8,2.21,-0.37,-0.01,1.44
2023-03-15,2.72,2.73,2.75,2.71,125815,34295894.0,1.48,0.74,0.02,0.9
2023-03-16,2.7,2.66,2.73,2.66,154764,41452235.08,2.56,-2.56,-0.07,1.11
2023-03-17,2.69,2.69,2.71,2.67,147275,39654391.0,1.5,1.13,0.03,1.05
2023-03-20,2.7,2.72,2.74,2.69,154452,42048777.0,1.86,1.12,0.03,1.11
2023-03-21,2.73,2.74,2.74,2.7,116021,31563051.0,1.47,0.74,0.02,0.83
2023-03-22,2.74,2.73,2.74,2.71,118148,32176735.0,1.09,-0.36,-0.01,0.85
2023-03-23,2.72,2.71,2.72,2.7,117116,31725910.2,0.73,-0.73,-0.02,0.84
2023-03-24,2.72,2.7,2.73,2.68,160023,43154591.0,1.85,-0.37,-0.01,1.15
2023-03-27,2.72,2.72,2.73,2.66,196455,52855649.44,2.59,0.74,0.02,1.41
2023-03-28,2.72,2.7,2.72,2.68,124178,33476450.0,1.47,-0.74,-0.02,0.89
2023-03-29,2.69,2.69,2.71,2.68,119822,32324511.8,1.11,-0.37,-0.01,0.86
2023-03-30,2.72,2.68,2.72,2.65,194117,51896401.0,2.6,-0.37,-0.01,1.39
2023-03-31,2.67,2.73,2.82,2.66,326709,88848804.44,5.97,1.87,0.05,2.34
2023-04-03,2.72,2.7,2.73,2.68,227108,61205549.44,1.83,-1.1,-0.03,1.63
2023-04-04,2.7,2.65,2.7,2.65,180981,48263164.0,1.85,-1.85,-0.05,1.3
2023-04-06,2.65,2.6,2.65,2.58,206576,53732942.62,2.64,-1.89,-0.05,1.48
2023-04-07,2.6,2.58,2.6,2.57,147138,37993977.0,1.15,-0.77,-0.02,1.05
2023-04-10,2.58,2.53,2.59,2.51,236665,60087969.0,3.1,-1.94,-0.05,1.7
2023-04-11,2.57,2.56,2.57,2.51,179558,45691888.98,2.37,1.19,0.03,1.29
2023-04-12,2.55,2.54,2.56,2.53,157660,40094424.9,1.17,-0.78,-0.02,1.13
2023-04-13,2.55,2.53,2.56,2.52,152823,38818338.1,1.57,-0.39,-0.01,1.09
2023-04-14,2.54,2.56,2.58,2.53,140265,35820859.16,1.98,1.19,0.03,1.0
2023-04-17,2.56,2.56,2.57,2.54,114142,29181243.0,1.17,0.0,0.0,0.82
2023-04-18,2.56,2.53,2.57,2.52,128237,32561460.0,1.95,-1.17,-0.03,0.92
2023-04-19,2.53,2.52,2.53,2.48,135892,33976645.5,1.98,-0.4,-0.01,0.97
2023-04-20,2.51,2.48,2.51,2.46,122765,30414917.0,1.98,-1.59,-0.04,0.88
2023-04-21,2.47,2.48,2.59,2.46,250264,63259284.29,5.24,0.0,0.0,1.79
2023-04-24,2.47,2.42,2.48,2.4,150651,36525448.32,3.23,-2.42,-0.06,1.08
2023-04-25,2.41,2.37,2.42,2.33,166540,39484635.0,3.72,-2.07,-0.05,1.19
2023-04-26,2.35,2.42,2.47,2.35,175963,42550845.0,5.06,2.11,0.05,1.26
2023-04-27,2.43,2.39,2.45,2.39,108176,26015829.17,2.48,-1.24,-0.03,0.77
2023-04-28,2.17,2.33,2.36,2.17,363611,83796474.24,7.95,-2.51,-0.06,2.6
2023-05-04,2.32,2.4,2.41,2.32,193848,46183122.0,3.86,3.0,0.07,1.39
2023-05-05,2.42,2.43,2.57,2.42,317064,78228395.0,6.25,1.25,0.03,2.27
2023-05-08,2.43,2.44,2.48,2.42,157076,38423315.0,2.47,0.41,0.01,1.13
2023-05-09,2.44,2.38,2.45,2.37,155053,37343171.0,3.28,-2.46,-0.06,1.11
2023-05-10,2.38,2.4,2.43,2.36,114558,27442176.04,2.94,0.84,0.02,0.82
2023-05-11,2.4,2.42,2.43,2.39,102612,24738883.98,1.67,0.83,0.02,0.74
2023-05-12,2.43,2.39,2.45,2.38,94271,22679052.36,2.89,-1.24,-0.03,0.68
2023-05-15,2.4,2.4,2.42,2.38,82954,19857106.04,1.67,0.42,0.01,0.59
2023-05-16,2.4,2.38,2.4,2.37,100378,23945847.0,1.25,-0.83,-0.02,0.72
2023-05-17,2.39,2.4,2.4,2.36,108016,25693570.8,1.68,0.84,0.02,0.77
2023-05-18,2.39,2.38,2.41,2.37,78219,18643407.0,1.67,-0.83,-0.02,0.56
2023-05-19,2.38,2.36,2.38,2.35,76847,18126796.0,1.26,-0.84,-0.02,0.55
2023-05-22,2.37,2.39,2.4,2.35,96549,23039904.0,2.12,1.27,0.03,0.69
2023-05-23,2.4,2.35,2.4,2.35,87771,20809001.95,2.09,-1.67,-0.04,0.63
2023-05-24,2.35,2.35,2.38,2.33,77659,18320936.0,2.13,0.0,0.0,0.56
2023-05-25,2.35,2.32,2.36,2.3,140791,32710342.0,2.55,-1.28,-0.03,1.01
2023-05-26,2.35,2.34,2.4,2.32,122181,28762943.03,3.45,0.86,0.02,0.88
2023-05-29,2.34,2.27,2.36,2.27,163393,37554960.0,3.85,-2.99,-0.07,1.17
2023-05-30,2.27,2.28,2.31,2.26,108723,24821106.0,2.2,0.44,0.01,0.78
2023-05-31,2.28,2.24,2.28,2.22,115867,25977607.0,2.63,-1.75,-0.04,0.83
2023-06-01,2.25,2.24,2.26,2.21,108843,24328448.0,2.23,0.0,0.0,0.78
2023-06-02,2.24,2.3,2.32,2.24,156965,35724904.0,3.57,2.68,0.06,1.12
2023-06-05,2.3,2.28,2.32,2.27,85352,19526759.48,2.17,-0.87,-0.02,0.61
2023-06-06,2.29,2.23,2.29,2.21,129018,28919434.0,3.51,-2.19,-0.05,0.92
2023-06-07,2.22,2.2,2.23,2.19,124778,27505676.83,1.79,-1.35,-0.03,0.89
2023-06-08,2.19,2.18,2.2,2.17,111650,24369880.0,1.36,-0.91,-0.02,0.8
2023-06-09,2.18,2.19,2.23,2.11,233972,50596762.89,5.5,0.46,0.01,1.68
2023-06-12,2.19,2.17,2.19,2.14,142373,30734736.39,2.28,-0.91,-0.02,1.02
2023-06-13,2.16,2.16,2.18,2.15,129541,28001975.4,1.38,-0.46,-0.01,0.93
2023-06-14,2.16,2.14,2.17,2.13,132986,28566931.81,1.85,-0.93,-0.02,0.95
2023-06-15,2.14,2.21,2.27,2.11,386404,84577954.2,7.48,3.27,0.07,2.77
2023-06-16,2.21,2.23,2.25,2.18,197521,43778146.2,3.17,0.9,0.02,1.41
2023-06-19,2.22,2.2,2.22,2.18,128116,28182689.4,1.79,-1.35,-0.03,0.92
2023-06-20,2.18,2.17,2.19,2.16,104571,22693230.0,1.36,-1.36,-0.03,0.75
2023-06-21,2.17,2.14,2.19,2.13,124882,26943973.82,2.76,-1.38,-0.03,0.89
2023-06-26,2.14,2.13,2.16,2.12,110566,23646093.0,1.87,-0.47,-0.01,0.79
2023-06-27,2.14,2.18,2.18,2.13,143809,31017672.1,2.35,2.35,0.05,1.03
2023-06-28,2.18,2.17,2.21,2.14,172382,37425752.17,3.21,-0.46,-0.01,1.23
2023-06-29,2.17,2.18,2.21,2.15,183090,40071976.97,2.76,0.46,0.01,1.31
2023-06-30,2.19,2.18,2.2,2.17,112100,24543796.0,1.38,0.0,0.0,0.8
2023-07-03,2.19,2.4,2.4,2.18,564238,133358585.8,10.09,10.09,0.22,4.04
2023-07-04,2.4,2.39,2.45,2.37,838985,201511144.2,3.33,-0.42,-0.01,6.01
2023-07-05,2.42,2.43,2.56,2.39,749338,184438582.85,7.11,1.67,0.04,5.37
2023-07-06,2.4,2.37,2.42,2.35,365395,86497409.68,2.88,-2.47,-0.06,2.62
2023-07-07,2.38,2.34,2.41,2.32,328351,77562000.36,3.8,-1.27,-0.03,2.35
2023-07-10,2.36,2.37,2.48,2.36,335616,80377888.26,5.13,1.28,0.03,2.4
2023-07-11,2.39,2.37,2.41,2.34,248534,58679416.05,2.95,0.0,0.0,1.78
2023-07-12,2.37,2.33,2.37,2.33,194764,45693747.44,1.69,-1.69,-0.04,1.4
2023-07-13,2.33,2.32,2.35,2.3,193336,44872962.0,2.15,-0.43,-0.01,1.38
2023-07-14,2.33,2.29,2.33,2.28,175721,40349330.0,2.16,-1.29,-0.03,1.26
2023-07-17,2.27,2.36,2.36,2.24,258013,59553540.2,5.24,3.06,0.07,1.85
2023-07-18,2.35,2.55,2.6,2.3,1121322,277570874.48,12.71,8.05,0.19,8.03
2023-07-19,2.47,2.5,2.54,2.45,582997,145537021.7,3.53,-1.96,-0.05,4.18
2023-07-20,2.5,2.49,2.58,2.47,581093,146376994.22,4.4,-0.4,-0.01,4.16
2023-07-21,2.5,2.59,2.61,2.46,935462,237567323.83,6.02,4.02,0.1,6.7
2023-07-24,2.55,2.56,2.58,2.45,660871,166105421.67,5.02,-1.16,-0.03,4.73
2023-07-25,2.58,2.59,2.65,2.52,1176493,304661771.91,5.08,1.17,0.03,8.43
2023-07-26,2.54,2.49,2.58,2.48,543701,136585767.0,3.86,-3.86,-0.1,3.89
2023-07-27,2.5,2.42,2.51,2.42,413703,101284162.0,3.61,-2.81,-0.07,2.96
2023-07-28,2.43,2.41,2.44,2.37,336297,80679074.17,2.89,-0.41,-0.01,2.41
2023-07-31,2.42,2.45,2.45,2.4,289384,70302708.32,2.07,1.66,0.04,2.07
2023-08-01,2.44,2.7,2.7,2.41,1107878,291343381.08,11.84,10.2,0.25,7.94
2023-08-02,2.7,2.7,2.85,2.64,1832118,499455535.95,7.78,0.0,0.0,13.12
2023-08-03,2.67,2.79,2.92,2.67,1797695,507951991.34,9.26,3.33,0.09,12.88
2023-08-04,2.73,2.67,2.79,2.66,1153679,310593811.74,4.66,-4.3,-0.12,8.26
2023-08-07,2.65,2.62,2.67,2.6,553524,145131713.44,2.62,-1.87,-0.05,3.97
2023-08-08,2.62,2.69,2.71,2.6,854220,226878283.62,4.2,2.67,0.07,6.12
2023-08-09,2.67,2.59,2.67,2.58,504243,131797605.92,3.35,-3.72,-0.1,3.61
2023-08-10,2.6,2.63,2.64,2.59,317298,83017093.0,1.93,1.54,0.04,2.27
2023-08-11,2.62,2.57,2.62,2.56,299808,77377643.0,2.28,-2.28,-0.06,2.15
2023-08-14,2.55,2.67,2.72,2.55,611806,162416555.44,6.61,3.89,0.1,4.38
2023-08-15,2.64,2.61,2.65,2.59,354693,92733270.4,2.25,-2.25,-0.06,2.54
2023-08-16,2.59,2.56,2.6,2.54,319502,81971580.75,2.3,-1.92,-0.05,2.29
2023-08-17,2.57,2.55,2.58,2.49,291934,73713890.0,3.52,-0.39,-0.01,2.09
2023-08-18,2.56,2.51,2.6,2.5,312116,79543869.38,3.92,-1.57,-0.04,2.24
2023-08-21,2.5,2.47,2.53,2.47,263781,65834933.8,2.39,-1.59,-0.04,1.89
2023-08-22,2.47,2.48,2.5,2.43,296604,73031722.0,2.83,0.4,0.01,2.12
2023-08-23,2.46,2.41,2.47,2.41,202101,49131364.19,2.42,-2.82,-0.07,1.45
2023-08-24,2.41,2.41,2.44,2.38,167550,40342088.6,2.49,0.0,0.0,1.2
2023-08-25,2.41,2.37,2.46,2.36,238447,57419783.0,4.15,-1.66,-0.04,1.71
2023-08-28,2.43,2.36,2.48,2.35,390126,94134037.56,5.49,-0.42,-0.01,2.79
2023-08-29,2.35,2.4,2.4,2.32,205254,48857407.0,3.39,1.69,0.04,1.47
2023-08-30,2.39,2.42,2.45,2.37,299137,72134380.46,3.33,0.83,0.02,2.14
2023-08-31,2.42,2.36,2.42,2.35,223306,52999983.0,2.89,-2.48,-0.06,1.6
2023-09-01,2.36,2.37,2.38,2.35,135393,32015475.32,1.27,0.42,0.01,0.97
2023-09-04,2.37,2.46,2.47,2.37,325389,78975460.8,4.22,3.8,0.09,2.33
2023-09-05,2.46,2.44,2.48,2.41,199145,48494956.0,2.85,-0.81,-0.02,1.43
2023-09-06,2.43,2.42,2.43,2.4,153214,36988361.0,1.23,-0.82,-0.02,1.1
2023-09-07,2.43,2.35,2.43,2.34,206013,48824113.0,3.72,-2.89,-0.07,1.48
2023-09-08,2.34,2.36,2.37,2.33,102155,24054666.0,1.7,0.43,0.01,0.73
2023-09-11,2.37,2.38,2.38,2.34,176854,41826907.4,1.69,0.85,0.02,1.27
2023-09-12,2.37,2.36,2.38,2.35,88404,20896661.0,1.26,-0.84,-0.02,0.63
2023-09-13,2.36,2.34,2.37,2.33,98525,23104868.0,1.69,-0.85,-0.02,0.71
2023-09-14,2.34,2.33,2.35,2.32,101884,23740398.28,1.28,-0.43,-0.01,0.73
2023-09-15,2.34,2.33,2.35,2.31,107580,25035537.32,1.72,0.0,0.0,0.77
2023-09-18,2.33,2.32,2.34,2.3,115217,26728913.0,1.72,-0.43,-0.01,0.83
2023-09-19,2.33,2.29,2.33,2.28,112678,25863973.0,2.16,-1.29,-0.03,0.81
2023-09-20,2.29,2.27,2.3,2.27,83465,19036651.0,1.31,-0.87,-0.02,0.6
2023-09-21,2.26,2.25,2.28,2.25,101067,22884042.0,1.32,-0.88,-0.02,0.72
2023-09-22,2.25,2.29,2.29,2.24,108325,24645747.0,2.22,1.78,0.04,0.78
2023-09-25,2.31,2.31,2.37,2.3,273782,63883597.0,3.06,0.87,0.02,1.96
2023-09-26,2.3,2.3,2.31,2.28,104600,23974325.0,1.3,-0.43,-0.01,0.75
2023-09-27,2.29,2.3,2.33,2.28,140485,32363982.44,2.17,0.0,0.0,1.01
2023-09-28,2.3,2.33,2.36,2.3,177502,41290769.0,2.61,1.3,0.03,1.27
2023-10-09,2.34,2.36,2.37,2.33,161124,37941992.64,1.72,1.29,0.03,1.13
2023-10-10,2.36,2.37,2.45,2.34,231881,55504475.11,4.66,0.42,0.01,1.63
2023-10-11,2.36,2.33,2.37,2.32,129062,30179959.0,2.11,-1.69,-0.04,0.91
2023-10-12,2.31,2.36,2.37,2.31,119756,28091683.68,2.58,1.29,0.03,0.84
2023-10-13,2.35,2.32,2.35,2.31,165471,38521702.0,1.69,-1.69,-0.04,1.16
2023-10-16,2.32,2.29,2.33,2.28,129321,29656053.04,2.16,-1.29,-0.03,0.91
2023-10-17,2.3,2.28,2.31,2.27,95887,21928073.0,1.75,-0.44,-0.01,0.67
2023-10-18,2.29,2.24,2.29,2.24,95171,21486270.0,2.19,-1.75,-0.04,0.67
2023-10-19,2.24,2.24,2.28,2.22,108356,24386832.0,2.68,0.0,0.0,0.76
2023-10-20,2.24,2.26,2.28,2.23,128627,28996218.0,2.23,0.89,0.02,0.9
2023-10-23,2.25,2.18,2.25,2.18,153195,33715785.0,3.1,-3.54,-0.08,1.08
2023-10-24,2.18,2.22,2.24,2.18,113858,25180572.0,2.75,1.83,0.04,0.8
2023-10-25,2.23,2.31,2.32,2.23,229495,52397235.7,4.05,4.05,0.09,1.61
2023-10-26,2.29,2.27,2.3,2.23,156435,35349972.0,3.03,-1.73,-0.04,1.1
2023-10-27,2.27,2.29,2.3,2.26,112460,25698549.0,1.76,0.88,0.02,0.79
2023-10-30,2.28,2.31,2.32,2.27,115951,26635136.0,2.18,0.87,0.02,0.82
2023-10-31,2.31,2.28,2.32,2.27,115781,26520212.0,2.16,-1.3,-0.03,0.81
2023-11-01,2.28,2.29,2.3,2.27,89440,20444026.16,1.32,0.44,0.01,0.63
2023-11-02,2.28,2.26,2.3,2.26,81718,18557793.0,1.75,-1.31,-0.03,0.57
2023-11-03,2.26,2.27,2.29,2.25,85821,19494978.0,1.77,0.44,0.01,0.6
2023-11-06,2.28,2.31,2.33,2.28,165619,38162361.42,2.2,1.76,0.04,1.17
2023-11-07,2.31,2.31,2.32,2.29,140774,32484979.0,1.3,0.0,0.0,0.99
2023-11-08,2.3,2.32,2.32,2.29,121728,28062850.4,1.3,0.43,0.01,0.86
2023-11-09,2.31,2.3,2.33,2.29,142930,32996644.0,1.72,-0.86,-0.02,1.01
2023-11-10,2.3,2.29,2.3,2.26,108007,24625248.0,1.74,-0.43,-0.01,0.76
2023-11-13,2.3,2.31,2.32,2.29,119343,27476282.0,1.31,0.87,0.02,0.84
2023-11-14,2.31,2.32,2.33,2.3,124924,28869283.04,1.3,0.43,0.01,0.88
2023-11-15,2.32,2.36,2.38,2.31,341823,80266105.73,3.02,1.72,0.04,2.4
2023-11-16,2.35,2.35,2.38,2.34,206591,48719088.08,1.69,-0.42,-0.01,1.45
2023-11-17,2.36,2.4,2.41,2.35,292923,69987962.0,2.55,2.13,0.05,2.06
2023-11-20,2.39,2.39,2.41,2.37,194203,46494910.0,1.67,-0.42,-0.01,1.37
2023-11-21,2.4,2.39,2.42,2.38,193690,46542905.0,1.67,0.0,0.0,1.36
2023-11-22,2.39,2.37,2.41,2.36,170017,40451507.0,2.09,-0.84,-0.02,1.2
2023-11-23,2.37,2.36,2.37,2.34,150024,35382984.0,1.27,-0.42,-0.01,1.06
2023-11-24,2.36,2.34,2.37,2.32,152789,35730223.0,2.12,-0.85,-0.02,1.07
2023-11-27,2.33,2.33,2.34,2.31,136999,31839312.0,1.28,-0.43,-0.01,0.96
2023-11-28,2.33,2.31,2.33,2.29,155933,36054914.0,1.72,-0.86,-0.02,1.1
2023-11-29,2.31,2.33,2.34,2.29,175098,40462954.0,2.16,0.87,0.02,1.23
2023-11-30,2.33,2.52,2.56,2.31,1357090,338748347.95,10.73,8.15,0.19,9.55
2023-12-01,2.45,2.43,2.48,2.39,786434,191114689.24,3.57,-3.57,-0.09,5.53
2023-12-04,2.43,2.5,2.53,2.42,655249,163086988.36,4.53,2.88,0.07,4.61
2023-12-05,2.49,2.45,2.53,2.44,452121,111828783.6,3.6,-2.0,-0.05,3.18
2023-12-06,2.46,2.7,2.7,2.45,1267498,339025612.76,10.2,10.2,0.25,8.92
2023-12-07,2.7,2.58,2.7,2.57,1512403,395261595.74,4.81,-4.44,-0.12,10.51
2023-12-08,2.6,2.64,2.67,2.54,1091822,283593152.2,5.04,2.33,0.06,7.59
2023-12-11,2.59,2.67,2.72,2.56,881275,233465613.24,6.06,1.14,0.03,6.12
2023-12-12,2.66,2.62,2.71,2.61,580119,153355335.83,3.75,-1.87,-0.05,4.03
2023-12-13,2.64,2.6,2.66,2.58,462826,120738231.18,3.05,-0.76,-0.02,3.22
2023-12-14,2.6,2.57,2.65,2.57,326248,84826396.0,3.08,-1.15,-0.03,2.27
2023-12-15,2.58,2.55,2.59,2.54,377754,96748368.9,1.95,-0.78,-0.02,2.62
2023-12-18,2.54,2.51,2.56,2.49,323836,81426647.37,2.75,-1.57,-0.04,2.25
2023-12-19,2.5,2.52,2.54,2.5,229815,57885366.0,1.59,0.4,0.01,1.6
2023-12-20,2.52,2.5,2.55,2.5,110003,27688180.0,1.98,-0.79,-0.02,0.76
