datetime,open,close,high,low,volume,turnover,amplitude,pricelimit,change,turnoverratio
2010-05-26,35.13,36.12,38.0,35.13,221019,801333616.0,11.96,50.5,12.12,87.71
2010-05-27,34.41,33.8,34.89,32.51,138754,462550338.0,6.59,-6.42,-2.32,55.06
2010-05-28,33.5,33.83,34.37,33.24,74416,250754921.0,3.34,0.09,0.03,29.53
2010-05-31,33.34,30.45,33.35,30.45,83482,267234605.0,8.57,-9.99,-3.38,33.13
2010-06-01,30.03,29.01,30.68,28.0,63417,185262116.0,8.8,-4.73,-1.44,25.17
2010-06-02,28.5,29.15,29.2,27.6,45302,129114340.0,5.52,0.48,0.14,17.98
2010-06-03,29.18,28.5,29.77,28.5,51620,150920873.0,4.36,-2.23,-0.65,20.48
2010-06-04,28.05,29.01,29.28,28.05,32910,94380351.0,4.32,1.79,0.51,13.06
2010-06-07,28.25,30.05,30.5,28.03,53354,158533134.0,8.51,3.58,1.04,21.17
2010-06-08,29.73,29.91,30.15,29.33,35685,106101444.0,2.73,-0.47,-0.14,14.16
2010-06-09,29.96,30.61,31.47,29.81,57642,175944186.0,5.55,2.34,0.7,22.87
2010-06-10,30.66,30.99,31.27,30.11,40582,125167961.0,3.79,1.24,0.38,16.1
2010-06-11,31.12,32.18,32.46,31.12,63595,203725481.0,4.32,3.84,1.19,25.24
2010-06-17,32.22,30.08,32.58,30.08,46055,143195572.0,7.77,-6.53,-2.1,18.28
2010-06-18,29.85,28.32,29.89,28.01,31581,91363522.0,6.25,-5.85,-1.76,12.53
2010-06-21,28.08,29.56,29.68,27.9,25825,75023733.0,6.29,4.38,1.24,10.25
2010-06-22,30.0,30.94,31.88,30.0,54628,170528470.0,6.36,4.67,1.38,21.68
2010-06-23,30.3,31.76,31.88,30.1,44785,139603480.0,5.75,2.65,0.82,17.77
2010-06-24,31.79,31.6,32.2,31.1,30786,97583260.0,3.46,-0.5,-0.16,12.22
2010-06-25,31.06,30.61,31.5,29.97,27576,84691360.0,4.84,-3.13,-0.99,10.94
2010-06-28,30.48,29.82,30.6,29.4,17187,51580610.0,3.92,-2.58,-0.79,6.82
2010-06-29,29.86,28.71,30.78,28.0,33962,99956517.0,9.32,-3.72,-1.11,13.48
2010-06-30,28.3,28.4,28.69,26.56,32948,90902021.0,7.42,-1.08,-0.31,13.07
2010-07-01,27.88,27.01,28.55,26.98,27091,74677785.0,5.53,-4.89,-1.39,10.75
2010-07-02,27.01,26.6,27.18,24.98,29099,76200593.0,8.15,-1.52,-0.41,11.55
2010-07-05,25.81,26.66,26.96,25.53,15624,41230816.0,5.38,0.23,0.06,6.2
2010-07-06,26.39,27.33,27.49,26.39,19191,52094869.0,4.13,2.51,0.67,7.62
2010-07-07,27.2,27.37,27.72,26.88,15500,42268928.0,3.07,0.15,0.04,6.15
2010-07-08,27.57,26.99,27.63,26.42,16681,45088533.0,4.42,-1.39,-0.38,6.62
2010-07-09,26.89,28.2,28.26,26.8,24833,68942715.0,5.41,4.48,1.21,9.85
2010-07-12,28.0,28.1,28.33,27.68,19715,55160365.0,2.3,-0.35,-0.1,7.82
2010-07-13,27.9,27.86,28.04,27.0,18602,51138922.0,3.7,-0.85,-0.24,7.38
2010-07-14,27.78,27.62,28.11,27.3,16083,44554333.0,2.91,-0.86,-0.24,6.38
2010-07-15,27.5,26.44,27.69,26.0,17932,48313199.0,6.12,-4.27,-1.18,7.12
2010-07-16,26.03,26.74,26.85,25.8,12554,32947868.0,3.97,1.13,0.3,4.98
2010-07-19,26.3,27.02,27.3,26.12,14538,39083122.0,4.41,1.05,0.28,5.77
2010-07-20,27.18,27.56,27.76,27.0,17618,48334670.0,2.81,2.0,0.54,6.99
2010-07-21,27.5,27.71,28.19,27.5,20917,58268294.0,2.5,0.54,0.15,8.3
2010-07-22,27.68,27.97,27.97,27.16,17468,48243616.0,2.92,0.94,0.26,6.93
2010-07-23,27.97,28.01,28.2,27.61,18603,51897714.0,2.11,0.14,0.04,7.38
2010-07-26,28.29,28.02,28.29,27.73,14164,39582446.0,2.0,0.04,0.01,5.62
2010-07-27,27.81,27.8,27.99,27.51,11783,32753336.0,1.71,-0.79,-0.22,4.68
2010-07-28,27.68,28.74,28.8,27.56,27574,78061983.0,4.46,3.38,0.94,10.94
2010-07-29,28.7,29.36,29.37,28.5,29813,86456894.0,3.03,2.16,0.62,11.83
2010-07-30,29.1,29.02,29.23,28.56,19128,55225480.0,2.28,-1.16,-0.34,7.59
2010-08-02,28.83,29.08,29.55,28.83,23935,69779423.0,2.48,0.21,0.06,9.5
2010-08-03,29.18,28.1,29.2,28.0,22377,64085941.0,4.13,-3.37,-0.98,8.88
2010-08-04,27.85,28.2,28.27,27.74,15474,43285763.0,1.89,0.36,0.1,6.14
2010-08-05,28.2,28.65,28.8,28.06,18067,51583718.0,2.62,1.6,0.45,7.17
2010-08-06,28.54,29.03,29.08,28.27,17751,51235541.0,2.83,1.33,0.38,7.04
2010-08-09,28.94,29.7,29.8,28.9,25690,75707093.0,3.1,2.31,0.67,10.19
2010-08-10,29.66,29.4,30.36,29.28,36926,109934658.0,3.64,-1.01,-0.3,14.65
2010-08-11,32.32,31.91,32.32,30.6,72778,229186440.0,5.85,8.54,2.51,28.88
2010-08-12,31.5,31.7,32.65,31.01,58875,187629841.0,5.14,-0.66,-0.21,23.36
2010-08-13,31.6,31.62,31.89,30.74,34240,106969835.0,3.63,-0.25,-0.08,13.59
2010-08-16,31.3,31.7,31.99,30.88,27589,86937962.0,3.51,0.25,0.08,10.95
2010-08-17,31.58,32.59,33.16,31.58,39449,128791404.0,4.98,2.81,0.89,15.65
2010-08-18,32.59,31.49,32.73,30.8,34843,110211572.0,5.92,-3.38,-1.1,13.83
2010-08-19,31.28,31.6,31.69,31.11,20842,65474300.0,1.84,0.35,0.11,8.27
2010-08-20,31.62,31.13,32.32,30.68,26563,83613780.0,5.19,-1.49,-0.47,10.54
2010-08-23,31.11,30.7,31.53,30.39,18350,56489593.0,3.66,-1.38,-0.43,7.28
2010-08-24,30.65,31.01,31.37,30.51,13753,42611486.0,2.8,1.01,0.31,5.46
2010-08-25,30.78,30.0,30.9,30.0,13455,41027011.0,2.9,-3.26,-1.01,5.34
2010-08-26,29.99,30.01,30.19,29.29,41362,122449510.0,3.0,0.03,0.01,13.13
2010-08-30,30.35,31.09,31.2,30.11,33088,101674716.0,3.63,3.6,1.08,10.5
2010-08-31,30.9,31.4,31.76,30.73,25284,79415537.0,3.31,1.0,0.31,8.03
2010-09-01,31.42,30.03,31.6,29.7,42297,129029842.0,6.05,-4.36,-1.37,13.43
2010-09-02,30.29,30.36,30.55,29.84,25276,76331567.0,2.36,1.1,0.33,8.02
2010-09-03,30.39,30.99,31.38,30.39,26544,82154445.0,3.26,2.08,0.63,8.43
2010-09-06,31.25,29.95,31.3,29.5,29423,88920280.0,5.81,-3.36,-1.04,9.34
2010-09-07,29.95,30.15,30.2,29.82,11917,35776267.0,1.27,0.67,0.2,3.78
2010-09-08,30.03,31.19,31.22,29.9,32219,98866438.0,4.38,3.45,1.04,10.23
2010-09-09,31.33,30.98,32.19,30.89,31581,99107425.0,4.17,-0.67,-0.21,10.03
2010-09-10,31.35,32.4,32.55,31.12,38387,122374055.0,4.62,4.58,1.42,12.19
2010-09-13,32.3,32.48,32.73,31.91,31387,101570104.0,2.53,0.25,0.08,9.96
2010-09-14,32.79,32.62,33.7,32.55,42718,141753239.0,3.54,0.43,0.14,13.56
2010-09-15,32.7,31.27,32.96,31.12,31746,101542708.0,5.64,-4.14,-1.35,10.08
2010-09-16,31.2,31.27,31.48,30.65,26451,82193104.0,2.65,0.0,0.0,8.4
2010-09-17,32.8,33.26,34.33,32.63,65221,217874575.0,5.44,6.36,1.99,20.71
2010-09-20,33.38,33.02,34.24,32.98,33301,111682509.0,3.79,-0.72,-0.24,10.57
2010-09-21,33.05,31.99,33.5,31.48,26667,85978476.0,6.12,-3.12,-1.03,8.47
2010-09-27,32.3,34.5,34.98,32.01,37494,126384371.0,9.28,7.85,2.51,11.9
2010-09-28,34.29,35.0,35.4,33.81,36336,126556714.0,4.61,1.45,0.5,11.54
2010-09-29,35.08,35.02,37.08,35.0,43306,156200572.0,5.94,0.06,0.02,13.75
2010-09-30,34.72,35.26,36.0,34.72,21963,77695201.0,3.66,0.69,0.24,6.97
2010-10-08,36.0,35.61,36.56,35.2,30298,108749499.0,3.86,0.99,0.35,9.62
2010-10-11,35.4,34.2,35.8,33.8,33732,115956362.0,5.62,-3.96,-1.41,10.71
2010-10-12,34.15,34.09,34.7,33.82,22647,77382630.0,2.57,-0.32,-0.11,7.19
2010-10-13,33.86,34.35,34.5,33.18,21860,73618448.0,3.87,0.76,0.26,6.94
2010-10-14,34.2,33.86,34.23,33.08,22141,74536587.0,3.35,-1.43,-0.49,7.03
2010-10-15,33.79,33.57,34.3,33.32,16283,54955705.0,2.89,-0.86,-0.29,5.17
2010-10-18,33.4,32.96,33.4,32.4,17275,56410875.0,2.98,-1.82,-0.61,5.48
2010-10-19,33.15,34.89,35.37,33.15,27731,96019262.0,6.74,5.86,1.93,8.8
2010-10-20,34.35,35.33,35.6,34.35,25349,89098344.0,3.58,1.26,0.44,8.05
2010-10-21,35.35,35.82,37.45,35.11,32786,119426901.0,6.62,1.39,0.49,10.41
2010-10-22,36.25,36.35,37.2,35.48,22806,83156098.0,4.8,1.48,0.53,7.24
2010-10-25,36.4,37.5,38.08,36.3,26745,100323195.0,4.9,3.16,1.15,8.49
2010-10-26,37.8,37.59,37.98,36.6,16499,61351743.0,3.68,0.24,0.09,5.24
2010-10-27,38.02,39.0,41.28,38.02,27194,107546673.0,8.67,3.75,1.41,8.63
2010-10-28,39.39,42.9,42.9,39.0,42890,179615780.0,10.0,10.0,3.9,13.62
2010-10-29,44.92,42.95,44.93,42.04,51244,222647866.0,6.74,0.12,0.05,16.27
2010-11-01,42.18,43.5,45.08,42.16,33246,145668648.0,6.8,1.28,0.55,10.55
2010-11-02,43.51,43.21,44.4,42.68,23507,101670952.0,3.95,-0.67,-0.29,7.46
2010-11-03,42.2,41.0,42.6,40.31,29440,121676298.0,5.3,-5.11,-2.21,9.35
2010-11-04,40.88,42.99,43.2,40.8,23756,100372077.0,5.85,4.85,1.99,7.54
2010-11-05,43.4,42.72,44.5,42.58,21876,94934828.0,4.47,-0.63,-0.27,6.94
2010-11-08,42.99,44.9,45.8,42.96,23537,104468496.0,6.65,5.1,2.18,7.47
2010-11-09,44.98,45.0,45.0,43.81,15520,68884995.0,2.65,0.22,0.1,4.93
2010-11-10,44.88,45.22,46.18,44.65,13398,60873880.0,3.4,0.49,0.22,4.25
2010-11-11,44.9,44.0,45.48,43.65,24052,107499884.0,4.05,-2.7,-1.22,7.64
2010-11-12,43.89,40.52,43.96,40.48,24572,103527553.0,7.91,-7.91,-3.48,7.8
2010-11-15,40.96,44.57,44.57,40.95,35777,154290558.0,8.93,10.0,4.05,11.36
2010-11-16,45.52,44.5,46.45,42.45,48190,216792770.0,8.97,-0.16,-0.07,15.3
2010-11-17,43.58,46.28,48.79,43.18,47281,218662307.0,12.61,4.0,1.78,15.01
2010-11-18,46.4,50.91,50.91,45.18,70358,342875080.0,12.38,10.0,4.63,22.34
2010-11-19,51.68,56.0,56.0,51.68,81636,446432041.0,8.49,10.0,5.09,25.92
2010-11-22,57.8,55.0,61.0,53.75,79550,458063478.0,12.95,-1.79,-1.0,25.25
2010-11-23,54.18,56.0,56.5,52.6,63755,348256262.0,7.09,1.82,1.0,20.24
2010-11-24,54.55,55.52,56.48,53.63,49529,272575260.0,5.09,-0.86,-0.48,15.72
2010-11-25,55.25,53.05,55.86,52.72,41720,225110483.0,5.66,-4.45,-2.47,13.24
2010-11-26,52.75,53.78,55.49,52.75,33871,183410087.0,5.16,1.38,0.73,10.75
2010-11-29,53.7,57.44,59.0,52.78,47938,268075310.0,11.57,6.81,3.66,15.22
2010-11-30,56.89,54.0,57.97,52.99,43438,239000087.0,8.67,-5.99,-3.44,13.79
2010-12-01,53.7,54.2,55.31,53.01,17612,95789952.0,4.26,0.37,0.2,5.59
2010-12-02,55.06,52.97,55.87,52.88,29711,160614666.0,5.52,-2.27,-1.23,9.43
2010-12-03,52.8,51.2,52.8,50.71,27608,142055458.0,3.95,-3.34,-1.77,8.76
2010-12-06,51.17,49.7,51.56,49.25,20756,104242230.0,4.51,-2.93,-1.5,6.59
2010-12-07,49.12,52.99,53.38,49.12,29880,154863054.0,8.57,6.62,3.29,9.49
2010-12-08,52.08,52.29,54.56,52.08,28991,154509191.0,4.68,-1.32,-0.7,9.2
2010-12-09,51.9,53.42,55.86,50.77,41311,220828881.0,9.73,2.16,1.13,13.11
2010-12-10,52.3,53.87,54.58,52.0,24489,130880911.0,4.83,0.84,0.45,7.77
2010-12-13,54.84,55.57,55.99,54.21,29037,160297952.0,3.3,3.16,1.7,9.22
2010-12-14,55.54,55.0,56.79,54.5,23034,127643750.0,4.12,-1.03,-0.57,7.31
2010-12-15,55.48,54.7,55.7,54.31,18308,100474315.0,2.53,-0.55,-0.3,5.81
2010-12-16,54.6,55.18,56.65,54.32,22266,124222359.0,4.26,0.88,0.48,7.07
2010-12-17,55.4,57.39,57.8,54.6,22602,126302949.0,5.8,4.01,2.21,7.18
2010-12-20,57.5,55.24,57.8,53.22,28125,156182393.0,7.98,-3.75,-2.15,8.93
2010-12-21,55.45,54.78,55.88,54.47,16637,91618917.0,2.55,-0.83,-0.46,5.28
2010-12-22,54.86,54.98,55.49,54.2,13140,72035814.0,2.35,0.37,0.2,4.17
2010-12-23,54.7,51.68,54.7,51.51,23105,122003026.0,5.8,-6.0,-3.3,7.33
2010-12-24,50.8,50.74,51.97,49.45,18317,92910019.0,4.88,-1.82,-0.94,5.82
2010-12-27,50.71,47.83,51.78,47.53,16725,83291909.0,8.38,-5.74,-2.91,5.31
2010-12-28,47.3,47.8,48.28,46.28,13487,63632851.0,4.18,-0.06,-0.03,4.28
2010-12-29,48.11,50.7,51.28,47.36,23748,117482699.0,8.2,6.07,2.9,7.54
2010-12-30,50.1,50.45,51.48,50.0,17288,87631017.0,2.92,-0.49,-0.25,5.49
2010-12-31,50.88,51.1,51.25,50.15,12647,64158290.0,2.18,1.29,0.65,4.02
2011-01-04,50.8,51.7,51.88,50.1,15734,80138868.0,3.48,1.17,0.6,5.0
2011-01-05,51.3,51.8,52.83,51.2,13864,72503847.0,3.15,0.19,0.1,4.4
2011-01-06,51.6,49.37,51.96,49.22,17816,88966904.0,5.29,-4.69,-2.43,5.66
2011-01-07,49.15,48.9,49.89,47.88,11446,56036036.0,4.07,-0.95,-0.47,3.63
2011-01-10,49.0,48.0,49.69,47.7,9644,46992467.0,4.07,-1.84,-0.9,3.06
2011-01-11,48.0,46.9,48.0,46.38,9192,43140426.0,3.38,-2.29,-1.1,2.92
2011-01-12,47.6,47.45,48.19,45.93,8698,41080166.0,4.82,1.17,0.55,2.76
2011-01-13,48.65,49.53,50.5,48.19,22452,110717974.0,4.87,4.38,2.08,7.13
2011-01-14,49.02,48.42,49.76,48.2,9680,47296048.0,3.15,-2.24,-1.11,3.07
2011-01-17,48.08,48.3,50.6,48.02,19187,94121971.0,5.33,-0.25,-0.12,6.09
2011-01-18,47.43,46.2,47.94,45.11,10886,50610945.0,5.86,-4.35,-2.1,3.46
2011-01-19,46.5,47.83,48.08,46.0,10432,49213097.0,4.5,3.53,1.63,3.31
2011-01-20,47.8,46.74,49.13,46.56,13631,65478153.0,5.37,-2.28,-1.09,4.33
2011-01-21,46.08,47.04,48.2,46.06,10668,50423114.0,4.58,0.64,0.3,3.39
2011-01-24,47.03,42.6,47.05,42.45,23705,105148479.0,9.78,-9.44,-4.44,7.53
2011-01-25,42.31,42.74,43.97,42.11,7864,33745030.0,4.37,0.33,0.14,2.5
2011-01-26,42.75,43.98,45.47,42.75,11245,49963247.0,6.36,2.9,1.24,3.57
2011-01-27,43.0,44.26,44.85,42.62,9943,43760291.0,5.07,0.64,0.28,3.16
2011-01-28,44.3,44.41,44.58,43.3,8578,37748177.0,2.89,0.34,0.15,2.72
2011-01-31,44.12,44.85,44.95,43.72,8274,36782273.0,2.77,0.99,0.44,2.63
2011-02-01,44.8,45.84,45.89,44.3,9795,44364249.0,3.55,2.21,0.99,3.11
2011-02-09,45.19,44.2,45.67,43.9,8194,36779947.0,3.86,-3.58,-1.64,2.6
2011-02-10,44.06,45.86,45.86,44.0,10675,48408143.0,4.21,3.76,1.66,3.39
2011-02-11,45.97,47.47,48.28,45.88,19176,91122330.0,5.23,3.51,1.61,6.09
2011-02-14,47.6,48.27,48.5,47.18,14254,68307686.0,2.78,1.69,0.8,4.53
2011-02-15,48.4,48.35,49.2,48.02,13585,66051968.0,2.44,0.17,0.08,4.31
2011-02-16,48.35,49.03,49.47,47.91,12510,61131410.0,3.23,1.41,0.68,3.97
2011-02-17,48.85,49.25,50.58,48.85,15386,76192669.0,3.53,0.45,0.22,4.88
2011-02-18,48.88,47.67,49.19,47.5,16580,79702530.0,3.43,-3.21,-1.58,5.26
2011-02-21,47.21,48.32,48.38,47.21,10953,52546513.0,2.45,1.36,0.65,3.48
2011-02-22,48.35,46.48,48.6,46.48,12738,60200511.0,4.39,-3.81,-1.84,4.04
2011-02-23,46.47,48.59,48.78,46.47,18050,86632285.0,4.97,4.54,2.11,5.73
2011-02-24,48.64,48.56,49.0,47.5,15668,75873282.0,3.09,-0.06,-0.03,4.97
2011-02-25,48.5,47.95,48.5,47.12,8717,41628733.0,2.84,-1.26,-0.61,2.77
2011-02-28,48.0,51.01,51.98,48.0,29117,145794495.0,8.3,6.38,3.06,9.24
2011-03-01,51.0,50.7,51.54,49.81,19915,100867962.0,3.39,-0.61,-0.31,6.32
2011-03-02,51.97,53.13,53.68,51.51,34010,180212315.0,4.28,4.79,2.43,10.8
2011-03-03,53.19,53.15,53.66,52.2,25482,134787264.0,2.75,0.04,0.02,8.09
2011-03-04,52.8,52.6,53.3,51.7,13875,72757654.0,3.01,-1.03,-0.55,4.4
2011-03-07,52.98,52.9,53.3,51.35,15157,79347746.0,3.71,0.57,0.3,4.81
2011-03-08,52.6,53.2,53.33,51.7,12677,66877067.0,3.08,0.57,0.3,4.02
2011-03-09,53.2,53.29,54.25,52.59,15285,81654324.0,3.12,0.17,0.09,4.85
2011-03-10,53.24,53.1,54.73,52.91,17478,93947720.0,3.42,-0.36,-0.19,5.55
2011-03-11,52.7,53.25,54.64,52.02,20479,109231436.0,4.93,0.28,0.15,6.5
2011-03-14,53.72,53.39,54.69,52.74,14097,75424211.0,3.66,0.26,0.14,4.48
2011-03-15,52.53,51.3,52.6,50.12,24041,122798388.0,4.65,-3.91,-2.09,7.63
2011-03-16,51.2,51.05,51.5,50.52,10398,52984087.0,1.91,-0.49,-0.25,3.3
2011-03-17,50.5,48.27,50.5,48.01,18152,89275271.0,4.88,-5.45,-2.78,5.76
2011-03-18,48.4,49.28,49.86,48.4,7440,36477053.0,3.02,2.09,1.01,2.36
2011-03-21,49.4,48.5,49.4,48.34,6427,31271706.0,2.15,-1.58,-0.78,2.04
2011-03-22,48.9,49.2,49.38,48.38,5426,26514889.0,2.06,1.44,0.7,1.72
2011-03-23,49.3,50.2,50.35,49.3,7362,36806706.0,2.13,2.03,1.0,2.34
2011-03-24,50.24,49.84,50.6,49.81,4469,22410758.0,1.57,-0.72,-0.36,1.42
2011-03-25,49.85,49.21,50.35,49.02,8629,42653623.0,2.67,-1.26,-0.63,2.74
2011-03-28,49.45,46.82,49.46,46.48,17348,82627770.0,6.06,-4.86,-2.39,5.51
2011-03-29,46.99,45.1,47.08,44.61,11139,51287935.0,5.28,-3.67,-1.72,3.54
2011-03-30,45.38,45.76,46.34,44.85,10685,48659845.0,3.3,1.46,0.66,3.39
2011-04-06,46.0,44.68,46.22,44.44,9281,41964179.0,3.89,-2.36,-1.08,2.95
2011-04-07,44.16,45.6,45.6,44.13,6685,30131964.0,3.29,2.06,0.92,2.12
2011-04-08,45.67,47.14,47.5,45.4,11035,51598000.0,4.61,3.38,1.54,3.5
2011-04-11,46.99,45.41,46.99,45.41,9575,44126491.0,3.35,-3.67,-1.73,3.04
2011-04-12,46.1,46.25,47.0,46.1,10985,51127716.0,1.98,1.85,0.84,3.49
2011-04-13,46.59,47.52,47.68,46.01,8858,41661067.0,3.61,2.75,1.27,2.81
2011-04-14,47.24,47.05,47.48,46.81,5030,23680171.0,1.41,-0.99,-0.47,1.6
2011-04-15,47.21,47.3,47.96,46.84,6173,29229580.0,2.38,0.53,0.25,1.96
2011-04-18,47.29,46.77,47.85,46.5,5793,27164845.0,2.85,-1.12,-0.53,1.84
2011-04-19,46.6,45.4,46.65,45.01,7873,35831502.0,3.51,-2.93,-1.37,2.5
2011-04-20,45.5,47.7,47.7,45.5,12846,60283924.0,4.85,5.07,2.3,4.08
2011-04-21,47.95,48.14,48.92,47.89,13002,63077769.0,2.16,0.92,0.44,4.13
2011-04-25,47.92,46.8,48.08,46.2,6201,29131096.0,3.91,-2.78,-1.34,1.97
2011-04-26,46.27,46.8,46.98,46.0,4806,22327259.0,2.09,0.0,0.0,1.53
2011-04-27,47.15,47.0,47.76,46.04,5589,26273981.0,3.68,0.43,0.2,1.77
2011-04-28,46.8,45.0,47.25,45.0,6314,29021402.0,4.79,-4.26,-2.0,2.0
2011-04-29,44.83,45.93,45.93,44.31,4194,18981105.0,3.6,2.07,0.93,1.33
2011-05-03,45.52,45.95,46.16,45.24,2645,12120964.0,2.0,0.04,0.02,0.84
2011-05-04,45.5,44.4,45.6,43.9,5741,25601436.0,3.7,-3.37,-1.55,1.82
2011-05-05,44.49,44.85,44.91,44.01,2581,11498048.0,2.03,1.01,0.45,0.82
2011-05-06,44.43,45.29,45.5,44.2,3347,15080327.0,2.9,0.98,0.44,1.06
2011-05-09,45.33,45.8,45.88,45.18,2993,13633407.0,1.55,1.13,0.51,0.95
2011-05-10,45.8,45.48,45.85,45.18,2302,10449387.0,1.46,-0.7,-0.32,0.73
2011-05-11,45.54,46.18,46.18,44.7,5025,22847683.0,3.25,1.54,0.7,1.6
2011-05-12,45.91,45.96,46.0,45.11,3694,16883059.0,1.93,-0.48,-0.22,1.17
2011-05-13,45.43,45.7,45.81,44.9,3232,14644207.0,1.98,-0.57,-0.26,1.03
2011-05-16,45.38,44.4,45.6,44.4,3150,14171746.0,2.63,-2.84,-1.3,1.0
2011-05-17,44.19,42.98,44.48,42.57,11971,51639308.0,4.3,-3.2,-1.42,3.8
2011-05-18,42.92,41.87,42.92,41.25,10074,42141052.0,3.89,-2.58,-1.11,3.2
2011-05-19,41.9,41.87,42.54,40.57,4647,19456556.0,4.71,0.0,0.0,1.48
2011-05-20,41.74,40.6,41.74,40.28,7214,29400801.0,3.49,-3.03,-1.27,2.29
2011-05-23,40.4,38.61,40.4,38.6,7803,30484902.0,4.43,-4.9,-1.99,2.48
2011-05-24,38.28,39.41,40.28,38.11,7675,30234044.0,5.62,2.07,0.8,2.44
2011-05-25,39.0,38.05,39.06,37.88,6395,24559796.0,2.99,-3.45,-1.36,2.03
2011-05-26,38.51,36.29,38.87,36.11,9021,33898791.0,7.25,-4.63,-1.76,1.36
2011-05-27,36.68,34.99,36.68,34.8,12022,42397120.0,5.18,-3.58,-1.3,1.81
2011-05-30,35.32,35.63,36.6,35.03,13846,49848543.0,4.49,1.83,0.64,2.09
2011-05-31,35.66,36.3,36.68,35.66,9087,32902246.0,2.86,1.88,0.67,1.37
2011-06-01,36.44,36.83,36.98,35.86,8337,30321205.0,3.09,1.46,0.53,1.26
2011-06-02,36.42,36.38,36.42,35.7,6826,24662481.0,1.95,-1.22,-0.45,1.03
2011-06-03,36.42,38.79,39.59,36.11,18188,69431279.0,9.57,6.62,2.41,2.74
2011-06-07,38.8,38.48,38.93,38.28,12671,48800222.0,1.68,-0.8,-0.31,1.91
2011-06-08,19.08,18.7,19.08,18.13,19221,35620990.0,2.47,-51.4,-19.78,1.45
2011-06-09,18.52,18.2,19.18,18.18,16037,29991207.0,5.35,-2.67,-0.5,1.21
2011-06-10,18.25,18.26,18.56,17.75,11514,20894602.0,4.45,0.33,0.06,0.87
2011-06-13,18.0,18.19,18.55,17.73,8449,15333131.0,4.49,-0.38,-0.07,0.64
2011-06-14,19.05,20.01,20.01,19.02,59562,116608265.0,5.44,10.01,1.82,4.49
2011-06-15,19.58,19.1,19.88,19.0,72481,141085080.0,4.4,-4.55,-0.91,5.46
2011-06-16,18.6,18.8,19.46,18.45,34630,65583308.0,5.29,-1.57,-0.3,2.61
2011-06-17,19.0,19.0,19.45,18.82,26014,49842251.0,3.35,1.06,0.2,1.96
2011-06-20,19.14,18.55,19.15,18.23,26407,49041277.0,4.84,-2.37,-0.45,1.99
2011-06-21,18.75,18.75,18.86,18.3,20043,37213799.0,3.02,1.08,0.2,1.51
2011-06-22,18.72,19.0,19.12,18.65,22411,42364102.0,2.51,1.33,0.25,1.69
2011-06-23,18.8,19.7,19.8,18.5,41939,81070406.0,6.84,3.68,0.7,3.16
2011-06-24,19.99,19.9,20.48,19.52,69109,138801728.0,4.87,1.02,0.2,5.21
2011-06-27,19.66,20.25,20.57,19.61,74170,148928559.0,4.82,1.76,0.35,5.59
2011-06-28,20.2,20.02,20.24,19.82,37145,74180316.0,2.07,-1.14,-0.23,2.8
2011-06-29,20.03,19.88,20.59,19.82,34851,70199465.0,3.85,-0.7,-0.14,2.63
2011-06-30,19.74,20.18,20.3,19.74,29377,59116763.0,2.82,1.51,0.3,2.21
2011-07-01,20.2,20.34,20.65,20.15,36299,74059845.0,2.48,0.79,0.16,2.74
2011-07-04,20.31,21.37,21.49,20.31,64305,134561335.0,5.8,5.06,1.03,4.85
2011-07-05,21.38,22.08,22.35,21.26,52891,115856167.0,5.1,3.32,0.71,3.99
2011-07-06,22.26,23.09,23.48,21.75,61285,137763076.0,7.84,4.57,1.01,4.62
2011-07-07,23.0,22.66,23.49,22.63,61580,142270176.0,3.72,-1.86,-0.43,4.64
2011-07-08,22.51,22.62,22.83,22.22,26203,58986934.0,2.69,-0.18,-0.04,1.97
2011-07-11,22.37,22.85,23.2,21.91,52411,118320678.0,5.7,1.02,0.23,3.95
2011-07-12,22.47,22.52,22.94,22.37,26380,59676062.0,2.49,-1.44,-0.33,1.99
2011-07-13,22.25,23.15,23.23,22.25,34301,78569733.0,4.35,2.8,0.63,2.58
2011-07-14,23.2,23.29,23.46,22.7,37080,85626786.0,3.28,0.6,0.14,2.79
2011-07-15,23.2,22.86,23.3,22.82,49986,115084634.0,2.06,-1.85,-0.43,3.77
2011-07-18,23.01,22.91,23.44,22.87,35237,81598443.0,2.49,0.22,0.05,2.66
2011-07-19,22.6,22.73,23.49,22.26,41994,96103023.0,5.37,-0.79,-0.18,3.16
2011-07-20,22.73,22.29,22.98,22.23,25368,57044571.0,3.3,-1.94,-0.44,1.91
2011-07-21,22.64,21.92,22.75,21.86,24818,54981482.0,3.99,-1.66,-0.37,1.87
2011-07-22,22.1,22.02,22.43,21.9,21987,48679531.0,2.42,0.46,0.1,1.66
2011-07-25,21.75,20.9,22.22,20.61,42516,90626968.0,7.31,-5.09,-1.12,3.2
2011-07-26,20.9,20.79,21.09,20.42,19502,40383145.0,3.21,-0.53,-0.11,1.47
2011-07-27,20.7,21.22,21.4,20.42,28189,59391977.0,4.71,2.07,0.43,2.12
2011-07-28,21.05,21.55,21.56,20.81,23762,50177387.0,3.53,1.56,0.33,1.79
2011-07-29,21.57,21.4,21.9,21.15,31194,67523562.0,3.48,-0.7,-0.15,2.35
2011-08-01,21.38,21.61,21.69,21.2,17014,36663967.0,2.29,0.98,0.21,1.28
2011-08-02,21.2,19.88,21.2,19.45,76378,150861478.0,8.1,-8.01,-1.73,5.76
2011-08-03,19.31,19.7,19.91,19.22,27880,54849930.0,3.47,-0.91,-0.18,2.1
2011-08-04,19.73,19.8,19.98,19.6,22902,45322028.0,1.93,0.51,0.1,1.73
2011-08-05,19.0,18.86,19.2,18.61,40163,75949415.0,2.98,-4.75,-0.94,3.03
2011-08-08,18.41,17.4,18.6,16.97,46834,82507176.0,8.64,-7.74,-1.46,3.53
2011-08-09,16.75,17.7,17.85,16.58,29537,51186011.0,7.3,1.72,0.3,2.23
2011-08-10,18.06,17.78,18.23,17.73,25992,46835027.0,2.82,0.45,0.08,1.96
2011-08-11,17.4,18.08,18.12,17.11,25243,44747875.0,5.68,1.69,0.3,1.9
2011-08-12,18.3,18.48,18.78,18.27,30875,57319417.0,2.82,2.21,0.4,2.33
2011-08-15,18.55,18.83,18.89,18.4,27685,51644998.0,2.65,1.89,0.35,2.09
2011-08-16,18.9,18.43,19.04,18.4,19163,35725272.0,3.4,-2.12,-0.4,1.44
2011-08-17,18.38,19.37,19.9,18.31,56309,108687380.0,8.63,5.1,0.94,4.24
2011-08-18,19.19,19.13,19.82,19.07,42121,82095862.0,3.87,-1.24,-0.24,3.17
2011-08-19,18.63,19.76,19.8,18.52,46227,89175091.0,6.69,3.29,0.63,3.48
2011-08-22,19.8,19.6,20.22,19.4,29452,58440988.0,4.15,-0.81,-0.16,2.22
2011-08-23,19.61,19.89,19.92,19.26,25484,49974623.0,3.37,1.48,0.29,1.92
2011-08-24,20.14,20.0,20.86,19.96,44000,89735485.0,4.52,0.55,0.11,3.32
2011-08-25,20.03,20.3,20.4,19.76,25083,50263367.0,3.2,1.5,0.3,1.89
2011-08-26,20.31,20.3,20.63,19.92,24658,50218719.0,3.5,0.0,0.0,1.86
2011-08-29,20.18,20.77,21.1,20.08,43256,89692385.0,5.02,2.32,0.47,3.26
2011-08-30,20.86,20.23,21.0,20.17,28480,58633391.0,4.0,-2.6,-0.54,2.15
2011-08-31,20.2,19.85,20.22,19.2,33359,65430449.0,5.04,-1.88,-0.38,2.51
2011-09-01,19.79,19.8,20.28,19.53,18325,36555081.0,3.78,-0.25,-0.05,1.38
2011-09-02,19.62,19.85,20.28,19.32,20263,40126057.0,4.85,0.25,0.05,1.53
2011-09-05,19.39,18.94,19.52,18.51,21746,41246004.0,5.09,-4.58,-0.91,1.64
2011-09-06,18.62,17.9,18.9,17.82,27379,49637051.0,5.7,-5.49,-1.04,2.06
2011-09-07,18.19,18.43,18.47,17.98,21433,39064051.0,2.74,2.96,0.53,1.62
2011-09-08,18.47,18.61,19.16,18.47,34291,64721976.0,3.74,0.98,0.18,2.58
2011-09-09,18.63,18.5,18.88,18.17,10577,19546785.0,3.82,-0.59,-0.11,0.8
2011-09-13,18.2,18.01,18.23,17.77,11520,20700962.0,2.49,-2.65,-0.49,0.87
2011-09-14,18.03,18.47,18.47,17.9,13202,24141297.0,3.16,2.55,0.46,0.99
2011-09-15,18.66,18.6,19.06,18.46,17687,33326223.0,3.25,0.7,0.13,1.33
2011-09-16,18.9,18.77,19.18,18.71,14294,27129562.0,2.53,0.91,0.17,1.08
2011-09-19,18.59,17.97,18.59,17.97,17980,32719201.0,3.3,-4.26,-0.8,1.35
2011-09-20,17.83,17.99,18.19,17.55,22132,39431066.0,3.56,0.11,0.02,1.67
2011-09-21,17.99,18.9,18.98,17.7,28992,53492758.0,7.12,5.06,0.91,2.18
2011-09-22,18.66,18.1,18.92,18.1,23837,44192728.0,4.34,-4.23,-0.8,1.8
2011-09-23,17.78,17.94,18.06,17.55,23851,42357541.0,2.82,-0.88,-0.16,1.8
2011-09-26,17.75,17.66,18.08,17.35,11387,20140241.0,4.07,-1.56,-0.28,0.86
2011-09-27,17.9,17.6,17.99,17.42,14964,26533982.0,3.23,-0.34,-0.06,1.13
2011-09-28,17.85,17.21,17.88,16.95,15379,26635470.0,5.28,-2.22,-0.39,1.16
2011-09-29,17.05,16.46,17.05,16.41,18869,31444347.0,3.72,-4.36,-0.75,1.42
2011-09-30,16.49,15.98,16.69,15.95,27518,44519744.0,4.5,-2.92,-0.48,2.07
2011-10-10,16.0,15.97,16.18,15.7,11098,17730067.0,3.0,-0.06,-0.01,0.84
2011-10-11,16.69,16.19,16.69,15.91,14545,23714832.0,4.88,1.38,0.22,1.1
2011-10-12,16.05,16.97,17.17,15.93,26294,44124815.0,7.66,4.82,0.78,1.98
2011-10-13,17.0,17.8,18.2,16.95,39883,70836533.0,7.37,4.89,0.83,3.01
2011-10-14,17.75,17.77,18.15,17.51,22665,40446396.0,3.6,-0.17,-0.03,1.71
2011-10-17,17.99,18.39,18.53,17.72,43524,79422642.0,4.56,3.49,0.62,3.28
2011-10-18,18.2,17.28,18.42,17.17,36382,64606581.0,6.8,-6.04,-1.11,2.74
2011-10-19,17.4,17.14,17.58,16.96,25020,43049167.0,3.59,-0.81,-0.14,1.89
2011-10-20,17.0,16.41,17.01,15.95,25881,42328288.0,6.18,-4.26,-0.73,1.95
2011-10-21,16.32,16.3,16.6,16.04,12094,19818181.0,3.41,-0.67,-0.11,0.91
2011-10-24,16.38,16.77,16.87,15.72,25282,41114958.0,7.06,2.88,0.47,1.91
2011-10-25,16.78,17.18,17.3,16.25,34439,58240534.0,6.26,2.44,0.41,2.6
2011-10-26,17.1,18.01,18.05,16.89,61777,109841350.0,6.75,4.83,0.83,4.66
2011-10-27,18.0,18.3,18.87,18.0,66556,122707067.0,4.83,1.61,0.29,5.02
2011-10-28,18.74,19.21,19.28,18.29,55283,104073637.0,5.41,4.97,0.91,4.17
2011-10-31,18.96,19.5,19.59,18.95,45796,88365005.0,3.33,1.51,0.29,3.45
2011-11-01,19.15,19.49,19.72,18.9,33014,63688145.0,4.21,-0.05,-0.01,2.49
2011-11-02,19.0,20.05,20.11,18.82,44063,86054154.0,6.62,2.87,0.56,3.32
2011-11-03,20.02,19.58,20.34,19.58,46749,93253179.0,3.79,-2.34,-0.47,3.52
2011-11-04,19.8,19.7,19.84,19.51,17778,34964263.0,1.69,0.61,0.12,1.34
2011-11-07,19.79,19.75,20.1,19.68,20262,40323533.0,2.13,0.25,0.05,1.53
2011-11-08,19.71,19.05,19.85,18.95,30044,58217485.0,4.56,-3.54,-0.7,2.26
2011-11-09,19.18,19.65,19.66,19.0,21058,40786972.0,3.46,3.15,0.6,1.59
2011-11-10,19.3,19.74,20.26,19.25,36959,73475930.0,5.14,0.46,0.09,2.79
2011-11-11,19.78,19.42,19.95,19.1,30368,59318091.0,4.31,-1.62,-0.32,2.29
2011-11-14,19.72,20.01,20.08,19.63,39073,77644324.0,2.32,3.04,0.59,2.94
2011-11-15,19.91,20.38,20.8,19.91,59460,121502195.0,4.45,1.85,0.37,4.48
2011-11-16,20.56,19.69,20.61,19.48,52466,105626080.0,5.54,-3.39,-0.69,3.95
2011-11-17,19.6,19.86,20.26,19.55,44205,88124148.0,3.61,0.86,0.17,3.33
2011-11-18,19.5,18.78,19.68,18.7,37758,72055686.0,4.93,-5.44,-1.08,2.85
2011-11-21,18.7,18.18,18.85,17.72,37466,67911799.0,6.02,-3.19,-0.6,2.82
2011-11-22,17.97,18.23,18.26,17.8,16651,30072276.0,2.53,0.28,0.05,1.25
2011-11-23,18.4,18.05,18.49,18.03,15437,28162147.0,2.52,-0.99,-0.18,1.16
2011-11-24,17.88,18.24,18.38,17.51,16457,29537044.0,4.82,1.05,0.19,1.24
2011-11-25,18.25,18.22,18.46,17.95,18078,33025062.0,2.8,-0.11,-0.02,1.36
2011-11-28,18.06,18.28,18.38,18.03,8166,14868916.0,1.92,0.33,0.06,0.62
2011-11-29,18.47,18.67,18.67,18.18,15566,28730810.0,2.68,2.13,0.39,1.17
2011-11-30,18.67,17.45,18.76,17.23,17012,30645572.0,8.19,-6.53,-1.22,1.28
2011-12-01,18.4,17.7,18.4,17.7,25155,45311074.0,4.01,1.43,0.25,1.9
2011-12-02,17.8,16.73,17.88,16.73,18651,32018998.0,6.5,-5.48,-0.97,1.41
2011-12-05,16.58,16.08,16.72,15.8,27226,44111530.0,5.5,-3.89,-0.65,2.05
2011-12-06,16.1,16.42,16.53,16.01,12166,19763643.0,3.23,2.11,0.34,0.92
2011-12-07,16.45,16.52,16.74,16.33,7778,12873863.0,2.5,0.61,0.1,0.59
2011-12-09,16.56,16.2,16.67,16.12,12048,19713669.0,3.33,-1.94,-0.32,0.91
2011-12-12,16.19,16.16,16.46,16.11,7545,12254520.0,2.16,-0.25,-0.04,0.57
2011-12-13,16.01,15.9,16.18,15.28,20877,32622641.0,5.57,-1.61,-0.26,1.57
2011-12-14,15.65,15.49,15.87,15.3,9814,15273407.0,3.58,-2.58,-0.41,0.74
2011-12-15,15.43,15.55,15.83,15.27,12914,20082321.0,3.62,0.39,0.06,0.97
2011-12-16,15.45,16.17,16.22,15.45,12865,20421271.0,4.95,3.99,0.62,0.97
2011-12-19,16.01,16.35,16.45,15.66,18331,29339496.0,4.89,1.11,0.18,1.38
2011-12-20,16.35,16.02,16.53,16.01,11792,19147255.0,3.18,-2.02,-0.33,0.89
2011-12-21,16.17,14.43,16.26,14.42,53658,80085783.0,11.49,-9.93,-1.59,4.04
2011-12-22,14.11,13.82,14.2,13.3,40659,55496832.0,6.24,-4.23,-0.61,3.06
2011-12-23,13.7,13.73,14.19,13.47,23383,32261723.0,5.21,-0.65,-0.09,1.76
2011-12-26,13.69,13.39,13.92,13.35,11156,15228936.0,4.15,-2.48,-0.34,0.84
2011-12-27,13.39,13.09,13.48,13.02,15788,20824934.0,3.44,-2.24,-0.3,1.19
2011-12-28,12.96,13.1,13.18,12.67,11675,15068185.0,3.9,0.08,0.01,0.88
2011-12-29,13.2,13.22,13.4,13.01,12043,15956243.0,2.98,0.92,0.12,0.91
2011-12-30,13.36,13.47,13.62,13.25,15098,20341228.0,2.8,1.89,0.25,1.14
2012-01-04,13.63,12.46,13.69,12.46,21084,27466569.0,9.13,-7.5,-1.01,1.59
2012-01-05,12.13,11.85,12.36,11.6,27775,33013129.0,6.1,-4.9,-0.61,2.09
2012-01-06,11.77,12.12,12.27,11.6,14464,17311256.0,5.65,2.28,0.27,1.09
2012-01-09,12.12,12.89,12.9,11.84,33136,41141263.0,8.75,6.35,0.77,2.5
2012-01-10,12.7,13.39,13.58,12.67,36515,48342435.0,7.06,3.88,0.5,2.75
2012-01-11,13.4,13.35,13.75,13.2,28047,37730225.0,4.11,-0.3,-0.04,2.11
2012-01-12,13.23,13.3,13.59,13.16,19625,26214056.0,3.22,-0.37,-0.05,1.48
2012-01-13,13.32,12.3,13.33,12.16,41903,52834352.0,8.8,-7.52,-1.0,3.16
2012-01-16,12.04,11.71,12.09,11.61,29022,34292105.0,3.9,-4.8,-0.59,2.19
2012-01-17,11.7,12.45,12.47,11.48,83135,99340912.0,8.45,6.32,0.74,6.26
2012-01-18,12.39,11.57,12.55,11.4,61363,73815758.0,9.24,-7.07,-0.88,4.62
2012-01-19,11.5,12.73,12.73,11.25,70438,85966842.0,12.79,10.03,1.16,5.31
2012-01-20,12.86,13.19,13.48,12.74,84651,110653149.0,5.81,3.61,0.46,6.38
2012-01-30,13.24,13.12,13.42,12.96,43256,57113669.0,3.49,-0.53,-0.07,3.26
2012-01-31,13.02,13.23,13.26,12.68,35201,45622292.0,4.42,0.84,0.11,2.65
2012-02-01,13.1,12.88,13.4,12.85,36121,47525376.0,4.16,-2.65,-0.35,2.72
2012-02-02,13.01,13.66,13.78,12.88,75246,101251364.0,6.99,6.06,0.78,5.67
2012-02-03,13.57,14.59,14.67,13.51,96184,136049140.0,8.49,6.81,0.93,7.25
2012-02-06,14.48,14.4,14.75,14.25,73200,105994253.0,3.43,-1.3,-0.19,5.52
2012-02-07,14.3,14.21,14.55,14.1,50167,71810485.0,3.13,-1.32,-0.19,3.78
2012-02-08,14.12,14.58,14.71,14.05,45235,65218061.0,4.64,2.6,0.37,3.41
2012-02-09,14.6,14.63,15.11,14.57,62821,93547609.0,3.7,0.34,0.05,4.73
2012-02-10,14.69,14.98,15.0,14.61,55147,81808624.0,2.67,2.39,0.35,4.16
2012-02-13,14.7,15.83,16.38,14.65,100462,157531372.0,11.55,5.67,0.85,7.57
2012-02-14,15.66,15.42,16.06,15.26,67819,105642458.0,5.05,-2.59,-0.41,5.11
2012-02-15,15.31,15.93,16.1,15.25,73334,115598356.0,5.51,3.31,0.51,5.53
2012-02-16,15.75,15.57,15.87,15.33,59052,92106733.0,3.39,-2.26,-0.36,4.45
2012-02-17,15.58,15.11,15.7,14.9,59191,89810912.0,5.14,-2.95,-0.46,4.46
2012-02-20,15.4,15.24,15.93,15.23,72045,112019401.0,4.63,0.86,0.13,5.43
2012-02-21,15.17,15.8,15.8,14.98,59053,90921335.0,5.38,3.67,0.56,4.45
2012-02-22,15.76,16.21,16.38,15.66,80310,129451030.0,4.56,2.59,0.41,6.05
2012-02-23,16.18,15.93,16.3,15.75,60883,97512898.0,3.39,-1.73,-0.28,4.59
2012-02-24,15.88,15.9,16.07,15.71,55727,88324577.0,2.26,-0.19,-0.03,4.2
2012-02-27,15.86,15.82,16.2,15.75,71237,113921385.0,2.83,-0.5,-0.08,5.37
2012-02-28,15.66,15.36,15.71,15.15,62165,95657141.0,3.54,-2.91,-0.46,4.68
2012-02-29,15.35,15.02,15.55,14.95,48320,73472303.0,3.91,-2.21,-0.34,3.64
2012-03-01,14.9,15.72,15.75,14.82,89970,138856401.0,6.19,4.66,0.7,6.78
2012-03-02,15.74,15.91,15.99,15.59,61471,97147129.0,2.54,1.21,0.19,4.63
2012-03-05,16.05,16.31,16.43,15.88,86776,140374733.0,3.46,2.51,0.4,6.54
2012-03-06,16.16,16.34,16.74,15.86,89262,145847164.0,5.4,0.18,0.03,6.73
2012-03-07,16.02,16.05,16.6,16.0,71314,116381760.0,3.67,-1.77,-0.29,5.37
2012-03-08,16.16,16.12,16.29,15.9,66880,107475019.0,2.43,0.44,0.07,5.04
2012-03-09,16.27,16.65,16.65,16.1,75009,123450914.0,3.41,3.29,0.53,5.65
2012-03-12,16.63,16.2,16.99,16.03,109092,178442176.0,5.77,-2.7,-0.45,8.22
2012-03-13,16.15,16.27,16.28,15.95,57808,93276572.0,2.04,0.43,0.07,4.36
2012-03-14,16.29,15.08,16.62,14.8,110608,176009832.0,11.19,-7.31,-1.19,8.34
2012-03-15,15.04,14.52,15.22,14.41,78069,114373529.0,5.37,-3.71,-0.56,5.88
2012-03-16,14.52,14.9,14.94,14.4,49559,73038728.0,3.72,2.62,0.38,3.73
2012-03-19,14.89,15.45,15.51,14.81,54656,82860697.0,4.7,3.69,0.55,4.12
2012-03-20,15.43,14.97,15.43,14.85,46364,69754705.0,3.75,-3.11,-0.48,3.49
2012-03-21,15.05,14.82,15.11,14.46,41142,60813182.0,4.34,-1.0,-0.15,3.1
2012-03-22,14.7,14.67,14.92,14.6,22973,33838062.0,2.16,-1.01,-0.15,1.73
2012-03-23,14.61,14.53,14.75,14.42,22295,32456971.0,2.25,-0.95,-0.14,1.68
2012-03-26,14.44,14.61,14.64,14.42,16243,23659295.0,1.51,0.55,0.08,1.22
2012-03-27,14.75,14.61,14.96,14.57,28336,41880702.0,2.67,0.0,0.0,2.14
2012-03-28,14.55,13.26,14.55,13.25,63357,87123144.0,8.9,-9.24,-1.35,4.77
2012-03-29,13.18,13.1,13.36,12.8,28729,37707617.0,4.22,-1.21,-0.16,2.16
2012-03-30,13.26,12.98,13.26,12.82,20653,26921617.0,3.36,-0.92,-0.12,1.56
2012-04-05,13.08,13.62,13.67,12.9,28670,38304629.0,5.93,4.93,0.64,2.16
2012-04-06,13.56,13.95,14.24,13.56,35288,48980500.0,4.99,2.42,0.33,2.66
2012-04-09,13.79,13.46,13.89,13.45,25847,35370472.0,3.15,-3.51,-0.49,1.95
2012-04-10,13.48,13.75,13.77,13.09,24968,33652695.0,5.05,2.15,0.29,1.88
2012-04-11,13.57,14.02,14.08,13.41,30366,42230344.0,4.87,1.96,0.27,2.29
2012-04-12,13.88,14.34,14.45,13.88,33235,47384917.0,4.07,2.28,0.32,2.5
2012-04-13,14.35,14.32,14.51,14.08,27353,39125659.0,3.0,-0.14,-0.02,2.06
2012-04-16,14.2,14.37,14.53,14.07,26354,37847480.0,3.21,0.35,0.05,1.99
2012-04-17,15.81,15.81,15.81,15.81,56982,90087957.0,0.0,10.02,1.44,4.29
2012-04-18,16.3,16.28,16.45,15.55,210059,338656432.0,5.69,2.97,0.47,15.83
2012-04-19,16.0,16.3,16.6,15.89,109071,176917342.0,4.36,0.12,0.02,8.22
2012-04-23,16.28,15.1,16.28,15.1,106846,166890137.0,7.24,-7.36,-1.2,8.05
2012-04-24,14.85,14.82,15.18,14.31,76153,111806912.0,5.76,-1.85,-0.28,5.74
2012-04-25,14.78,15.11,15.28,14.62,58644,87726845.0,4.45,1.96,0.29,4.42
2012-04-26,15.26,14.91,15.47,14.8,43023,64970433.0,4.43,-1.32,-0.2,3.24
2012-04-27,14.81,15.17,15.37,14.7,36586,55353662.0,4.49,1.74,0.26,2.76
2012-05-02,15.43,15.54,15.68,15.2,48558,75258417.0,3.16,2.44,0.37,3.66
2012-05-03,15.46,15.46,15.49,15.25,30390,46798306.0,1.54,-0.51,-0.08,2.29
2012-05-04,11.79,11.98,12.12,11.7,49749,59514832.0,2.72,-22.51,-3.48,2.88
2012-05-07,11.82,12.17,12.25,11.8,49076,59145818.0,3.76,1.59,0.19,2.84
2012-05-08,12.2,12.22,12.25,11.95,49601,60058461.0,2.47,0.41,0.05,2.88
2012-05-09,12.07,11.81,12.18,11.81,47307,56713148.0,3.03,-3.36,-0.41,2.74
2012-05-10,11.8,11.91,12.09,11.8,24180,28875136.0,2.46,0.85,0.1,1.4
2012-05-11,11.91,11.68,12.06,11.65,26213,31054878.0,3.44,-1.93,-0.23,1.52
2012-05-14,11.79,11.72,12.05,11.56,36300,42857817.0,4.2,0.34,0.04,2.1
2012-05-15,11.55,11.59,11.67,11.38,27560,31742444.0,2.47,-1.11,-0.13,1.6
2012-05-16,11.58,11.18,11.58,11.1,44957,50693058.0,4.14,-3.54,-0.41,2.61
2012-05-17,11.18,11.35,11.47,11.08,32351,36467683.0,3.49,1.52,0.17,1.88
2012-05-18,11.24,11.02,11.32,11.02,25160,28044820.0,2.64,-2.91,-0.33,1.46
2012-05-21,11.01,10.85,11.08,10.77,26118,28538124.0,2.81,-1.54,-0.17,1.51
2012-05-22,11.04,11.12,11.28,11.01,31374,34914361.0,2.49,2.49,0.27,1.82
2012-05-23,11.03,11.2,11.36,10.95,38030,42544986.0,3.69,0.72,0.08,2.2
2012-05-24,11.17,10.88,11.17,10.82,38755,42554363.0,3.13,-2.86,-0.32,2.25
2012-05-25,10.91,10.37,10.94,10.3,40521,42854903.0,5.88,-4.69,-0.51,2.35
2012-05-28,10.35,10.37,10.38,9.97,42500,43323153.0,3.95,0.0,0.0,2.46
2012-05-29,10.62,10.84,10.98,10.62,57625,62301076.0,3.47,4.53,0.47,3.34
2012-05-30,10.75,10.77,10.87,10.61,46858,50193001.0,2.4,-0.65,-0.07,2.72
2012-05-31,10.62,11.85,11.85,10.62,138723,160428781.0,11.42,10.03,1.08,8.04
2012-06-01,11.94,12.28,12.42,11.61,215368,258835570.0,6.84,3.63,0.43,12.48
2012-06-04,11.88,12.26,12.76,11.8,186993,232122742.0,7.82,-0.16,-0.02,10.84
2012-06-05,12.27,12.37,12.67,12.05,117053,144220768.0,5.06,0.9,0.11,6.79
2012-06-06,12.35,12.3,12.74,12.11,89728,111422839.0,5.09,-0.57,-0.07,5.2
2012-06-07,12.45,12.5,12.55,12.16,72337,89421493.0,3.17,1.63,0.2,4.19
2012-06-08,12.55,12.86,13.5,12.35,153360,199435411.0,9.2,2.88,0.36,8.89
2012-06-11,12.75,13.58,13.64,12.74,114392,150287735.0,7.0,5.6,0.72,6.63
2012-06-12,13.36,14.12,14.5,13.36,144178,198725836.0,8.39,3.98,0.54,8.36
2012-06-13,14.08,14.2,14.55,14.0,121178,172155108.0,3.9,0.57,0.08,7.02
2012-06-14,14.23,13.89,14.43,13.79,71458,100422143.0,4.51,-2.18,-0.31,4.14
2012-06-15,13.89,13.76,14.05,13.3,117365,159440671.0,5.4,-0.94,-0.13,6.8
2012-06-18,13.74,14.34,14.58,13.6,88604,125920332.0,7.12,4.22,0.58,5.14
2012-06-19,14.32,13.93,14.88,13.92,95947,138524398.0,6.69,-2.86,-0.41,5.56
2012-06-20,13.91,14.08,14.46,13.9,49453,69954835.0,4.02,1.08,0.15,2.87
2012-06-21,14.09,14.49,14.75,13.95,97896,139873251.0,5.68,2.91,0.41,5.67
2012-06-25,14.31,14.85,15.3,14.31,119166,177989256.0,6.83,2.48,0.36,6.91
2012-06-26,14.8,15.2,15.2,14.2,98934,146198247.0,6.73,2.36,0.35,5.73
2012-06-27,15.19,16.15,16.25,15.03,140775,223854170.0,8.03,6.25,0.95,8.16
2012-06-28,16.01,16.15,16.34,15.7,90871,145537632.0,3.96,0.0,0.0,5.27
2012-06-29,15.91,16.68,16.68,15.81,75623,123098644.0,5.39,3.28,0.53,4.38
2012-07-02,16.68,16.53,16.83,16.3,74910,123664920.0,3.18,-0.9,-0.15,4.34
2012-07-03,16.58,16.61,17.09,16.06,116579,193053991.0,6.23,0.48,0.08,6.76
2012-07-04,16.48,15.98,16.57,15.96,69353,112009382.0,3.67,-3.79,-0.63,4.02
2012-07-05,15.82,16.0,16.32,15.71,58483,93843237.0,3.82,0.13,0.02,3.39
2012-07-06,16.07,16.55,16.58,15.51,88666,142592437.0,6.69,3.44,0.55,5.14
2012-07-09,16.4,16.43,16.75,16.25,56933,93988401.0,3.02,-0.73,-0.12,3.3
2012-07-10,16.28,15.14,16.4,14.79,128732,198003481.0,9.8,-7.85,-1.29,7.46
2012-07-11,15.0,15.3,15.42,14.81,51173,78152113.0,4.03,1.06,0.16,2.97
2012-07-12,15.2,15.68,16.07,15.2,53658,84498211.0,5.69,2.48,0.38,3.11
2012-07-13,15.5,15.11,15.8,14.88,55022,84060873.0,5.87,-3.64,-0.57,3.19
2012-07-16,15.05,14.4,15.1,14.12,67806,98167225.0,6.49,-4.7,-0.71,3.93
2012-07-17,14.3,14.7,14.79,14.3,42466,61678347.0,3.4,2.08,0.3,2.46
2012-07-18,14.6,15.23,15.36,14.56,84630,127914299.0,5.44,3.61,0.53,4.91
2012-07-19,15.25,15.18,15.56,15.0,38896,59387650.0,3.68,-0.33,-0.05,2.25
2012-07-20,15.18,15.0,15.4,14.8,24049,36238010.0,3.95,-1.19,-0.18,1.39
2012-07-23,14.86,15.17,15.27,14.8,29876,45114527.0,3.13,1.13,0.17,1.73
2012-07-24,15.05,15.9,15.95,14.58,67754,103599983.0,9.03,4.81,0.73,3.93
2012-07-25,15.77,16.3,16.6,15.72,72456,117694323.0,5.53,2.52,0.4,4.2
2012-07-26,16.23,16.15,16.51,15.9,42202,68504727.0,3.74,-0.92,-0.15,2.45
2012-07-27,16.15,15.5,16.33,15.4,46688,73346609.0,5.76,-4.02,-0.65,2.71
2012-07-30,15.5,15.07,15.59,14.81,30842,46504838.0,5.03,-2.77,-0.43,1.79
2012-07-31,14.98,15.04,15.43,14.7,23061,34815586.0,4.84,-0.2,-0.03,1.34
2012-08-01,15.34,14.84,15.37,14.73,37432,56529082.0,4.26,-1.33,-0.2,2.17
2012-08-02,14.73,15.41,15.6,14.65,62268,95503299.0,6.4,3.84,0.57,3.61
2012-08-03,15.45,16.95,16.95,15.36,107840,177220828.0,10.32,9.99,1.54,6.25
2012-08-06,17.2,17.71,18.09,16.99,121700,213755613.0,6.49,4.48,0.76,7.05
2012-08-07,17.51,17.84,17.88,17.35,78076,137473174.0,2.99,0.73,0.13,4.53
2012-08-08,17.76,17.52,17.79,17.18,53320,93250891.0,3.42,-1.79,-0.32,3.09
2012-08-09,17.3,17.84,17.9,17.2,53881,94987666.0,4.0,1.83,0.32,3.12
2012-08-10,17.82,18.45,18.66,17.65,87261,159481674.0,5.66,3.42,0.61,5.06
2012-08-13,18.28,17.52,18.76,17.51,51146,92829896.0,6.78,-5.04,-0.93,2.96
2012-08-14,17.6,17.69,17.78,16.8,57080,98163233.0,5.59,0.97,0.17,3.31
2012-08-15,17.55,17.5,18.09,17.19,42534,75022165.0,5.09,-1.07,-0.19,2.47
2012-08-16,17.4,16.78,17.64,16.6,44323,75465985.0,5.94,-4.11,-0.72,2.57
2012-08-17,16.72,16.97,17.13,16.6,21198,35663932.0,3.16,1.13,0.19,1.23
2012-08-20,17.05,17.2,17.4,16.49,44233,74995735.0,5.36,1.36,0.23,2.56
2012-08-21,17.2,18.27,18.91,17.04,82818,150705368.0,10.87,6.22,1.07,4.8
2012-08-22,18.22,18.4,18.85,18.06,62803,115956824.0,4.32,0.71,0.13,3.64
2012-08-23,18.5,18.4,18.68,17.86,31495,57626642.0,4.46,0.0,0.0,1.83
2012-08-24,18.34,17.59,18.66,17.59,30739,55267868.0,5.82,-4.4,-0.81,1.78
2012-08-27,17.32,17.13,17.6,16.78,26319,45297583.0,4.66,-2.62,-0.46,1.53
2012-08-28,17.13,17.45,17.89,17.06,31245,54644649.0,4.85,1.87,0.32,1.81
2012-08-29,17.45,17.58,18.0,17.2,36808,64940454.0,4.58,0.74,0.13,2.13
2012-08-30,17.45,16.62,17.63,16.0,51885,86341147.0,9.27,-5.46,-0.96,3.01
2012-08-31,16.24,16.4,16.74,16.16,27664,45484631.0,3.49,-1.32,-0.22,1.6
2012-09-03,16.4,16.86,17.06,16.4,29165,48999073.0,4.02,2.8,0.46,1.69
2012-09-04,16.92,16.86,17.33,16.68,40171,68534852.0,3.86,0.0,0.0,2.33
2012-09-05,17.0,16.96,17.16,16.71,18825,31937356.0,2.67,0.59,0.1,1.09
2012-09-06,16.96,17.07,17.2,16.75,21399,36344321.0,2.65,0.65,0.11,1.24
2012-09-07,17.2,17.37,17.78,16.96,61037,105939541.0,4.8,1.76,0.3,3.54
2012-09-10,17.32,17.87,18.78,16.8,114674,205013051.0,11.4,2.88,0.5,6.65
2012-09-11,17.7,17.43,17.84,17.4,34319,60328305.0,2.46,-2.46,-0.44,1.99
2012-09-12,17.41,16.85,17.67,16.63,66244,112314137.0,5.97,-3.33,-0.58,3.84
2012-09-13,16.96,16.47,16.96,16.44,38589,64014407.0,3.09,-2.26,-0.38,2.24
2012-09-14,16.46,16.47,16.78,16.11,38391,63132741.0,4.07,0.0,0.0,2.23
2012-09-17,16.65,15.78,16.71,15.77,37263,60539692.0,5.71,-4.19,-0.69,2.16
2012-09-18,15.7,15.91,16.17,15.55,22739,36183152.0,3.93,0.82,0.13,1.32
2012-09-19,15.93,16.13,16.2,15.92,18497,29747707.0,1.76,1.38,0.22,1.07
2012-09-20,16.2,15.0,16.2,14.85,52775,79839406.0,8.37,-7.01,-1.13,3.06
2012-09-21,15.02,14.7,15.15,14.5,33907,50489210.0,4.33,-2.0,-0.3,1.97
2012-09-24,14.7,14.89,15.01,14.44,28104,41643739.0,3.88,1.29,0.19,1.63
2012-09-25,14.82,14.93,15.22,14.7,23036,34545392.0,3.49,0.27,0.04,1.34
2012-09-26,14.93,13.71,14.94,13.61,64025,89433352.0,8.91,-8.17,-1.22,3.71
2012-09-27,13.73,13.7,14.0,13.15,89777,122560741.0,6.2,-0.07,-0.01,5.2
2012-09-28,13.58,14.8,14.92,13.52,81446,116085264.0,10.22,8.03,1.1,4.72
2012-10-08,14.81,15.44,15.55,14.74,61053,92951857.0,5.47,4.32,0.64,3.54
2012-10-09,15.44,15.62,15.88,15.24,64010,99869414.0,4.15,1.17,0.18,3.71
2012-10-10,15.49,15.76,15.82,15.39,35830,56260911.0,2.75,0.9,0.14,2.08
2012-10-11,15.76,15.32,16.12,15.32,35309,55543044.0,5.08,-2.79,-0.44,2.05
2012-10-12,15.2,15.52,15.69,14.71,38489,58597997.0,6.4,1.31,0.2,2.23
2012-10-15,15.45,15.22,15.46,14.71,40925,61740774.0,4.83,-1.93,-0.3,2.37
2012-10-16,15.28,15.04,15.3,14.8,37916,57184844.0,3.29,-1.18,-0.18,2.2
2012-10-17,15.0,15.78,15.88,14.88,78638,121604131.0,6.65,4.92,0.74,4.56
2012-10-18,15.79,16.05,16.35,15.77,78554,127098926.0,3.68,1.71,0.27,4.55
2012-10-19,16.0,16.42,16.5,15.82,46099,74894272.0,4.24,2.31,0.37,2.67
2012-10-22,16.32,16.45,16.49,15.9,45998,74433946.0,3.59,0.18,0.03,2.67
2012-10-23,16.4,15.58,16.64,15.55,65149,104106106.0,6.63,-5.29,-0.87,3.78
2012-10-24,15.3,15.56,15.75,15.23,39173,60578223.0,3.34,-0.13,-0.02,2.27
2012-10-25,15.5,15.55,15.89,15.36,31018,48372250.0,3.41,-0.06,-0.01,1.8
2012-10-26,15.65,15.39,15.86,15.32,39744,61892726.0,3.47,-1.03,-0.16,2.3
2012-10-29,15.48,15.8,15.8,15.38,32877,51406624.0,2.73,2.66,0.41,1.91
2012-10-30,15.84,15.77,15.88,15.58,22718,35776385.0,1.9,-0.19,-0.03,1.32
2012-10-31,15.82,16.31,16.36,15.53,53375,85927473.0,5.26,3.42,0.54,3.09
2012-11-01,16.27,16.57,16.64,16.16,39707,65507220.0,2.94,1.59,0.26,2.3
2012-11-02,16.58,16.29,16.58,16.08,28925,47092200.0,3.02,-1.69,-0.28,1.68
2012-11-05,16.12,15.01,16.25,15.0,85420,131744082.0,7.67,-7.86,-1.28,4.95
2012-11-06,15.03,14.96,15.17,14.0,64620,94546200.0,7.79,-0.33,-0.05,3.75
2012-11-07,14.75,14.77,14.99,14.64,20715,30685658.0,2.34,-1.27,-0.19,1.2
2012-11-08,14.61,14.12,14.69,14.12,26534,38230450.0,3.86,-4.4,-0.65,1.54
2012-11-09,14.13,14.13,14.45,14.0,24712,35134236.0,3.19,0.07,0.01,1.43
2012-11-12,14.15,13.95,14.28,13.68,22583,31577916.0,4.25,-1.27,-0.18,1.31
2012-11-13,13.86,13.95,14.05,13.71,20603,28759351.0,2.44,0.0,0.0,1.19
2012-11-14,13.86,13.56,14.08,13.07,44876,60691556.0,7.24,-2.8,-0.39,2.6
2012-11-15,13.38,13.0,13.46,12.97,30511,40420368.0,3.61,-4.13,-0.56,1.77
2012-11-16,13.0,13.1,13.28,12.7,51330,66659148.0,4.46,0.77,0.1,2.98
2012-11-19,13.11,13.31,13.42,13.01,30253,40097834.0,3.13,1.6,0.21,1.75
2012-11-20,13.4,13.45,13.7,13.31,26090,35211788.0,2.93,1.05,0.14,1.51
2012-11-21,13.38,13.48,13.53,12.95,30712,40713178.0,4.31,0.22,0.03,1.78
2012-11-22,13.47,13.99,14.23,13.33,55090,76622709.0,6.68,3.78,0.51,3.19
2012-11-23,13.98,13.88,14.11,13.8,20223,28172708.0,2.22,-0.79,-0.11,1.17
2012-11-26,13.88,13.07,14.03,12.97,40389,54606756.0,7.64,-5.84,-0.81,2.34
2012-11-27,12.92,13.05,13.35,12.68,31099,40355730.0,5.13,-0.15,-0.02,1.8
2012-11-28,12.86,12.81,13.09,12.53,26096,33378937.0,4.29,-1.84,-0.24,1.51
2012-11-29,12.78,12.8,12.94,12.47,24085,30657050.0,3.67,-0.08,-0.01,1.4
2012-11-30,12.73,13.0,13.12,12.7,35944,46690879.0,3.28,1.56,0.2,2.08
2012-12-03,13.06,12.15,13.06,12.13,37560,46879855.0,7.15,-6.54,-0.85,2.18
2012-12-04,12.1,12.19,12.29,11.71,63558,76152457.0,4.77,0.33,0.04,3.68
2012-12-05,12.14,12.8,13.05,12.02,55629,70353806.0,8.45,5.0,0.61,3.22
2012-12-06,12.7,12.92,13.1,12.68,46180,59676091.0,3.28,0.94,0.12,2.68
2012-12-07,12.85,13.15,13.46,12.85,44377,58689285.0,4.72,1.78,0.23,2.57
2012-12-10,13.2,13.39,13.47,13.14,46288,61746312.0,2.51,1.83,0.24,2.68
2012-12-11,13.39,13.33,13.53,13.11,37709,50149504.0,3.14,-0.45,-0.06,2.19
2012-12-12,13.34,13.8,13.8,13.25,42950,58185553.0,4.13,3.53,0.47,2.49
2012-12-13,13.69,13.35,13.75,13.33,30511,41278470.0,3.04,-3.26,-0.45,1.77
2012-12-14,13.29,13.92,14.0,13.27,47022,64824915.0,5.47,4.27,0.57,2.73
2012-12-17,13.92,13.21,14.1,12.9,124048,165032891.0,8.62,-5.1,-0.71,7.19
2012-12-18,13.15,13.0,13.27,12.93,43645,57221577.0,2.57,-1.59,-0.21,2.53
2012-12-19,12.99,13.25,13.48,12.99,41329,54907446.0,3.77,1.92,0.25,2.4
2012-12-20,13.2,13.29,13.33,13.0,41504,54688025.0,2.49,0.3,0.04,2.41
2012-12-21,13.4,13.92,14.17,13.29,102963,141668352.0,6.62,4.74,0.63,5.97
2012-12-24,13.8,14.4,14.55,13.8,72686,104024126.0,5.39,3.45,0.48,4.21
2012-12-25,14.29,14.93,15.04,14.25,85516,125872031.0,5.49,3.68,0.53,4.96
2012-12-26,14.93,15.41,15.59,14.82,65719,100407119.0,5.16,3.22,0.48,3.81
2012-12-27,15.36,14.95,15.49,14.8,54603,82063200.0,4.48,-2.99,-0.46,3.17
2012-12-28,15.01,15.12,15.25,14.6,54955,82114706.0,4.35,1.14,0.17,3.19
2012-12-31,15.02,15.2,15.35,14.75,44409,67114365.0,3.97,0.53,0.08,2.57
2013-01-04,15.45,15.32,15.72,15.12,50270,77325048.0,3.95,0.79,0.12,2.91
2013-01-07,15.22,15.6,15.7,14.98,35203,54414232.0,4.7,1.83,0.28,2.04
2013-01-08,15.66,16.01,16.46,15.6,66226,106630413.0,5.51,2.63,0.41,3.84
2013-01-09,16.02,16.82,16.87,16.02,91198,151606200.0,5.31,5.06,0.81,5.29
2013-01-10,16.68,17.03,17.67,16.65,107259,183881684.0,6.06,1.25,0.21,6.22
2013-01-11,17.18,16.95,17.71,16.86,70241,121308950.0,4.99,-0.47,-0.08,4.07
2013-01-14,16.72,17.9,18.09,16.7,65675,116023045.0,8.2,5.6,0.95,3.81
2013-01-15,17.82,18.5,18.86,17.82,94698,174163011.0,5.81,3.35,0.6,5.49
2013-01-16,18.51,18.09,19.06,17.8,66118,121679811.0,6.81,-2.22,-0.41,3.83
2013-01-17,18.19,17.99,18.22,17.58,66184,118582139.0,3.54,-0.55,-0.1,3.84
2013-01-18,17.9,18.27,18.49,17.88,50524,91475894.0,3.39,1.56,0.28,2.93
2013-01-21,18.27,17.78,18.38,17.72,58301,105048404.0,3.61,-2.68,-0.49,3.38
2013-01-22,17.9,17.28,18.12,17.28,43276,77012477.0,4.72,-2.81,-0.5,2.51
2013-01-23,17.25,17.4,17.47,16.68,86855,147340827.0,4.57,0.69,0.12,5.03
2013-01-24,17.2,16.67,17.29,16.58,92414,155737342.0,4.08,-4.2,-0.73,5.36
2013-01-25,16.51,16.55,16.88,16.49,25428,42495695.0,2.34,-0.72,-0.12,1.47
2013-01-28,16.57,17.55,17.55,16.57,53244,91370603.0,5.92,6.04,1.0,3.09
2013-01-29,17.6,17.99,18.16,17.58,50163,90004965.0,3.3,2.51,0.44,2.91
2013-01-30,17.99,17.26,18.1,17.22,50488,88796269.0,4.89,-4.06,-0.73,2.93
2013-01-31,17.25,17.0,17.29,16.6,42059,71195983.0,4.0,-1.51,-0.26,2.44
2013-02-01,16.78,16.9,17.25,16.65,32637,55289522.0,3.53,-0.59,-0.1,1.89
2013-02-04,16.9,16.53,17.13,16.25,40474,67229938.0,5.21,-2.19,-0.37,2.35
2013-02-05,16.22,16.77,16.87,16.22,73892,122677965.0,3.93,1.45,0.24,4.28
2013-02-06,16.77,17.5,17.69,16.77,55166,96257677.0,5.49,4.35,0.73,3.2
2013-02-07,17.57,18.78,18.88,17.5,87323,159050053.0,7.89,7.31,1.28,5.06
2013-02-08,18.65,19.19,19.75,18.5,70639,136115984.0,6.66,2.18,0.41,4.09
2013-02-18,19.2,19.28,19.54,18.71,33315,64076448.0,4.33,0.47,0.09,1.93
2013-02-19,19.28,18.76,19.28,18.21,54784,102445261.0,5.55,-2.7,-0.52,3.18
2013-02-20,18.61,19.88,19.88,18.61,55386,107420162.0,6.77,5.97,1.12,3.21
2013-02-21,19.62,20.05,20.96,19.62,96952,198233501.0,6.74,0.86,0.17,5.62
2013-02-22,19.87,21.15,21.86,19.8,71686,150331231.0,10.27,5.49,1.1,4.16
2013-02-25,21.35,22.0,22.49,21.1,89379,195333631.0,6.57,4.02,0.85,5.18
2013-02-26,21.88,21.85,22.2,21.51,48380,105685826.0,3.14,-0.68,-0.15,2.8
2013-02-27,22.3,21.86,22.47,21.42,62704,136835362.0,4.81,0.05,0.01,3.63
2013-02-28,21.71,21.68,22.22,21.3,44640,96971528.0,4.21,-0.82,-0.18,2.59
2013-03-01,21.77,23.26,23.46,21.73,62849,142952135.0,7.98,7.29,1.58,3.64
2013-03-04,23.23,22.66,23.75,22.4,67118,156215275.0,5.8,-2.58,-0.6,3.89
2013-03-05,22.66,24.31,24.79,22.66,62097,149100618.0,9.4,7.28,1.65,3.6
2013-03-06,24.5,25.0,25.5,23.9,87134,217222570.0,6.58,2.84,0.69,5.05
2013-03-07,25.0,24.0,25.0,23.72,77300,186807655.0,5.12,-4.0,-1.0,4.48
2013-03-08,23.81,23.09,24.78,22.96,81622,193259299.0,7.58,-3.79,-0.91,4.73
2013-03-11,23.33,23.8,23.98,22.58,44585,105100928.0,6.06,3.07,0.71,2.58
2013-03-12,23.75,22.65,23.75,21.98,84441,190592960.0,7.44,-4.83,-1.15,4.9
2013-03-13,22.18,23.6,23.65,21.83,72012,164196868.0,8.04,4.19,0.95,4.17
2013-03-14,23.5,25.0,25.18,23.3,85964,211590545.0,7.97,5.93,1.4,4.98
2013-03-15,24.88,24.45,25.88,24.4,68833,172780238.0,5.92,-2.2,-0.55,3.99
2013-03-18,24.1,24.3,25.17,24.01,44588,109815397.0,4.74,-0.61,-0.15,2.58
2013-03-19,24.01,23.55,24.6,23.03,42400,99851277.0,6.46,-3.09,-0.75,2.46
2013-03-20,23.49,24.07,24.3,23.25,33906,80993310.0,4.46,2.21,0.52,1.97
2013-03-21,24.05,25.75,25.75,23.89,77418,194756999.0,7.73,6.98,1.68,4.49
2013-03-22,25.77,25.95,26.68,25.5,59179,154321207.0,4.58,0.78,0.2,3.43
2013-03-25,25.8,26.48,26.48,25.19,47064,121072745.0,4.97,2.04,0.53,2.73
2013-03-26,26.1,26.88,27.2,25.61,44770,117775388.0,6.0,1.51,0.4,2.6
2013-03-27,27.14,26.08,27.56,25.7,50829,134854605.0,6.92,-2.98,-0.8,2.95
2013-03-28,25.71,25.45,25.88,24.9,59085,150349495.0,3.76,-2.42,-0.63,3.43
2013-03-29,26.05,27.07,27.33,25.84,71219,188093595.0,5.85,6.37,1.62,4.13
2013-04-01,27.0,27.4,27.5,26.38,51538,138959969.0,4.14,1.22,0.33,2.99
2013-04-02,27.37,24.66,27.98,24.66,129128,332226032.0,12.12,-10.0,-2.74,7.49
2013-04-03,24.25,24.53,24.88,23.71,84226,204381945.0,4.74,-0.53,-0.13,4.88
2013-04-08,23.9,26.68,26.98,23.65,92433,240467209.0,13.58,8.76,2.15,5.36
2013-06-13,19.46,19.46,19.46,19.46,7668,14922686.0,0.0,-27.06,-7.22,0.3
2013-06-14,21.41,21.41,21.41,21.41,11115,23797193.0,0.0,10.02,1.95,0.43
2013-06-17,23.55,23.55,23.55,23.55,4560,10738988.0,0.0,10.0,2.14,0.18
2013-06-18,25.9,25.91,25.91,25.01,482702,1241434464.0,3.82,10.02,2.36,12.69
2013-06-19,25.6,25.61,26.66,25.42,197908,513027552.0,4.79,-1.16,-0.3,5.2
2013-06-20,25.25,24.89,26.0,24.5,184882,463837056.0,5.86,-2.81,-0.72,4.86
2013-06-21,24.59,23.71,24.7,23.38,191273,459218816.0,5.3,-4.74,-1.18,5.03
2013-06-24,23.5,23.04,24.25,22.86,164417,384382400.0,5.86,-2.83,-0.67,4.32
2013-06-25,22.92,22.81,24.05,21.41,222623,516698768.0,11.46,-1.0,-0.23,5.85
2013-06-26,23.0,24.3,24.7,22.56,201657,478975520.0,9.38,6.53,1.49,5.3
2013-06-27,24.42,21.87,24.51,21.87,262818,601340576.0,10.86,-10.0,-2.43,6.91
2013-06-28,22.5,21.09,22.5,20.17,276195,593785424.0,10.65,-3.57,-0.78,7.26
2013-07-01,20.63,22.92,23.18,20.63,219720,482530832.0,12.09,8.68,1.83,5.78
2013-07-02,23.0,23.65,24.35,22.69,227627,533979056.0,7.24,3.18,0.73,5.98
2013-07-03,23.4,24.68,25.3,23.23,188182,459900416.0,8.75,4.36,1.03,4.95
2013-07-04,24.35,23.51,24.65,23.4,130455,312396160.0,5.06,-4.74,-1.17,3.43
2013-07-05,23.35,21.99,23.51,21.98,173631,395774800.0,6.51,-6.47,-1.52,4.56
2013-07-08,21.0,21.1,23.99,20.55,152830,328481568.0,15.64,-4.05,-0.89,4.02
2013-07-09,21.0,21.41,21.65,20.27,117929,248052713.0,6.54,1.47,0.31,3.1
2013-07-10,21.18,21.31,21.8,20.9,126621,269884512.0,4.2,-0.47,-0.1,3.33
2013-07-11,21.32,21.68,22.28,20.58,155962,334362224.0,7.98,1.74,0.37,4.1
2013-07-12,21.68,22.02,22.85,21.44,141318,314454576.0,6.5,1.57,0.34,3.71
2013-07-15,22.0,22.69,22.78,21.82,119247,267029818.0,4.36,3.04,0.67,3.13
2013-07-16,22.61,22.5,23.21,22.16,143085,322816256.0,4.63,-0.84,-0.19,3.76
2013-07-17,22.4,20.62,22.46,20.27,272886,576804160.0,9.73,-8.36,-1.88,7.17
2013-07-18,20.36,20.49,21.18,20.01,139395,286845280.0,5.67,-0.63,-0.13,3.66
2013-07-19,20.22,19.62,20.78,19.6,134229,272171056.0,5.76,-4.25,-0.87,3.53
2013-07-22,19.33,20.62,20.63,19.18,139017,281486656.0,7.39,5.1,1.0,3.65
2013-07-23,20.95,21.18,21.88,20.81,166141,354982016.0,5.19,2.72,0.56,4.37
2013-07-24,20.81,20.79,21.3,20.31,161385,335243344.0,4.67,-1.84,-0.39,4.24
2013-07-25,20.6,18.82,20.88,18.8,221318,438194128.0,10.0,-9.48,-1.97,5.82
2013-07-26,18.86,19.42,19.67,18.61,168187,322947040.0,5.63,3.19,0.6,4.42
2013-07-29,19.38,19.41,20.06,18.85,118345,231220237.0,6.23,-0.05,-0.01,3.11
2013-07-30,19.42,19.76,19.98,18.61,104656,202887106.0,7.06,1.8,0.35,2.75
2013-07-31,19.7,19.53,19.87,19.28,76030,149286933.0,2.99,-1.16,-0.23,2.0
2013-08-01,19.5,20.4,20.5,19.31,172015,344602000.0,6.09,4.45,0.87,4.52
2013-08-02,20.48,20.07,20.64,19.7,181398,365981920.0,4.61,-1.62,-0.33,4.77
2013-08-05,20.07,20.51,20.77,19.92,137364,279761936.0,4.24,2.19,0.44,3.61
2013-08-06,20.52,21.38,21.51,20.41,164054,346400000.0,5.36,4.24,0.87,4.31
2013-08-07,21.45,20.77,21.45,20.48,144709,302140800.0,4.54,-2.85,-0.61,3.8
2013-08-08,20.62,20.73,21.15,20.42,85378,177526301.0,3.51,-0.19,-0.04,2.24
2013-08-09,20.73,19.79,20.93,19.33,133131,265811917.0,7.72,-4.53,-0.94,3.5
2013-08-12,19.7,19.18,19.88,18.96,110351,212844490.0,4.65,-3.08,-0.61,2.9
2013-08-13,19.11,19.41,19.52,18.66,176003,333714016.0,4.48,1.2,0.23,4.63
2013-08-14,19.31,18.82,19.32,18.7,166831,315457824.0,3.19,-3.04,-0.59,4.39
2013-08-15,18.89,18.81,19.21,18.76,97162,184383944.0,2.39,-0.05,-0.01,2.55
2013-08-16,18.59,18.09,19.05,18.08,115195,214162929.0,5.16,-3.83,-0.72,3.03
2013-08-19,18.08,18.82,18.86,18.0,81024,150070804.0,4.75,4.04,0.73,2.13
2013-08-20,18.87,19.14,19.33,18.73,104205,199065291.0,3.19,1.7,0.32,2.74
2013-08-21,19.03,19.05,19.26,18.72,61797,117543117.0,2.82,-0.47,-0.09,1.62
2013-08-22,19.05,19.8,20.08,19.05,145730,286114160.0,5.41,3.94,0.75,3.83
2013-08-23,20.05,20.2,20.25,19.35,151734,301068944.0,4.55,2.02,0.4,3.99
2013-08-26,20.35,20.19,20.55,20.02,121500,246862224.0,2.62,-0.05,-0.01,3.19
2013-08-27,20.23,20.21,20.47,20.03,77379,156662252.0,2.18,0.1,0.02,2.03
2013-08-28,19.85,19.53,20.05,19.46,84146,165902137.0,2.92,-3.36,-0.68,2.21
2013-08-29,19.5,19.1,19.7,18.9,52469,100976196.0,4.1,-2.2,-0.43,1.38
2013-08-30,19.2,18.3,19.29,18.12,67346,125286079.0,6.13,-4.19,-0.8,1.77
2013-09-02,18.17,18.59,18.66,18.06,70093,128745459.0,3.28,1.58,0.29,1.84
2013-09-03,18.6,18.63,18.7,18.45,60917,113130846.0,1.34,0.22,0.04,1.6
2013-09-04,18.68,20.49,20.49,18.62,185061,370212192.0,10.04,9.98,1.86,4.86
2013-09-05,20.6,20.7,20.89,20.14,196680,404924912.0,3.66,1.02,0.21,5.17
2013-09-06,20.69,22.2,22.77,20.5,325499,715997456.0,10.97,7.25,1.5,8.56
2013-09-09,22.0,22.23,22.92,21.29,193142,426958832.0,7.34,0.14,0.03,5.08
2013-09-10,22.01,21.57,22.18,21.16,117164,253360247.0,4.59,-2.97,-0.66,3.08
2013-09-11,20.12,19.41,20.88,19.41,226092,446861040.0,6.82,-10.01,-2.16,5.94
2013-09-12,19.4,19.56,20.14,19.11,102593,200994554.0,5.31,0.77,0.15,2.7
2013-09-13,19.37,19.54,19.79,19.23,76219,148217152.0,2.86,-0.1,-0.02,2.0
2013-09-16,19.8,19.66,20.29,19.6,93228,185289489.0,3.53,0.61,0.12,2.45
2013-09-17,19.58,18.78,19.58,18.7,104697,198456605.0,4.48,-4.48,-0.88,2.75
2013-09-18,18.71,19.21,19.3,18.65,58220,110362895.0,3.46,2.29,0.43,1.53
2013-09-23,19.3,19.78,20.04,18.93,71122,138838212.0,5.78,2.97,0.57,1.87
2013-09-24,19.85,20.11,20.4,19.52,91994,184346414.0,4.45,1.67,0.33,2.42
2013-09-25,19.9,19.45,20.09,19.43,68530,134931069.0,3.28,-3.28,-0.66,1.8
2013-09-26,19.38,18.96,19.38,18.81,57170,108859257.0,2.93,-2.52,-0.49,1.5
2013-09-27,18.9,18.55,18.93,18.32,85351,158526816.0,3.22,-2.16,-0.41,2.24
2013-09-30,18.6,19.32,19.47,18.3,77457,145845460.0,6.31,4.15,0.77,2.04
2013-10-08,19.01,19.12,19.21,18.65,87478,165297185.0,2.9,-1.04,-0.2,2.3
2013-10-09,19.14,19.46,19.66,18.91,83618,161508142.0,3.92,1.78,0.34,2.2
2013-10-10,19.49,18.73,19.54,18.66,76048,144375277.0,4.52,-3.75,-0.73,2.0
2013-10-11,18.73,19.0,19.14,18.7,70947,134327302.0,2.35,1.44,0.27,1.86
2013-10-14,18.93,18.35,19.0,18.15,148036,272480064.0,4.47,-3.42,-0.65,3.89
2013-10-15,18.49,18.6,18.94,18.28,103599,192679671.0,3.6,1.36,0.25,2.72
2013-10-16,18.61,17.48,18.65,17.33,139996,247724677.0,7.1,-6.02,-1.12,3.68
2013-10-17,17.6,17.62,18.11,17.46,73118,129967383.0,3.72,0.8,0.14,1.92
2013-10-18,17.61,16.78,17.62,16.74,125393,213757498.0,4.99,-4.77,-0.84,3.3
2013-10-21,16.86,16.95,17.09,16.19,147165,246621927.0,5.36,1.01,0.17,3.87
2013-10-22,16.96,17.2,17.54,16.79,102307,176500224.0,4.42,1.47,0.25,2.69
2013-10-23,17.16,16.88,17.35,16.61,58870,99812948.0,4.3,-1.86,-0.32,1.55
2013-10-24,16.8,17.19,17.36,16.63,60019,102376039.0,4.32,1.84,0.31,1.58
2013-10-25,17.4,17.05,17.54,16.82,62257,107058168.0,4.19,-0.81,-0.14,1.64
2013-10-28,17.0,16.72,17.2,16.61,35563,59754105.0,3.46,-1.94,-0.33,0.93
2013-10-29,16.72,15.7,16.8,15.13,83766,133540030.0,9.99,-6.1,-1.02,2.2
2013-10-30,15.78,16.2,16.4,15.7,50806,81742844.0,4.46,3.18,0.5,1.34
2013-10-31,16.08,16.1,16.19,15.71,46252,73769604.0,2.96,-0.62,-0.1,1.22
2013-11-01,15.9,16.73,16.81,15.85,83181,136430317.0,5.96,3.91,0.63,2.19
2013-11-04,16.62,16.73,17.1,16.46,61024,102786153.0,3.83,0.0,0.0,1.6
2013-11-05,16.67,16.9,16.99,16.52,47259,79191808.0,2.81,1.02,0.17,1.24
2013-11-06,16.83,16.24,16.95,16.23,53475,88951172.0,4.26,-3.91,-0.66,1.41
2013-11-07,16.05,15.67,16.25,15.51,73001,115274330.0,4.56,-3.51,-0.57,1.92
2013-11-08,15.7,15.71,15.83,15.45,36258,56645902.0,2.43,0.26,0.04,0.95
2013-11-11,15.75,16.37,16.66,15.6,45396,73432024.0,6.75,4.2,0.66,1.19
2013-11-12,16.37,16.43,16.62,16.1,40493,66445183.0,3.18,0.37,0.06,1.06
2013-11-13,16.52,16.28,16.78,16.11,50720,83896665.0,4.08,-0.91,-0.15,1.33
2013-11-14,16.27,16.66,16.74,15.9,47544,78014706.0,5.16,2.33,0.38,1.25
2013-11-15,16.7,16.74,17.07,16.66,77798,131604032.0,2.46,0.48,0.08,2.04
2013-11-18,16.78,16.95,16.97,16.72,58227,98296758.0,1.49,1.25,0.21,1.53
2013-11-19,17.0,16.74,17.24,16.62,88780,149969575.0,3.66,-1.24,-0.21,2.33
2013-11-20,16.7,16.55,16.87,16.2,86036,141755963.0,4.0,-1.14,-0.19,2.26
2013-11-28,17.0,17.12,17.87,16.92,177268,308089312.0,5.74,3.44,0.57,4.66
2013-11-29,17.01,17.69,17.85,16.89,156745,270268032.0,5.61,3.33,0.57,4.12
2013-12-02,16.99,15.92,16.99,15.92,141891,232367346.0,6.05,-10.01,-1.77,3.73
2013-12-03,15.48,15.6,15.77,15.01,108003,165871623.0,4.77,-2.01,-0.32,2.84
2013-12-04,15.56,15.42,15.91,15.4,99017,155161712.0,3.27,-1.15,-0.18,2.6
2013-12-05,15.51,15.41,15.64,15.26,51400,79365367.0,2.46,-0.06,-0.01,1.35
2013-12-06,15.3,15.31,15.46,15.18,48662,74367732.0,1.82,-0.65,-0.1,1.28
2013-12-09,15.36,15.5,15.57,15.34,47712,73795614.0,1.5,1.24,0.19,1.25
2013-12-10,15.53,14.7,15.58,14.68,106722,160456109.0,5.81,-5.16,-0.8,2.81
2013-12-11,14.72,14.85,14.94,14.64,80573,119303557.0,2.04,1.02,0.15,2.12
2013-12-12,14.8,15.1,15.23,14.75,67869,101889255.0,3.23,1.68,0.25,1.78
2013-12-13,15.0,15.21,15.4,14.88,61079,92778855.0,3.44,0.73,0.11,1.61
2013-12-16,15.18,14.88,15.35,14.85,58532,88286561.0,3.29,-2.17,-0.33,1.54
2013-12-17,14.85,14.56,14.97,14.41,49861,72917940.0,3.76,-2.15,-0.32,1.31
2013-12-18,14.53,14.51,14.78,14.44,42625,62234141.0,2.34,-0.34,-0.05,1.12
2013-12-19,14.61,14.6,14.85,14.52,40347,59186073.0,2.27,0.62,0.09,1.06
2013-12-20,14.63,14.28,14.74,14.22,36025,52199154.0,3.56,-2.19,-0.32,0.95
2013-12-23,14.28,13.75,14.37,13.58,87726,121592986.0,5.53,-3.71,-0.53,2.31
2013-12-24,13.83,13.9,14.09,13.72,52133,72441543.0,2.69,1.09,0.15,1.37
2013-12-25,13.91,14.47,14.47,13.81,78306,111591867.0,4.75,4.1,0.57,2.06
2013-12-26,14.49,14.14,14.66,14.11,77716,112143602.0,3.8,-2.28,-0.33,2.04
2013-12-27,14.19,15.55,15.55,14.1,186702,283319824.0,10.25,9.97,1.41,4.91
2013-12-30,15.78,15.46,15.78,15.34,145610,226241153.0,2.83,-0.58,-0.09,3.83
2013-12-31,15.3,14.97,15.38,14.91,112368,169560471.0,3.04,-3.17,-0.49,2.95
2014-01-02,14.99,15.73,15.95,14.93,155555,241853062.0,6.81,5.08,0.76,4.09
2014-01-03,15.67,15.85,16.28,15.56,166205,265401447.0,4.58,0.76,0.12,4.37
2014-01-06,15.92,15.21,16.1,15.03,134658,210314669.0,6.75,-4.04,-0.64,3.54
2014-01-07,15.08,15.75,15.84,15.06,144306,224541580.0,5.13,3.55,0.54,3.79
2014-01-08,15.86,16.37,16.47,15.75,228755,368450608.0,4.57,3.94,0.62,6.01
2014-01-09,16.17,15.65,16.5,15.55,168146,270649504.0,5.8,-4.4,-0.72,4.42
2014-01-10,15.45,15.24,15.95,15.2,101416,157581691.0,4.79,-2.62,-0.41,2.67
2014-01-13,15.3,15.4,15.58,15.2,92037,141746135.0,2.49,1.05,0.16,2.42
2014-01-14,15.43,16.02,16.06,15.29,126560,199187306.0,5.0,4.03,0.62,3.33
2014-01-15,16.05,16.5,16.67,15.98,216595,353262064.0,4.31,3.0,0.48,5.69
2014-01-16,16.5,16.08,16.56,15.91,184882,299588304.0,3.94,-2.55,-0.42,4.86
2014-01-17,16.1,16.56,16.78,16.02,198771,327782864.0,4.73,2.99,0.48,5.22
2014-01-20,16.56,16.34,16.8,16.05,121982,200289610.0,4.53,-1.33,-0.22,3.21
2014-01-21,16.45,16.65,16.66,16.24,120179,198389613.0,2.57,1.9,0.31,3.16
2014-01-22,16.72,16.54,16.77,16.02,223328,366002256.0,4.5,-0.66,-0.11,5.87
2014-01-23,16.45,16.79,17.03,16.35,214689,359676128.0,4.11,1.51,0.25,5.64
2014-01-24,16.9,17.6,17.78,16.62,298846,519252160.0,6.91,4.82,0.81,7.86
2014-01-27,17.4,17.36,17.87,17.26,208507,367003968.0,3.47,-1.36,-0.24,5.48
2014-01-28,17.4,16.96,17.52,16.5,160181,271516112.0,5.88,-2.3,-0.4,4.21
2014-01-29,16.24,15.84,16.24,15.26,260982,410450576.0,5.78,-6.6,-1.12,6.86
2014-01-30,15.83,16.1,16.6,15.83,162061,263376743.0,4.86,1.64,0.26,4.26
2014-02-07,15.92,16.8,16.85,15.87,146023,240032421.0,6.09,4.35,0.7,3.84
2014-02-10,17.13,17.32,17.56,16.9,204916,354685024.0,3.93,3.1,0.52,5.39
2014-02-11,17.3,17.89,18.22,17.23,277074,492563952.0,5.72,3.29,0.57,7.28
2014-02-12,18.01,19.68,19.68,17.55,384542,725869312.0,11.91,10.01,1.79,10.11
2014-02-13,19.21,19.5,21.0,19.2,580437,1163346368.0,9.15,-0.91,-0.18,15.26
2014-02-14,19.29,20.0,20.17,18.76,289240,563363664.0,7.23,2.56,0.5,7.6
2014-02-17,19.98,20.82,20.85,19.6,334649,681474224.0,6.25,4.1,0.82,8.8
2014-02-18,21.33,20.54,21.48,20.2,351240,730848928.0,6.15,-1.34,-0.28,9.23
2014-02-19,20.48,19.97,20.7,19.6,225581,451331984.0,5.36,-2.78,-0.57,5.93
2014-02-20,19.97,20.48,21.1,19.4,328247,669420256.0,8.51,2.55,0.51,8.63
2014-02-21,20.17,20.18,20.99,19.71,257221,525158016.0,6.25,-1.46,-0.3,6.76
2014-02-24,20.19,20.23,20.29,19.41,179567,356627072.0,4.36,0.25,0.05,4.72
2014-02-25,20.16,18.95,20.99,18.3,357976,710951568.0,13.3,-6.33,-1.28,9.41
2014-02-26,18.5,19.0,19.2,17.8,180165,335424896.0,7.39,0.26,0.05,4.74
2014-02-27,19.21,19.77,20.9,19.21,354940,710839920.0,8.89,4.05,0.77,9.33
2014-02-28,19.5,20.5,20.69,19.03,235029,474827520.0,8.4,3.69,0.73,6.18
2014-03-03,21.0,20.45,21.4,20.0,292652,606725936.0,6.83,-0.24,-0.05,7.69
2014-03-04,20.38,22.14,22.38,20.05,377373,806503488.0,11.39,8.26,1.69,9.92
2014-03-05,22.0,22.25,23.08,21.71,371504,831633776.0,6.19,0.5,0.11,9.77
2014-03-06,22.15,22.46,22.74,21.5,230232,509050304.0,5.57,0.94,0.21,6.05
2014-03-07,22.5,21.28,22.5,21.2,194900,426054016.0,5.79,-5.25,-1.18,5.12
2014-03-10,21.0,19.93,21.46,19.88,197637,407608448.0,7.42,-6.34,-1.35,5.2
2014-03-11,19.88,20.48,21.02,19.6,211097,428937408.0,7.12,2.76,0.55,5.55
2014-03-12,20.41,19.59,20.89,18.58,275527,544683344.0,11.28,-4.35,-0.89,7.24
2014-07-01,18.0,18.59,18.79,17.8,387398,704639824.0,5.05,-5.1,-1.0,10.18
2014-07-02,18.38,18.27,18.77,18.03,264942,487286144.0,3.98,-1.72,-0.32,6.96
2014-07-03,18.21,18.68,18.73,18.11,232669,429889344.0,3.39,2.24,0.41,6.12
2014-07-04,18.63,18.38,18.95,18.26,187211,347466976.0,3.69,-1.61,-0.3,4.92
2014-07-07,18.31,16.85,18.33,16.8,370755,639456416.0,8.32,-8.32,-1.53,8.5
2014-07-08,16.8,17.07,17.12,16.51,190199,319380608.0,3.62,1.31,0.22,4.36
2014-07-09,17.0,17.07,17.32,16.89,159635,272964672.0,2.52,0.0,0.0,3.66
2014-07-10,16.91,16.15,17.13,15.9,184194,304903184.0,7.21,-5.39,-0.92,4.22
2014-07-11,16.15,16.3,16.59,15.86,158131,256751376.0,4.52,0.93,0.15,3.63
2014-07-14,16.33,16.75,16.86,16.0,145997,240183931.0,5.28,2.76,0.45,3.35
2014-07-15,16.56,16.3,16.83,16.23,134991,222088431.0,3.58,-2.69,-0.45,3.1
2014-07-16,16.3,16.48,16.84,16.3,118084,194955179.0,3.31,1.1,0.18,2.71
2014-07-17,16.67,16.35,16.78,16.1,99813,164149362.0,4.13,-0.79,-0.13,2.29
2014-07-18,16.2,16.0,16.41,15.95,102740,165885415.0,2.81,-2.14,-0.35,2.36
2014-07-21,15.9,15.55,15.91,15.01,178599,275226752.0,5.63,-2.81,-0.45,4.1
2014-07-22,15.48,16.03,16.29,15.0,186402,291888656.0,8.3,3.09,0.48,4.27
2014-07-23,15.86,15.73,16.37,15.5,128576,203649287.0,5.43,-1.87,-0.3,2.95
2014-07-24,15.87,15.6,15.99,15.33,92826,145068414.0,4.2,-0.83,-0.13,2.13
2014-07-25,15.6,15.68,15.94,15.48,71940,112989709.0,2.95,0.51,0.08,1.65
2014-07-28,15.77,16.12,16.2,15.6,117318,187373654.0,3.83,2.81,0.44,2.69
2014-07-29,16.14,16.4,16.54,16.06,142537,233362053.0,2.98,1.74,0.28,3.27
2014-07-30,16.38,16.53,16.65,16.2,109491,179489999.0,2.74,0.79,0.13,2.51
2014-07-31,16.59,16.39,16.59,16.25,88949,145939293.0,2.06,-0.85,-0.14,2.04
2014-08-01,16.36,16.42,16.63,16.15,142621,233786097.0,2.93,0.18,0.03,3.27
2014-08-04,16.47,16.45,16.66,16.28,122358,200609531.0,2.31,0.18,0.03,2.81
2014-08-05,16.41,16.7,16.72,16.34,163728,271504384.0,2.31,1.52,0.25,3.75
2014-08-06,16.66,16.69,16.96,16.52,141728,236446160.0,2.63,-0.06,-0.01,3.25
2014-08-07,16.61,16.51,16.82,16.4,121678,202262583.0,2.52,-1.08,-0.18,2.79
2014-08-08,16.43,16.67,16.72,16.43,125711,208777451.0,1.76,0.97,0.16,2.88
2014-08-11,16.69,17.01,17.05,16.53,223401,376889968.0,3.12,2.04,0.34,5.12
2014-08-12,16.97,17.06,17.2,16.89,148356,252893733.0,1.82,0.29,0.05,3.4
2014-08-13,17.07,16.92,17.09,16.7,142325,239822384.0,2.29,-0.82,-0.14,3.26
2014-08-14,16.9,17.12,17.27,16.8,179481,306853776.0,2.78,1.18,0.2,4.12
2014-08-15,17.2,17.74,17.89,17.07,294731,516193424.0,4.79,3.62,0.62,6.76
2014-08-18,17.75,18.49,18.59,17.55,313696,568167632.0,5.86,4.23,0.75,7.19
2014-08-19,18.34,18.29,18.52,18.0,211497,385569088.0,2.81,-1.08,-0.2,4.85
2014-08-20,18.27,18.23,18.46,18.05,130187,237528711.0,2.24,-0.33,-0.06,2.99
2014-08-21,18.12,18.4,18.64,18.08,156468,287096912.0,3.07,0.93,0.17,3.59
2014-08-22,18.41,18.28,18.52,18.22,138752,254616864.0,1.63,-0.65,-0.12,3.18
2014-08-25,18.25,17.69,18.41,17.43,189471,336935760.0,5.36,-3.23,-0.59,4.35
2014-08-26,17.92,17.53,18.0,17.3,124272,219310035.0,3.96,-0.9,-0.16,2.85
2014-08-27,17.48,17.73,17.94,17.35,97710,172649634.0,3.37,1.14,0.2,2.24
2014-08-28,17.8,17.6,17.88,17.52,90616,160326809.0,2.03,-0.73,-0.13,2.08
2014-08-29,17.63,17.9,18.18,17.62,101109,180492930.0,3.18,1.7,0.3,2.32
2014-09-01,18.1,18.5,18.5,17.92,156911,286542560.0,3.24,3.35,0.6,3.6
2014-09-02,18.57,18.57,18.85,18.38,214474,398990032.0,2.54,0.38,0.07,4.92
2014-09-03,18.6,18.53,18.75,18.34,160964,298461152.0,2.21,-0.22,-0.04,3.69
2014-09-04,18.56,19.17,19.17,18.46,275929,521144304.0,3.83,3.45,0.64,6.33
2014-09-05,19.16,18.91,19.16,18.73,170871,322621424.0,2.24,-1.36,-0.26,3.92
2014-09-09,19.02,18.85,19.05,18.68,135962,256488236.0,1.96,-0.32,-0.06,3.12
2014-09-10,18.72,18.91,18.97,18.53,138154,259527814.0,2.33,0.32,0.06,3.17
2014-09-11,18.83,18.87,19.2,18.56,157943,297789536.0,3.38,-0.21,-0.04,3.62
2014-09-12,18.97,19.19,19.3,18.81,208148,397841008.0,2.6,1.7,0.32,4.77
2014-09-15,19.13,18.99,19.19,18.86,129371,245473163.0,1.72,-1.04,-0.2,2.97
2014-09-16,19.0,17.74,19.09,17.7,210386,386591776.0,7.32,-6.58,-1.25,4.82
2014-09-17,17.83,17.55,17.95,17.25,133359,233207740.0,3.95,-1.07,-0.19,3.06
2014-09-18,17.5,17.58,17.68,17.35,71451,125407734.0,1.88,0.17,0.03,1.64
2014-09-19,17.63,17.75,17.83,17.58,69160,122376914.0,1.42,0.97,0.17,1.59
2014-09-22,17.71,17.38,17.71,17.35,76307,133015115.0,2.03,-2.08,-0.37,1.75
2014-09-23,17.32,17.55,17.62,17.32,55097,96268791.0,1.73,0.98,0.17,1.26
2014-09-24,17.57,17.67,17.76,17.35,109380,192410011.0,2.34,0.68,0.12,2.51
2014-09-25,17.71,17.77,18.17,17.68,124680,223843956.0,2.77,0.57,0.1,2.86
2014-09-26,17.78,17.7,17.96,17.67,76326,135870855.0,1.63,-0.39,-0.07,1.75
2014-09-29,17.71,17.75,17.9,17.68,104095,184928411.0,1.24,0.28,0.05,2.39
2014-09-30,17.75,18.19,18.2,17.7,140521,252996458.0,2.82,2.48,0.44,3.22
2014-10-08,18.17,18.46,18.47,18.0,107536,197330522.0,2.58,1.48,0.27,2.47
2014-10-09,18.58,18.83,18.95,18.25,185163,345381232.0,3.79,2.0,0.37,4.25
2014-10-10,18.83,18.55,18.83,18.41,101214,188336839.0,2.23,-1.49,-0.28,2.32
2014-10-13,18.45,18.44,18.57,18.22,86058,158459181.0,1.89,-0.59,-0.11,1.97
2014-10-14,18.47,17.94,18.52,17.94,99264,181065272.0,3.15,-2.71,-0.5,2.28
2014-10-15,17.9,17.81,17.9,17.52,83803,148465413.0,2.12,-0.72,-0.13,1.92
2014-10-16,17.77,17.85,18.15,17.6,78322,140746273.0,3.09,0.22,0.04,1.8
2014-10-17,17.85,17.53,17.93,17.3,60819,107098549.0,3.53,-1.79,-0.32,1.39
2014-10-20,17.68,17.79,17.99,17.41,45547,80651240.0,3.31,1.48,0.26,1.04
2014-10-21,17.79,18.15,18.24,17.7,108906,195636206.0,3.04,2.02,0.36,2.5
2014-10-22,18.08,17.75,18.15,17.7,58288,104539728.0,2.48,-2.2,-0.4,1.34
2014-10-23,17.71,16.76,17.71,16.6,105673,179862712.0,6.25,-5.58,-0.99,2.42
2014-10-24,16.73,16.8,17.07,16.69,38010,64150119.0,2.27,0.24,0.04,0.87
2014-10-27,16.6,16.7,16.88,16.51,48975,81804603.0,2.2,-0.6,-0.1,1.12
2014-10-28,16.8,17.25,17.34,16.76,55125,94481953.0,3.47,3.29,0.55,1.26
2014-10-29,17.37,17.53,17.73,17.24,118327,207510085.0,2.84,1.62,0.28,2.71
2014-10-30,17.52,17.54,17.87,17.35,81317,143257675.0,2.97,0.06,0.01,1.86
2014-10-31,17.54,17.38,17.63,17.02,73885,127381039.0,3.48,-0.91,-0.16,1.69
2014-11-03,17.31,17.41,17.53,17.27,52673,91573749.0,1.5,0.17,0.03,1.21
2014-11-04,17.38,17.33,17.48,17.12,52443,90735876.0,2.07,-0.46,-0.08,1.2
2014-11-05,17.2,17.33,17.56,17.2,46055,80272457.0,2.08,0.0,0.0,1.06
2014-11-06,17.3,17.4,17.45,17.25,47016,81462547.0,1.15,0.4,0.07,1.08
2014-11-07,17.47,17.02,17.5,17.01,67759,117170470.0,2.82,-2.18,-0.38,1.55
2014-11-10,16.9,17.41,17.41,16.8,67158,115299673.0,3.58,2.29,0.39,1.54
2014-11-11,17.41,16.98,17.41,16.4,85388,144090867.0,5.8,-2.47,-0.43,1.96
2014-11-12,16.89,17.82,17.85,16.7,155448,273225200.0,6.77,4.95,0.84,3.56
2014-11-13,17.83,18.1,18.28,17.71,128512,231714558.0,3.2,1.57,0.28,2.95
2014-11-14,18.08,18.1,18.16,17.85,80179,144269262.0,1.71,0.0,0.0,1.84
2014-11-17,18.17,17.98,18.44,17.98,107655,195578051.0,2.54,-0.66,-0.12,2.47
2014-11-18,17.92,17.8,18.13,17.72,59184,105948317.0,2.28,-1.0,-0.18,1.36
2014-11-19,17.8,18.49,18.5,17.66,161286,293562448.0,4.72,3.88,0.69,3.7
2014-11-20,18.41,18.57,19.25,18.31,339550,640199600.0,5.08,0.43,0.08,7.79
2014-11-21,18.91,18.95,19.29,18.58,309479,587105168.0,3.82,2.05,0.38,7.1
2014-11-24,19.19,18.6,19.31,18.5,286588,535899040.0,4.27,-1.85,-0.35,6.57
2014-11-25,18.65,18.62,18.95,18.4,177522,331708048.0,2.96,0.11,0.02,4.07
2014-11-26,18.85,18.81,18.92,18.58,138424,259764330.0,1.83,1.02,0.19,3.17
2014-11-27,18.79,18.5,18.88,18.14,206119,381484256.0,3.93,-1.65,-0.31,4.73
2014-11-28,18.46,18.55,18.95,18.32,179224,334041328.0,3.41,0.27,0.05,4.11
2014-12-01,18.74,18.02,18.8,17.95,177184,323492944.0,4.58,-2.86,-0.53,4.06
2014-12-02,18.07,18.13,18.25,17.96,133648,241769265.0,1.61,0.61,0.11,3.06
2014-12-03,18.08,18.62,18.64,17.68,221491,403664752.0,5.3,2.7,0.49,5.08
2014-12-04,18.6,18.63,18.93,18.47,183958,342612480.0,2.47,0.05,0.01,4.22
2014-12-05,18.65,17.52,18.65,17.0,231370,414088736.0,8.86,-5.96,-1.11,5.31
2014-12-08,17.44,17.16,17.88,17.01,206326,357060128.0,4.97,-2.05,-0.36,4.73
2014-12-09,17.5,16.79,17.57,16.75,178428,306909920.0,4.78,-2.16,-0.37,4.09
2014-12-10,16.84,17.59,17.8,16.84,130663,227705528.0,5.72,4.76,0.8,3.0
2014-12-11,17.66,18.25,18.4,17.51,200133,360906960.0,5.06,3.75,0.66,4.59
2014-12-12,18.26,18.2,18.42,17.9,102762,186191852.0,2.85,-0.27,-0.05,2.36
2014-12-15,18.22,18.61,18.75,18.15,148106,274882656.0,3.3,2.25,0.41,3.4
2014-12-16,18.73,18.34,18.88,18.25,130613,241034660.0,3.39,-1.45,-0.27,3.0
2014-12-17,18.2,17.95,18.25,17.8,97287,175176562.0,2.45,-2.13,-0.39,2.23
2014-12-18,17.96,18.08,18.6,17.95,96505,176150276.0,3.62,0.72,0.13,2.21
2014-12-19,18.08,17.48,18.18,17.39,92253,162523010.0,4.37,-3.32,-0.6,2.12
2014-12-22,17.48,16.49,17.48,16.46,105410,177538562.0,5.84,-5.66,-0.99,2.42
2014-12-23,16.07,15.9,16.78,15.74,108900,176383309.0,6.31,-3.58,-0.59,2.5
2014-12-24,16.15,16.2,16.29,15.95,78080,125710964.0,2.14,1.89,0.3,1.79
2014-12-25,16.26,16.18,16.37,16.01,71567,115677619.0,2.22,-0.12,-0.02,1.64
2014-12-26,16.18,15.97,16.29,15.8,97641,156182276.0,3.03,-1.3,-0.21,2.24
2014-12-29,16.01,15.17,16.08,15.11,145447,223131432.0,6.07,-5.01,-0.8,3.34
2014-12-30,15.21,14.98,15.36,14.72,95121,142754750.0,4.22,-1.25,-0.19,2.18
2014-12-31,14.93,15.47,15.56,14.92,87288,133168072.0,4.27,3.27,0.49,2.0
2015-01-05,15.43,15.23,15.44,14.97,103697,157203128.0,3.04,-1.55,-0.24,2.38
2015-01-06,15.24,15.96,16.07,15.01,151722,236311968.0,6.96,4.79,0.73,3.48
2015-01-07,15.97,15.7,15.98,15.5,84813,133153775.0,3.01,-1.63,-0.26,1.95
2015-01-08,15.67,15.7,15.92,15.6,82362,129824277.0,2.04,0.0,0.0,1.89
2015-01-09,15.71,15.86,16.45,15.68,132026,212490870.0,4.9,1.02,0.16,3.03
2015-01-12,15.88,15.81,16.07,15.0,95873,150541575.0,6.75,-0.32,-0.05,2.2
2015-01-13,15.78,16.43,16.53,15.72,141789,230383130.0,5.12,3.92,0.62,3.25
2015-01-14,16.28,16.15,16.6,16.11,57246,93475741.0,2.98,-1.7,-0.28,1.31
2015-01-15,16.26,16.14,16.38,15.95,71565,115486246.0,2.66,-0.06,-0.01,1.64
2015-01-16,16.1,16.22,16.37,16.06,63484,102942261.0,1.92,0.5,0.08,1.46
2015-01-19,16.07,15.85,16.57,15.7,107955,175130927.0,5.36,-2.28,-0.37,2.48
2015-01-20,15.88,16.36,16.45,15.88,106317,172446427.0,3.6,3.22,0.51,2.44
2015-01-21,16.4,16.58,16.75,16.26,134406,222302981.0,3.0,1.34,0.22,3.08
2015-01-22,16.66,16.77,16.92,16.45,132586,221908198.0,2.83,1.15,0.19,3.04
2015-01-23,16.92,16.42,16.92,16.38,102233,169356916.0,3.22,-2.09,-0.35,2.34
2015-01-26,16.42,16.68,16.75,16.41,77535,128973372.0,2.07,1.58,0.26,1.78
2015-01-27,16.7,16.74,16.87,16.38,93682,155402981.0,2.94,0.36,0.06,2.15
2015-01-28,16.68,16.55,16.73,16.47,75118,124644544.0,1.55,-1.14,-0.19,1.72
2015-01-29,16.48,16.39,16.58,16.28,53423,87704774.0,1.81,-0.97,-0.16,1.23
2015-01-30,16.09,15.85,16.29,15.83,101627,162423979.0,2.81,-3.29,-0.54,2.11
2015-02-02,15.71,15.71,16.09,15.61,56109,88840472.0,3.03,-0.88,-0.14,1.16
2015-02-03,15.78,15.84,15.95,15.73,66693,105762967.0,1.4,0.83,0.13,1.38
2015-02-04,15.88,16.42,16.6,15.85,167788,274070160.0,4.73,3.66,0.58,3.44
2015-02-05,16.48,16.55,16.79,16.21,170507,282608192.0,3.53,0.79,0.13,3.5
2015-02-06,16.63,15.95,16.68,15.88,82212,133513346.0,4.83,-3.63,-0.6,1.69
2015-02-09,15.9,15.96,16.15,15.9,40939,65621961.0,1.57,0.06,0.01,0.84
2015-02-10,15.98,16.38,16.4,15.93,63370,102593714.0,2.94,2.63,0.42,1.3
2015-02-11,16.4,16.31,16.56,16.29,60723,99489494.0,1.65,-0.43,-0.07,1.25
2015-02-12,16.3,16.37,16.57,16.3,76172,124956919.0,1.66,0.37,0.06,1.56
2015-02-13,16.47,16.5,16.65,16.33,103961,171880632.0,1.95,0.79,0.13,2.13
2015-02-16,16.55,17.07,17.25,16.55,180629,305888992.0,4.24,3.45,0.57,3.7
2015-02-17,17.1,17.2,17.25,16.9,146256,249832008.0,2.05,0.76,0.13,3.0
2015-02-25,17.38,17.21,17.63,17.0,127645,221688068.0,3.66,0.06,0.01,2.62
2015-02-26,17.18,17.3,17.56,17.11,94929,164358471.0,2.61,0.52,0.09,1.95
2015-02-27,17.36,17.58,17.64,17.35,107641,188362494.0,1.68,1.62,0.28,2.21
2015-03-02,17.49,17.47,17.76,17.36,165014,289032400.0,2.28,-0.63,-0.11,3.38
2015-03-03,17.48,17.26,17.63,17.21,149132,259309980.0,2.4,-1.2,-0.21,3.06
2015-03-04,17.23,18.21,18.25,17.22,247513,438587040.0,5.97,5.5,0.95,5.07
2015-03-05,18.27,18.36,18.8,18.0,247148,455719136.0,4.39,0.82,0.15,5.07
2015-03-06,18.42,17.78,18.5,17.55,124581,223333562.0,5.17,-3.16,-0.58,2.55
2015-03-09,17.84,18.02,18.2,17.79,114734,206515962.0,2.31,1.35,0.24,2.35
2015-03-10,18.07,18.74,19.2,18.07,207274,389164000.0,6.27,4.0,0.72,4.25
2015-03-11,18.72,19.3,19.59,18.35,277818,529126416.0,6.62,2.99,0.56,5.7
2015-03-12,19.35,18.8,20.05,18.72,258623,500868864.0,6.89,-2.59,-0.5,5.3
2015-03-13,19.19,19.09,19.58,18.91,207500,397278416.0,3.56,1.54,0.29,4.25
2015-03-16,19.08,19.78,19.97,19.08,265236,521282400.0,4.66,3.61,0.69,5.44
2015-04-02,21.76,21.76,21.76,21.76,8543,18589916.0,0.0,10.01,1.98,0.18
2015-04-03,23.94,23.94,23.94,22.58,688359,1622057312.0,6.25,10.02,2.18,14.11
2015-04-07,24.2,24.18,25.18,23.8,515178,1251925072.0,5.76,1.0,0.24,10.56
2015-04-08,25.0,23.18,25.01,22.72,415226,977765136.0,9.47,-4.14,-1.0,8.51
2015-04-09,23.23,22.69,23.33,21.21,326067,727584416.0,9.15,-2.11,-0.49,6.69
2015-04-10,22.6,24.03,24.25,22.41,395031,927084432.0,8.11,5.91,1.34,8.1
2015-04-13,23.88,23.93,24.55,23.5,265880,634947808.0,4.37,-0.42,-0.1,5.45
2015-04-14,23.93,23.39,24.08,23.0,244695,572772944.0,4.51,-2.26,-0.54,5.02
2015-04-15,23.36,22.06,23.86,22.0,299233,688433888.0,7.95,-5.69,-1.33,6.14
2015-04-16,22.1,21.81,22.64,21.53,262114,581235776.0,5.03,-1.13,-0.25,5.37
2015-04-17,22.04,21.85,22.25,21.57,269344,589913056.0,3.12,0.18,0.04,5.52
2015-04-20,21.87,22.01,22.97,21.87,293653,657860656.0,5.03,0.73,0.16,6.02
2015-04-21,22.05,23.12,23.18,22.05,208920,475169504.0,5.13,5.04,1.11,4.28
2015-04-22,23.52,23.95,24.29,23.12,327385,772283792.0,5.06,3.59,0.83,6.71
2015-04-23,24.0,23.75,24.49,23.7,358819,864448592.0,3.3,-0.84,-0.2,7.36
2015-04-30,25.98,23.67,25.98,23.67,482686,1193997968.0,9.73,-0.34,-0.08,9.9
2015-05-04,23.5,24.11,24.76,23.41,270307,654115808.0,5.7,1.86,0.44,5.54
2015-05-05,24.01,22.8,24.3,22.75,213725,500149536.0,6.43,-5.43,-1.31,4.38
2015-05-06,23.09,23.61,24.53,22.95,293955,699982656.0,6.93,3.55,0.81,6.03
2015-05-07,23.62,24.46,25.39,23.5,299231,728856640.0,8.01,3.6,0.85,6.14
2015-05-08,24.5,26.91,26.91,24.49,400275,1044388496.0,9.89,10.02,2.45,8.21
2015-05-11,27.94,28.52,29.25,27.0,432907,1226510992.0,8.36,5.98,1.61,8.88
2015-05-12,28.2,28.83,29.18,27.63,352367,1004323904.0,5.43,1.09,0.31,7.22
2015-05-13,27.56,28.62,29.15,27.55,296224,839238704.0,5.55,-0.73,-0.21,6.07
2015-05-14,28.88,29.09,29.78,28.85,267076,782649200.0,3.25,1.64,0.47,5.48
2015-05-15,28.4,32.0,32.0,28.03,311582,944277584.0,13.65,10.0,2.91,6.39
2015-06-10,31.9,35.2,35.2,30.01,411743,1393017552.0,16.22,10.0,3.2,8.44
2015-06-11,37.0,38.72,38.72,36.6,108391,411827184.0,6.02,10.0,3.52,2.22
2015-06-12,41.5,38.5,41.5,36.8,471611,1829818624.0,12.14,-0.57,-0.22,9.67
2015-06-15,37.93,36.92,39.33,36.51,313480,1184481872.0,7.32,-4.1,-1.58,6.43
2015-06-16,36.13,34.81,36.88,34.55,230089,820153856.0,6.31,-5.72,-2.11,4.72
2015-06-17,35.19,35.03,35.49,32.5,265204,903978368.0,8.59,0.63,0.22,5.44
2015-06-18,36.8,35.78,38.0,35.5,346199,1269382720.0,7.14,2.14,0.75,7.1
2015-06-19,34.3,32.24,35.3,32.2,191412,645934720.0,8.66,-9.89,-3.54,3.92
2015-06-23,32.55,32.12,33.39,29.71,227407,721267472.0,11.41,-0.37,-0.12,4.66
2015-06-24,32.58,32.7,33.51,31.47,237532,773321712.0,6.35,1.81,0.58,4.87
2015-06-25,32.98,33.31,35.49,31.98,262191,884874848.0,10.73,1.87,0.61,5.38
2015-06-26,32.0,29.98,33.0,29.98,235629,726362704.0,9.07,-10.0,-3.33,4.83
2015-06-29,29.98,26.98,30.07,26.98,256378,702626864.0,10.31,-10.01,-3.0,5.26
2015-06-30,24.85,27.5,29.24,24.28,383152,1002171104.0,18.38,1.93,0.52,7.86
2015-07-01,27.99,25.38,30.01,25.0,401264,1132114640.0,18.22,-7.71,-2.12,8.23
2015-07-02,26.2,23.0,27.0,22.84,436942,1075838448.0,16.39,-9.38,-2.38,8.96
2015-07-23,25.19,25.19,25.19,25.19,46091,116103052.0,0.0,9.52,2.19,0.95
2015-07-24,27.71,27.71,27.71,27.0,365467,1011273424.0,2.82,10.0,2.52,7.5
2015-07-27,27.2,24.94,28.39,24.94,595033,1601747040.0,12.45,-10.0,-2.77,12.2
2015-07-28,23.0,22.45,24.78,22.45,518516,1179724704.0,9.34,-9.98,-2.49,10.63
2015-07-29,22.8,22.5,23.58,20.21,494800,1067554784.0,15.01,0.22,0.05,10.15
2015-07-30,22.12,20.26,22.55,20.26,362940,790928688.0,10.18,-9.96,-2.24,7.44
2015-07-31,19.86,22.29,22.29,19.45,401374,858259504.0,14.02,10.02,2.03,8.23
2015-08-03,21.99,21.0,22.5,20.15,382742,812364160.0,10.54,-5.79,-1.29,7.85
2015-08-04,21.45,23.07,23.09,20.99,365276,812343712.0,10.0,9.86,2.07,7.49
2015-08-05,22.81,22.21,23.2,22.0,312921,707275968.0,5.2,-3.73,-0.86,6.42
2015-08-06,21.61,21.48,22.22,21.21,203457,443218976.0,4.55,-3.29,-0.73,4.17
2015-08-07,22.0,22.67,22.85,21.9,280492,629914528.0,4.42,5.54,1.19,5.75
2015-08-10,22.99,24.3,24.66,22.81,321930,767004752.0,8.16,7.19,1.63,6.6
2015-08-11,24.2,24.7,25.5,23.91,338756,835177824.0,6.54,1.65,0.4,6.95
2015-08-12,24.45,24.24,25.16,24.1,254796,628783680.0,4.29,-1.86,-0.46,5.23
2015-08-13,24.0,24.59,24.68,23.45,212305,513205792.0,5.07,1.44,0.35,4.35
2015-08-14,24.78,24.78,25.78,24.5,247226,619611056.0,5.21,0.77,0.19,5.07
2015-08-17,24.5,24.41,24.89,23.72,198164,478436496.0,4.72,-1.49,-0.37,4.06
2015-08-18,24.79,21.97,24.93,21.97,268540,632886208.0,12.13,-10.0,-2.44,5.51
2015-08-19,20.8,24.17,24.17,19.85,472627,1078177376.0,19.66,10.01,2.2,9.69
2015-08-20,24.9,24.0,25.98,23.8,713750,1786175728.0,9.02,-0.7,-0.17,14.64
2015-08-21,22.94,21.6,23.44,21.6,358940,802797760.0,7.67,-10.0,-2.4,7.36
2015-08-24,20.07,19.44,20.88,19.44,209710,412323408.0,6.67,-10.0,-2.16,4.3
2015-08-25,17.5,17.5,17.93,17.5,297525,521360064.0,2.21,-9.98,-1.94,6.1
2015-08-26,17.4,15.75,18.05,15.75,394325,656174160.0,13.14,-10.0,-1.75,8.09
2015-08-27,16.28,16.22,16.8,14.75,285368,451820032.0,13.02,2.98,0.47,5.85
2015-08-28,16.78,17.62,17.75,16.2,321839,540951376.0,9.56,8.63,1.4,6.6
2015-08-31,17.6,15.86,17.6,15.86,241490,403348960.0,9.88,-9.99,-1.76,4.95
2015-09-01,15.52,14.27,15.64,14.27,267771,395323984.0,8.64,-10.03,-1.59,5.49
2015-09-02,13.5,14.39,15.12,13.4,275166,391925552.0,12.05,0.84,0.12,5.64
2015-09-07,15.0,14.94,15.6,14.71,241883,366336400.0,6.18,3.82,0.55,4.96
2015-09-08,14.81,16.15,16.29,14.72,239611,367027632.0,10.51,8.1,1.21,4.91
2015-09-09,16.13,16.8,17.2,16.0,349291,581781600.0,7.43,4.02,0.65,7.16
2015-09-10,16.32,16.19,16.82,16.11,199692,329324608.0,4.23,-3.63,-0.61,4.1
2015-09-11,16.33,16.9,17.0,16.31,225557,377287728.0,4.26,4.39,0.71,4.63
2015-09-14,17.06,15.21,17.2,15.21,274426,441624816.0,11.78,-10.0,-1.69,5.63
2015-09-15,14.6,14.0,15.28,13.89,205754,299618976.0,9.14,-7.96,-1.21,4.22
2015-09-16,14.36,15.4,15.4,14.25,216832,320690928.0,8.21,10.0,1.4,4.45
2015-09-17,15.48,16.0,16.94,15.38,377520,618398672.0,10.13,3.9,0.6,7.74
2015-09-18,16.25,16.48,16.64,15.5,280569,452687008.0,7.13,3.0,0.48,5.76
2015-09-21,8.05,8.73,9.0,7.98,550075,470895264.0,6.19,-47.03,-7.75,5.64
2015-09-22,8.64,8.62,8.92,8.38,535741,464952800.0,6.19,-1.26,-0.11,5.49
2015-09-23,8.42,8.55,8.76,8.32,422552,360605664.0,5.1,-0.81,-0.07,4.33
2015-09-24,8.69,8.66,8.89,8.52,422351,367361904.0,4.33,1.29,0.11,4.33
2015-09-25,8.58,8.1,8.6,8.0,427090,353778512.0,6.93,-6.47,-0.56,4.38
2015-09-28,8.1,8.57,8.73,7.95,395394,329720960.0,9.63,5.8,0.47,4.06
2015-09-29,8.32,8.22,8.45,8.09,330880,273578656.0,4.2,-4.08,-0.35,3.39
2015-09-30,8.28,8.29,8.43,8.16,200938,166527075.0,3.28,0.85,0.07,2.06
2015-10-08,8.65,8.74,8.88,8.51,446236,389313664.0,4.46,5.43,0.45,4.58
2015-10-09,8.76,9.05,9.18,8.7,498053,445360832.0,5.49,3.55,0.31,5.11
2015-10-12,9.19,9.67,9.85,9.12,576560,546669456.0,8.07,6.85,0.62,5.91
2015-10-13,9.66,9.75,9.82,9.49,415843,401319072.0,3.41,0.83,0.08,4.27
2015-10-14,9.68,9.35,9.75,9.34,457204,434673872.0,4.21,-4.1,-0.4,4.69
2015-10-15,9.25,10.29,10.29,9.25,712231,702952480.0,11.12,10.05,0.94,7.3
2015-10-16,10.49,10.32,10.54,9.97,689544,707916944.0,5.54,0.29,0.03,7.07
2015-10-19,10.22,10.31,10.4,9.91,546299,554842384.0,4.75,-0.1,-0.01,5.6
2015-10-20,10.29,10.63,10.86,10.16,611593,642505744.0,6.79,3.1,0.32,6.27
2015-10-21,10.58,9.57,10.59,9.57,629446,632668720.0,9.6,-9.97,-1.06,6.46
2015-10-22,9.62,10.1,10.16,9.52,513226,506526928.0,6.69,5.54,0.53,5.26
2015-10-23,10.22,10.59,10.75,10.09,617610,641978224.0,6.53,4.85,0.49,6.33
2015-10-26,10.82,10.53,10.88,10.41,548068,581835264.0,4.44,-0.57,-0.06,5.62
2015-10-27,10.4,10.58,10.69,9.82,529737,541718544.0,8.26,0.47,0.05,5.43
2015-10-28,10.41,10.06,10.67,10.02,412906,426050944.0,6.14,-4.91,-0.52,4.23
2015-10-29,10.21,10.16,10.36,10.0,325895,331618704.0,3.58,0.99,0.1,3.34
2015-10-30,10.07,10.08,10.38,9.85,339385,344633616.0,5.22,-0.79,-0.08,3.48
2015-11-02,9.83,9.84,10.3,9.78,339144,339774656.0,5.16,-2.38,-0.24,3.48
2015-11-03,9.9,9.77,9.96,9.6,295692,288878960.0,3.66,-0.71,-0.07,3.03
2015-11-04,9.84,10.75,10.75,9.82,900130,946869040.0,9.52,10.03,0.98,9.23
2015-11-05,10.98,11.35,11.58,10.76,1200833,1346240688.0,7.63,5.58,0.6,12.32
2015-11-06,11.36,11.84,12.2,11.18,838099,982834448.0,8.99,4.32,0.49,8.6
2015-11-09,11.58,11.9,12.3,11.3,683703,806740624.0,8.45,0.51,0.06,7.01
2015-11-10,11.75,11.7,12.05,11.5,564233,664803696.0,4.62,-1.68,-0.2,5.79
2015-11-11,11.76,12.0,12.07,11.6,559181,664554384.0,4.02,2.56,0.3,5.74
2015-11-12,12.15,12.44,12.71,12.0,724993,898957552.0,5.92,3.67,0.44,7.44
2015-11-13,12.3,11.9,12.55,11.82,558313,678751040.0,5.87,-4.34,-0.54,5.73
2015-11-16,11.5,12.13,12.2,11.4,463006,546970448.0,6.72,1.93,0.23,4.75
2015-11-17,12.3,11.75,12.43,11.7,520964,628276768.0,6.02,-3.13,-0.38,5.34
2015-11-18,11.8,11.66,12.12,11.66,318194,377964768.0,3.91,-0.77,-0.09,3.26
2015-11-19,11.7,12.63,12.79,11.7,657796,806216848.0,9.35,8.32,0.97,6.75
2015-11-20,12.61,13.3,13.61,12.5,834515,1097260240.0,8.79,5.3,0.67,8.56
2015-11-23,13.3,12.84,13.47,12.74,538505,702626768.0,5.49,-3.46,-0.46,5.52
2015-11-24,12.72,13.3,13.3,12.65,444500,575348992.0,5.06,3.58,0.46,4.56
2015-11-25,13.24,14.2,14.39,13.1,678053,946550304.0,9.7,6.77,0.9,6.95
2015-11-26,14.24,13.85,14.35,13.8,480089,672653584.0,3.87,-2.46,-0.35,4.92
2015-11-27,13.76,13.36,14.5,13.0,657122,909821040.0,10.83,-3.54,-0.49,6.74
2015-11-30,13.36,14.43,14.66,12.6,757336,1040270928.0,15.42,8.01,1.07,7.77
2015-12-01,14.44,14.24,14.61,13.8,599937,858356880.0,5.61,-1.32,-0.19,6.15
2015-12-02,14.1,13.54,14.35,12.89,515019,695443216.0,10.25,-4.92,-0.7,5.28
2015-12-03,13.51,13.83,13.87,13.12,452611,615767296.0,5.54,2.14,0.29,4.64
2015-12-04,13.7,13.33,13.85,13.12,412480,555179664.0,5.28,-3.62,-0.5,4.23
2015-12-07,13.36,13.46,13.56,13.02,365514,485261904.0,4.05,0.98,0.13,3.75
2015-12-08,13.4,13.02,13.4,13.0,302472,398547584.0,2.97,-3.27,-0.44,3.1
2015-12-09,12.88,12.59,13.06,12.56,370757,472252128.0,3.84,-3.3,-0.43,3.8
2015-12-10,13.09,13.21,13.85,13.09,554819,747279984.0,6.04,4.92,0.62,5.69
2015-12-11,13.27,14.03,14.5,13.0,670421,939408496.0,11.36,6.21,0.82,6.88
2016-02-29,12.63,12.63,12.63,12.63,4032,5092416.0,0.0,-9.98,-1.4,0.04
2016-03-01,11.37,11.37,11.37,11.37,9503,10804911.0,0.0,-9.98,-1.26,0.1
2016-03-02,10.23,10.76,10.99,10.23,1457926,1525534896.0,6.68,-5.36,-0.61,14.96
2016-03-03,10.3,10.7,11.14,10.23,1162956,1230154944.0,8.46,-0.56,-0.06,11.93
2016-03-04,10.57,9.76,10.66,9.66,798361,809146992.0,9.35,-8.79,-0.94,8.19
2016-03-07,9.89,9.85,10.15,9.72,392954,390302224.0,4.41,0.92,0.09,4.03
2016-03-08,9.83,9.72,9.83,9.01,465778,438844192.0,8.32,-1.32,-0.13,4.78
2016-03-09,9.4,9.9,10.3,9.31,582437,579424528.0,10.19,1.85,0.18,5.98
2016-03-10,9.99,9.84,10.19,9.81,333155,333203664.0,3.84,-0.61,-0.06,3.42
2016-03-11,9.6,9.53,9.84,9.25,340247,323457728.0,6.0,-3.15,-0.31,3.49
2016-03-14,9.66,10.01,10.17,9.66,411081,409738608.0,5.35,5.04,0.48,4.22
2016-03-15,9.9,9.93,10.28,9.86,340008,342315024.0,4.2,-0.8,-0.08,3.49
2016-03-16,10.09,9.7,10.22,9.59,358639,355729840.0,6.34,-2.32,-0.23,3.68
2016-03-17,9.8,10.14,10.25,9.69,487162,487793072.0,5.77,4.54,0.44,5.0
2016-03-18,10.35,11.15,11.15,10.34,662432,719629552.0,7.99,9.96,1.01,6.8
2016-03-21,11.7,11.54,11.76,11.21,919747,1058487360.0,4.93,3.5,0.39,9.44
2016-03-22,11.36,11.7,11.97,11.21,587809,682767264.0,6.59,1.39,0.16,6.03
2016-03-23,11.6,11.6,11.89,11.33,463011,534800112.0,4.79,-0.85,-0.1,4.75
2016-03-24,11.5,11.7,12.16,11.26,661855,778050832.0,7.76,0.86,0.1,6.79
2016-03-25,11.6,11.64,11.87,11.4,409745,477074864.0,4.02,-0.51,-0.06,4.2
2016-03-28,11.73,11.24,11.9,11.1,446466,517132272.0,6.87,-3.44,-0.4,4.58
2016-03-29,11.2,10.7,11.34,10.5,471139,509198416.0,7.47,-4.8,-0.54,4.83
2016-03-30,10.8,11.21,11.21,10.7,370775,405491408.0,4.77,4.77,0.51,3.8
2016-03-31,11.3,11.0,11.37,10.97,328072,365713312.0,3.57,-1.87,-0.21,3.37
2016-04-01,10.9,11.01,11.12,10.74,254945,278844576.0,3.45,0.09,0.01,2.62
2016-04-05,11.75,12.11,12.11,11.6,377618,453763232.0,4.63,9.99,1.1,3.87
2016-04-06,13.32,12.56,13.32,12.46,1488119,1918266016.0,7.1,3.72,0.45,15.27
2016-04-07,12.56,13.82,13.82,12.26,1271395,1658560576.0,12.42,10.03,1.26,13.05
2016-04-08,13.41,13.06,13.88,12.68,1275465,1706705424.0,8.68,-5.5,-0.76,13.09
2016-04-11,13.2,13.28,13.72,12.78,1577634,2084746768.0,7.2,1.68,0.22,14.33
2016-04-12,13.03,12.8,13.44,12.4,931864,1203286448.0,7.83,-3.61,-0.48,8.46
2016-04-13,12.84,12.78,13.14,12.71,854659,1106374320.0,3.36,-0.16,-0.02,7.76
2016-04-14,12.79,13.0,13.08,12.6,598644,770602560.0,3.76,1.72,0.22,5.44
2016-04-15,13.01,13.14,13.2,12.77,656620,854333776.0,3.31,1.08,0.14,5.96
2016-04-18,12.98,12.9,13.14,12.59,607100,781044480.0,4.19,-1.83,-0.24,5.51
2016-04-19,13.04,13.16,13.59,12.93,980780,1297446848.0,5.12,2.02,0.26,8.91
2016-04-20,13.32,12.35,13.4,11.9,1059617,1334818672.0,11.4,-6.16,-0.81,9.62
2016-04-21,12.28,11.8,12.36,11.64,561738,678132496.0,5.83,-4.45,-0.55,5.1
2016-04-22,11.6,11.78,11.87,11.48,367786,430116288.0,3.31,-0.17,-0.02,3.34
2016-04-25,11.69,11.46,11.69,11.29,396336,455340512.0,3.4,-2.72,-0.32,3.6
2016-04-26,11.52,11.78,11.79,11.5,358054,417830560.0,2.53,2.79,0.32,3.25
2016-04-27,11.7,11.88,12.16,11.68,456191,545799264.0,4.07,0.85,0.1,4.14
2016-04-28,11.9,11.9,12.13,11.38,445543,523314784.0,6.31,0.17,0.02,4.05
2016-04-29,11.92,11.83,12.25,11.8,465133,559555504.0,3.78,-0.59,-0.07,4.22
2016-05-03,11.7,12.35,12.45,11.51,596870,720690432.0,7.95,4.4,0.52,5.42
2016-05-04,12.29,12.6,12.91,12.19,782421,982707952.0,5.83,2.02,0.25,7.11
2016-05-05,12.51,12.62,12.75,12.34,501655,629606608.0,3.25,0.16,0.02,4.56
2016-05-06,12.68,11.82,12.72,11.82,577638,709011648.0,7.13,-6.34,-0.8,5.25
2016-05-09,11.77,11.25,11.77,11.08,391438,444980432.0,5.84,-4.82,-0.57,3.55
2016-05-10,11.19,11.11,11.36,11.0,248072,276521728.0,3.2,-1.24,-0.14,2.25
2016-05-11,11.26,11.07,11.34,11.0,261446,291664576.0,3.06,-0.36,-0.04,2.37
2016-05-12,10.83,11.07,11.17,10.5,340364,369242416.0,6.05,0.0,0.0,3.09
2016-05-13,11.08,11.42,11.66,11.02,487887,554847248.0,5.78,3.16,0.35,4.43
2016-05-16,11.2,11.63,11.68,11.05,412250,471755232.0,5.52,1.84,0.21,3.74
2016-05-17,11.59,11.75,12.08,11.51,561799,666129312.0,4.9,1.03,0.12,5.1
2016-05-18,11.55,10.75,11.55,10.58,561603,619872880.0,8.26,-8.51,-1.0,5.1
2016-05-19,10.8,11.17,11.45,10.75,453326,505756256.0,6.51,3.91,0.42,4.12
2016-05-20,10.99,12.29,12.29,10.96,579223,690330656.0,11.91,10.03,1.12,5.26
2016-05-23,13.0,13.27,13.52,12.8,2126806,2814689936.0,5.86,7.97,0.98,19.31
2016-05-24,13.11,13.07,13.42,12.91,1043790,1370961568.0,3.84,-1.51,-0.2,9.48
2016-05-25,13.16,12.77,13.45,12.7,1130452,1485595168.0,5.74,-2.3,-0.3,10.27
2016-05-26,12.71,13.18,13.25,12.15,1035286,1314387488.0,8.61,3.21,0.41,9.4
2016-05-27,13.01,13.24,13.79,12.94,1536323,2066350976.0,6.45,0.46,0.06,13.95
2016-05-30,12.99,13.42,13.98,12.81,1152272,1557818288.0,8.84,1.36,0.18,10.46
2016-05-31,13.48,14.14,14.3,13.31,1345605,1859365344.0,7.38,5.37,0.72,12.22
2016-06-01,14.0,14.06,14.59,13.94,1141266,1630939184.0,4.6,-0.57,-0.08,10.36
2016-06-02,13.95,15.09,15.2,13.92,1419177,2073376752.0,9.1,7.33,1.03,12.89
2016-06-03,15.03,14.69,15.1,14.57,1078916,1600077568.0,3.51,-2.65,-0.4,9.8
2016-06-06,14.83,14.88,15.15,14.62,900497,1338809680.0,3.61,1.29,0.19,8.18
2016-06-07,14.82,15.04,15.87,14.79,1297706,1992049920.0,7.26,1.08,0.16,11.78
2016-06-08,14.99,14.92,15.07,14.51,830908,1228694560.0,3.72,-0.8,-0.12,7.55
2016-06-13,14.62,13.96,15.18,13.95,886746,1300911488.0,8.24,-6.43,-0.96,8.07
2016-06-14,13.81,13.91,14.22,13.63,632325,878545120.0,4.23,-0.36,-0.05,5.75
2016-06-15,13.7,15.3,15.3,13.7,1256984,1867357552.0,11.5,9.99,1.39,11.43
2016-06-16,15.3,15.23,16.1,15.02,1535619,2400633168.0,7.06,-0.46,-0.07,13.97
2016-06-17,15.2,15.89,16.06,15.06,1108347,1721262560.0,6.57,4.33,0.66,10.08
2016-06-20,15.76,15.67,15.88,15.32,747131,1163614752.0,3.52,-1.38,-0.22,6.8
2016-06-21,15.94,15.31,16.5,15.13,1017424,1617050944.0,8.74,-2.3,-0.36,9.25
2016-06-22,15.22,15.74,15.74,15.02,588898,906585136.0,4.7,2.81,0.43,5.36
2016-06-23,15.59,15.15,15.68,15.08,668863,1021208080.0,3.81,-3.75,-0.59,6.08
2016-06-24,15.05,15.01,15.46,14.35,777026,1167241056.0,7.33,-0.92,-0.14,7.07
2016-06-27,14.93,15.4,15.55,14.93,666235,1014631792.0,4.13,2.6,0.39,6.06
2016-06-28,15.27,15.48,15.49,14.95,718930,1091314672.0,3.51,0.52,0.08,6.54
2016-06-29,15.71,15.25,15.8,15.21,492403,757245664.0,3.81,-1.49,-0.23,4.48
2016-06-30,15.2,14.87,15.34,14.8,490177,734384160.0,3.54,-2.49,-0.38,4.46
2016-07-01,14.78,14.67,14.96,14.66,350750,517976928.0,2.02,-1.34,-0.2,3.19
2016-07-04,14.55,15.09,15.3,14.55,487172,733192032.0,5.11,2.86,0.42,4.43
2016-07-05,15.2,14.99,15.2,14.82,379053,568194432.0,2.52,-0.66,-0.1,3.45
2016-07-06,15.0,14.95,15.17,14.82,380810,571665648.0,2.33,-0.27,-0.04,3.46
2016-07-07,14.95,15.42,15.5,14.8,792358,1206027056.0,4.68,3.14,0.47,7.21
2016-07-08,15.33,15.29,15.57,15.17,519828,799456672.0,2.59,-0.84,-0.13,4.73
2016-07-11,15.21,14.88,15.45,14.88,494356,748543840.0,3.73,-2.68,-0.41,4.5
2016-07-12,14.91,14.42,14.98,13.91,675919,974037200.0,7.19,-3.09,-0.46,6.15
2016-07-13,14.45,14.53,14.6,14.29,345491,500114240.0,2.15,0.76,0.11,3.14
2016-07-14,14.48,14.32,14.58,14.22,326529,469344672.0,2.48,-1.45,-0.21,2.97
2016-07-15,14.32,14.46,14.65,14.25,386981,560646896.0,2.79,0.98,0.14,3.52
2016-07-18,14.33,14.15,14.4,13.91,383212,540772400.0,3.39,-2.14,-0.31,3.49
2016-07-19,14.12,14.6,14.72,14.0,418575,603691280.0,5.09,3.18,0.45,3.81
2016-07-20,14.54,14.46,14.61,14.37,268849,388605776.0,1.64,-0.96,-0.14,2.45
2016-07-21,14.4,14.41,14.77,14.35,405476,590670192.0,2.9,-0.35,-0.05,3.69
2016-07-22,14.28,14.54,14.77,14.15,427431,618451392.0,4.3,0.9,0.13,3.89
2016-07-25,14.43,15.01,15.09,14.43,640097,953446784.0,4.54,3.23,0.47,5.82
2016-07-26,15.09,15.06,15.15,14.8,387651,581072912.0,2.33,0.33,0.05,3.53
2016-07-27,15.07,13.96,15.28,13.68,722880,1046213600.0,10.62,-7.3,-1.1,6.58
2016-07-28,13.86,13.75,14.08,13.35,404691,554417312.0,5.23,-1.5,-0.21,3.68
2016-07-29,13.85,13.47,13.96,13.42,246370,335908592.0,3.93,-2.04,-0.28,2.24
2016-08-01,13.4,12.98,13.4,12.88,278112,362259808.0,3.86,-3.64,-0.49,2.53
2016-08-02,13.03,13.17,13.22,13.03,170983,224273170.0,1.46,1.46,0.19,1.56
2016-08-03,13.15,13.02,13.25,13.0,182514,238936003.0,1.9,-1.14,-0.15,1.66
2016-08-04,13.01,13.27,13.38,13.0,231653,306547312.0,2.92,1.92,0.25,2.11
2016-08-05,13.2,13.04,13.33,13.0,170560,223977787.0,2.49,-1.73,-0.23,1.55
2016-08-08,13.01,13.2,13.29,12.74,204679,267455468.0,4.22,1.23,0.16,1.86
2016-08-09,13.22,13.74,13.84,13.18,377313,514937680.0,5.0,4.09,0.54,3.43
2016-08-10,13.74,13.68,13.93,13.62,255654,351995248.0,2.26,-0.44,-0.06,2.33
2016-08-11,13.64,13.9,14.18,13.62,361789,503141728.0,4.09,1.61,0.22,3.29
2016-08-12,13.81,13.9,14.07,13.65,231492,321066656.0,3.02,0.0,0.0,2.11
2016-08-15,14.17,14.35,14.5,13.99,429840,612447872.0,3.67,3.24,0.45,3.91
2016-08-16,14.35,14.82,15.08,14.31,596739,883522368.0,5.37,3.28,0.47,5.43
2016-08-17,14.84,14.77,15.04,14.63,298308,441907728.0,2.77,-0.34,-0.05,2.71
2016-08-18,14.8,14.83,15.09,14.71,324500,482378464.0,2.57,0.41,0.06,2.95
2016-08-19,14.87,14.85,15.0,14.73,225165,334890416.0,1.82,0.13,0.02,2.05
2016-08-22,14.92,14.69,15.36,14.63,458980,693730416.0,4.92,-1.08,-0.16,4.18
2016-08-23,14.72,14.81,14.92,14.47,336809,493944208.0,3.06,0.82,0.12,3.06
2016-08-24,14.83,15.7,16.2,14.73,863489,1333255696.0,9.93,6.01,0.89,7.85
2016-08-25,15.57,15.89,15.94,15.4,651820,1023342512.0,3.44,1.21,0.19,5.93
2016-08-26,15.9,15.39,15.94,15.39,502245,787346752.0,3.46,-3.15,-0.5,4.57
2016-08-29,15.39,15.27,15.84,15.14,474727,735987264.0,4.55,-0.78,-0.12,4.32
2016-08-30,15.18,15.51,15.54,15.16,361008,555528064.0,2.49,1.57,0.24,3.28
2016-08-31,15.46,15.5,15.94,15.38,392944,615680992.0,3.61,-0.06,-0.01,3.57
2016-09-01,15.55,16.0,16.58,15.44,670413,1079209808.0,7.35,3.23,0.5,6.1
2016-09-02,15.9,16.8,17.14,15.77,960502,1588885808.0,8.56,5.0,0.8,8.74
2016-09-05,16.74,16.97,17.08,16.46,692017,1159883856.0,3.69,1.01,0.17,6.29
2016-09-06,16.8,16.7,16.84,16.35,647470,1074412560.0,2.89,-1.59,-0.27,5.89
2016-09-07,16.61,16.18,16.83,16.1,576536,951668336.0,4.37,-3.11,-0.52,5.24
2016-09-08,16.22,16.38,16.65,16.18,377352,619498144.0,2.9,1.24,0.2,3.43
2016-09-09,16.52,15.8,16.52,15.8,522718,837880800.0,4.4,-3.54,-0.58,4.75
2017-08-09,14.5,14.44,15.36,14.31,1315498,1948889808.0,6.65,-8.61,-1.36,11.97
2017-08-10,14.88,15.88,15.88,14.7,1140398,1762147952.0,8.17,9.97,1.44,10.37
2017-08-11,15.95,16.2,16.77,15.72,963543,1571684880.0,6.61,2.02,0.32,8.76
2017-08-14,16.5,17.82,17.82,16.1,995832,1729499120.0,10.62,10.0,1.62,9.06
2017-08-15,18.46,18.72,19.1,18.21,1321168,2458434704.0,4.99,5.05,0.9,12.02
2017-08-16,18.5,19.0,19.44,18.35,1118560,2103754512.0,5.82,1.5,0.28,10.17
2017-08-17,18.81,18.85,19.39,18.63,988780,1874179648.0,4.0,-0.79,-0.15,8.99
2017-08-18,18.7,19.1,19.38,18.38,856369,1614210112.0,5.31,1.33,0.25,7.79
2017-08-21,18.99,19.0,19.25,18.55,698463,1322174560.0,3.66,-0.52,-0.1,6.35
2017-08-22,18.97,19.25,19.86,18.75,1036306,2004285504.0,5.84,1.32,0.25,9.43
2017-08-23,19.15,18.9,19.46,18.88,588928,1126343776.0,3.01,-1.82,-0.35,5.36
2017-08-24,18.85,18.99,19.28,18.62,574465,1087830624.0,3.49,0.48,0.09,5.23
2017-08-25,18.91,18.57,18.96,18.52,601224,1124057376.0,2.32,-2.21,-0.42,5.47
2017-08-28,18.56,19.71,20.43,18.56,1014681,1990673024.0,10.07,6.14,1.14,9.23
2017-08-29,19.7,20.02,20.2,19.46,742938,1473728992.0,3.75,1.57,0.31,6.76
2017-08-30,19.76,19.28,19.85,19.2,725056,1412997472.0,3.25,-3.7,-0.74,6.6
2017-08-31,19.4,19.45,19.78,19.3,460078,897157216.0,2.49,0.88,0.17,4.19
2017-09-01,19.6,19.58,19.75,19.21,566387,1105834976.0,2.78,0.67,0.13,5.15
2017-09-04,19.58,19.51,19.85,19.43,498676,979436400.0,2.15,-0.36,-0.07,4.54
2017-09-05,19.59,19.9,20.09,19.43,573517,1134688816.0,3.38,2.0,0.39,5.22
2017-09-06,19.7,19.61,20.27,19.5,679955,1347922912.0,3.87,-1.46,-0.29,6.19
2017-09-07,19.52,18.08,19.64,17.82,1321102,2479495024.0,9.28,-7.8,-1.53,12.02
2017-09-08,18.0,18.0,18.28,17.5,773474,1387363072.0,4.31,-0.44,-0.08,7.04
2017-09-11,17.98,18.84,18.97,17.98,643584,1191301040.0,5.5,4.67,0.84,5.85
2017-09-12,18.8,18.5,19.03,18.29,610885,1143521280.0,3.93,-1.8,-0.34,5.56
2017-09-13,18.6,18.15,18.68,17.95,395271,720639168.0,3.95,-1.89,-0.35,3.6
2017-09-14,18.19,18.4,18.46,17.99,313153,570961936.0,2.59,1.38,0.25,2.85
2017-09-15,18.23,17.99,18.47,17.91,337024,612747824.0,3.04,-2.23,-0.41,3.07
2017-09-18,18.0,18.31,18.45,17.88,246826,450983344.0,3.17,1.78,0.32,2.25
2017-09-19,18.39,17.3,18.44,17.24,547353,968625344.0,6.55,-5.52,-1.01,4.98
2017-09-20,17.23,17.31,17.38,17.02,431120,743115248.0,2.08,0.06,0.01,3.92
2017-09-21,17.36,17.78,17.97,17.22,529198,933032464.0,4.33,2.72,0.47,4.81
2017-09-22,17.9,17.39,17.9,17.33,407788,719769968.0,3.21,-2.19,-0.39,3.71
2017-09-25,17.23,17.37,17.74,17.14,290584,507446912.0,3.45,-0.12,-0.02,2.64
2017-09-26,17.28,17.78,17.97,17.24,381884,674057728.0,4.2,2.36,0.41,3.47
2017-09-27,17.86,17.73,18.15,17.56,355166,632669696.0,3.32,-0.28,-0.05,3.23
2017-09-28,8.88,9.02,9.14,8.65,1080048,969048048.0,2.76,-49.13,-8.71,4.91
2017-09-29,8.95,8.88,9.08,8.81,716147,640575840.0,2.99,-1.55,-0.14,3.26
2017-10-09,9.0,9.04,9.2,8.92,787044,713713936.0,3.15,1.8,0.16,3.58
2017-10-10,8.95,8.96,9.13,8.82,745415,666286000.0,3.43,-0.88,-0.08,3.39
2017-10-11,8.8,8.34,8.89,8.22,1233438,1048056336.0,7.48,-6.92,-0.62,5.63
2017-10-12,8.49,8.37,8.56,8.29,587636,495936912.0,3.24,0.36,0.03,2.68
2017-10-13,8.31,8.62,8.77,8.31,710181,608976592.0,5.5,2.99,0.25,3.24
2017-10-16,8.51,8.35,8.75,8.31,589449,501221056.0,5.1,-3.13,-0.27,2.69
2017-10-17,8.33,8.48,8.54,8.24,353717,297369856.0,3.59,1.56,0.13,1.57
2017-10-18,8.42,8.45,8.69,8.41,509400,436644352.0,3.3,-0.35,-0.03,2.26
2017-10-19,8.32,8.55,8.63,8.32,483754,413297872.0,3.67,1.18,0.1,2.14
2017-10-20,8.55,8.6,8.64,8.44,364566,311954448.0,2.34,0.58,0.05,1.62
2017-10-23,8.75,9.21,9.35,8.6,1312415,1180830976.0,8.72,7.09,0.61,5.82
2017-10-24,9.22,9.38,9.41,8.97,1405049,1294516672.0,4.78,1.85,0.17,6.23
2017-10-25,9.3,9.97,10.07,9.25,1975315,1910128272.0,8.74,6.29,0.59,8.75
2017-10-26,9.9,9.85,10.0,9.73,1446016,1423885792.0,2.71,-1.2,-0.12,6.41
2017-10-27,9.9,9.89,10.12,9.76,1189173,1179520656.0,3.65,0.41,0.04,5.27
2017-10-30,9.99,9.53,10.12,9.51,1312881,1281700592.0,6.17,-3.64,-0.36,5.82
2017-10-31,9.51,9.91,9.99,9.37,1286288,1240328560.0,6.51,3.99,0.38,5.7
2017-11-01,9.86,9.6,9.97,9.6,1042747,1020780080.0,3.73,-3.13,-0.31,4.62
2017-11-02,9.48,9.13,9.58,9.06,1266449,1172790432.0,5.42,-4.9,-0.47,5.61
2017-11-03,9.18,9.15,9.34,9.01,663059,609352320.0,3.61,0.22,0.02,2.94
2017-11-07,9.45,9.27,9.53,9.2,740228,689452272.0,3.61,1.31,0.12,3.28
2017-11-08,9.26,10.2,10.2,9.18,1714462,1695070128.0,11.0,10.03,0.93,7.6
2017-11-09,10.25,10.3,10.37,9.98,1842085,1872630320.0,3.82,0.98,0.1,8.16
2017-11-10,10.19,10.28,10.78,10.16,1976819,2067537056.0,6.02,-0.19,-0.02,8.76
2017-11-13,10.43,10.54,10.8,10.3,1524073,1608109536.0,4.86,2.53,0.26,6.75
2017-11-14,10.51,10.33,10.71,10.16,1421435,1484666288.0,5.22,-1.99,-0.21,6.3
2017-11-15,10.34,10.0,10.44,9.94,1294456,1306540560.0,4.84,-3.19,-0.33,5.74
2017-11-16,10.07,10.03,10.14,9.8,1039567,1035867712.0,3.4,0.3,0.03,4.61
2017-11-17,10.0,9.5,10.1,9.3,1192258,1166618032.0,7.98,-5.28,-0.53,5.28
2017-11-20,9.51,9.73,9.76,9.2,932090,886423168.0,5.89,2.42,0.23,4.13
2017-11-21,9.67,9.69,9.88,9.45,918700,887341600.0,4.42,-0.41,-0.04,4.07
2017-11-22,9.64,9.12,9.69,9.06,1287680,1207961936.0,6.5,-5.88,-0.57,5.71
2017-11-23,9.07,8.45,9.08,8.45,1309704,1141946720.0,6.91,-7.35,-0.67,5.8
2017-11-24,8.58,8.48,8.73,8.43,648728,556358752.0,3.55,0.36,0.03,2.87
2017-11-27,8.56,8.44,8.71,8.35,544600,463390352.0,4.25,-0.47,-0.04,2.41
2017-11-28,8.5,8.74,8.75,8.46,537961,462826736.0,3.44,3.55,0.3,2.38
2017-11-29,8.74,8.6,8.74,8.47,497353,427196560.0,3.09,-1.6,-0.14,2.2
2017-11-30,8.55,8.53,8.68,8.51,339412,291225008.0,1.98,-0.81,-0.07,1.5
2017-12-01,8.53,8.65,8.73,8.52,406474,351823280.0,2.46,1.41,0.12,1.8
2017-12-04,8.63,8.69,8.83,8.44,542763,468549776.0,4.51,0.46,0.04,2.41
2017-12-05,8.63,8.27,8.7,8.15,567892,478957696.0,6.33,-4.83,-0.42,2.52
2017-12-06,8.29,8.3,8.36,7.96,662254,540062768.0,4.84,0.36,0.03,2.93
2017-12-07,8.28,8.34,8.49,8.19,422833,352758592.0,3.61,0.48,0.04,1.87
2017-12-08,8.33,8.55,8.64,8.3,499583,426095904.0,4.08,2.52,0.21,2.21
2017-12-11,8.58,8.62,8.78,8.55,430552,373178960.0,2.69,0.82,0.07,1.91
2017-12-12,8.6,8.5,8.63,8.49,344504,294461712.0,1.62,-1.39,-0.12,1.53
2017-12-13,8.45,8.53,8.57,8.43,299308,254636779.0,1.65,0.35,0.03,1.33
2017-12-14,8.54,8.37,8.58,8.27,398145,334113728.0,3.63,-1.88,-0.16,1.76
2017-12-15,8.36,8.17,8.36,8.07,436900,358866304.0,3.46,-2.39,-0.2,1.94
2017-12-18,8.2,8.25,8.27,8.11,271604,222892709.0,1.96,0.98,0.08,1.2
2017-12-19,8.29,8.2,8.36,8.15,313939,258587512.0,2.55,-0.61,-0.05,1.39
2017-12-20,8.23,8.25,8.27,8.15,283338,232936824.0,1.46,0.61,0.05,1.26
2017-12-21,8.2,8.41,8.53,8.1,567038,472269696.0,5.21,1.94,0.16,2.51
2017-12-22,8.42,8.34,8.51,8.31,436242,367119088.0,2.38,-0.83,-0.07,1.93
2017-12-25,8.32,8.08,8.33,7.95,526902,427144096.0,4.56,-3.12,-0.26,2.33
2017-12-26,8.08,8.04,8.14,7.98,360620,289637744.0,1.98,-0.5,-0.04,1.6
2017-12-27,8.04,8.04,8.17,7.99,284393,229810239.0,2.24,0.0,0.0,1.26
2017-12-28,8.01,8.02,8.13,8.01,273193,220108429.0,1.49,-0.25,-0.02,1.21
2017-12-29,8.02,7.83,8.08,7.78,465931,369621408.0,3.74,-2.37,-0.19,2.06
2018-01-02,7.84,7.93,7.98,7.58,644336,502355264.0,5.11,1.28,0.1,2.85
2018-01-03,7.95,8.1,8.16,7.92,488778,394457088.0,3.03,2.14,0.17,2.16
2018-01-04,8.1,8.15,8.18,8.03,426958,346040864.0,1.85,0.62,0.05,1.89
2018-01-05,8.12,8.06,8.16,8.04,360636,291465584.0,1.47,-1.1,-0.09,1.59
2018-01-08,8.03,7.91,8.05,7.72,559886,440012560.0,4.09,-1.86,-0.15,2.47
2018-01-09,7.9,7.92,7.99,7.78,312144,246383200.0,2.65,0.13,0.01,1.38
2018-01-10,7.91,7.72,7.91,7.67,387020,301005584.0,3.03,-2.53,-0.2,1.71
2018-01-11,7.7,7.85,7.93,7.61,398790,310625408.0,4.15,1.68,0.13,1.76
2018-01-12,7.81,7.77,7.92,7.73,232401,181451064.0,2.42,-1.02,-0.08,1.03
2018-01-15,7.75,7.18,7.77,7.06,608387,455864224.0,9.14,-7.59,-0.59,2.69
2018-01-16,7.21,7.24,7.45,7.17,486547,355813088.0,3.9,0.84,0.06,2.15
2018-01-17,7.19,7.37,7.4,6.94,552089,396929184.0,6.35,1.8,0.13,2.44
2018-01-18,7.31,7.23,7.41,7.21,300963,219483592.0,2.71,-1.9,-0.14,1.33
2018-01-19,7.3,7.14,7.37,7.1,402252,290542928.0,3.73,-1.24,-0.09,1.78
2018-01-22,7.07,7.26,7.29,6.98,478244,342540608.0,4.34,1.68,0.12,2.11
2018-01-23,7.29,7.14,7.29,7.12,323521,232541033.0,2.34,-1.65,-0.12,1.43
2018-01-24,7.12,7.52,7.65,7.06,865685,640076096.0,8.26,5.32,0.38,3.83
2018-01-25,7.47,7.51,7.84,7.42,733312,560348784.0,5.59,-0.13,-0.01,3.24
2018-01-26,7.5,7.6,7.72,7.48,438843,334130544.0,3.2,1.2,0.09,1.94
2018-01-29,7.62,7.63,7.77,7.54,447236,341219696.0,3.03,0.39,0.03,1.98
2018-01-30,7.63,7.47,7.74,7.42,428966,324330752.0,4.19,-2.1,-0.16,1.9
2018-01-31,7.06,7.11,7.3,7.04,615558,438932400.0,3.48,-4.82,-0.36,2.72
2018-02-01,7.12,6.74,7.22,6.66,498567,349246224.0,7.88,-5.2,-0.37,2.2
2018-02-02,6.66,6.81,6.98,6.65,457587,312938816.0,4.9,1.04,0.07,2.02
2018-02-05,6.66,6.72,6.86,6.6,299205,202336491.0,3.82,-1.32,-0.09,1.32
2018-02-06,6.6,6.05,6.76,6.05,754933,477961536.0,10.57,-9.97,-0.67,3.34
2018-02-07,6.3,6.32,6.43,6.05,765145,480645856.0,6.28,4.46,0.27,3.38
2018-02-08,6.34,6.8,6.93,6.3,792922,530718608.0,9.97,7.59,0.48,3.5
2018-02-09,6.55,6.75,6.82,6.5,721148,482168592.0,4.71,-0.74,-0.05,3.19
2018-02-12,6.85,6.93,7.03,6.76,603304,416706304.0,4.0,2.67,0.18,2.67
2018-02-13,6.99,6.8,7.0,6.78,394455,270975248.0,3.17,-1.88,-0.13,1.74
2018-02-14,6.8,6.73,6.84,6.68,201585,135798068.0,2.35,-1.03,-0.07,0.89
2018-02-22,6.8,6.9,6.9,6.67,382090,261007978.0,3.42,2.53,0.17,1.69
2018-02-23,6.85,6.8,6.9,6.72,306957,208548396.0,2.61,-1.45,-0.1,1.36
2018-02-26,6.86,7.19,7.3,6.79,786360,556806368.0,7.5,5.74,0.39,3.48
2018-02-27,7.18,7.32,7.54,7.18,976661,721697264.0,5.01,1.81,0.13,4.32
2018-02-28,7.2,7.4,7.55,7.2,704778,521666320.0,4.78,1.09,0.08,3.11
2018-03-01,7.34,7.63,7.72,7.3,873973,656922736.0,5.68,3.11,0.23,3.86
2018-03-02,7.56,7.58,7.83,7.53,804897,617151088.0,3.93,-0.66,-0.05,3.56
2018-03-05,7.63,7.61,7.67,7.45,498319,376690736.0,2.9,0.4,0.03,2.2
2018-03-06,7.66,7.62,7.78,7.56,613314,470843552.0,2.89,0.13,0.01,2.71
2018-03-07,7.6,7.54,7.66,7.45,506758,382098896.0,2.76,-1.05,-0.08,2.24
2018-03-08,7.54,7.51,7.61,7.43,391653,293818176.0,2.39,-0.4,-0.03,1.73
2018-03-09,7.51,7.87,7.92,7.49,975568,755307264.0,5.73,4.79,0.36,4.31
2018-03-12,7.98,7.96,8.14,7.89,1011218,809727840.0,3.18,1.14,0.09,4.47
2018-03-13,7.91,7.86,8.03,7.84,569732,453017216.0,2.39,-1.26,-0.1,2.52
2018-03-14,7.82,7.73,7.93,7.72,520026,404764352.0,2.67,-1.65,-0.13,2.3
2018-03-15,7.68,7.74,7.75,7.51,753743,573884768.0,3.1,0.13,0.01,3.33
2018-03-16,7.72,7.48,7.74,7.48,524513,398647776.0,3.36,-3.36,-0.26,2.32
2018-03-19,7.45,7.47,7.64,7.37,501906,378024256.0,3.61,-0.13,-0.01,2.22
2018-03-20,7.4,7.47,7.54,7.34,474567,353211808.0,2.68,0.0,0.0,2.1
2018-03-21,7.51,7.33,7.65,7.32,513540,385212592.0,4.42,-1.87,-0.14,2.27
2018-03-22,7.33,7.3,7.41,7.22,407618,298635120.0,2.59,-0.41,-0.03,1.8
2018-03-23,6.95,6.57,7.06,6.57,1124596,759543904.0,6.71,-10.0,-0.73,4.97
2018-03-26,6.48,6.7,6.73,6.42,694210,458246448.0,4.72,1.98,0.13,3.07
2018-03-27,6.82,7.05,7.09,6.8,729386,505991840.0,4.33,5.22,0.35,3.22
2018-03-28,6.9,7.13,7.21,6.86,697362,493581472.0,4.96,1.13,0.08,3.08
2018-03-29,7.14,7.24,7.35,7.13,605926,439189264.0,3.09,1.54,0.11,2.68
2018-03-30,7.24,7.53,7.55,7.24,611180,452634672.0,4.28,4.01,0.29,2.7
2018-04-02,7.56,7.45,7.62,7.4,513997,384625136.0,2.92,-1.06,-0.08,2.27
2018-04-03,7.31,7.19,7.36,7.09,635309,457977040.0,3.62,-3.49,-0.26,2.81
2018-04-04,7.25,7.15,7.32,7.11,395826,286278400.0,2.92,-0.56,-0.04,1.75
2018-04-09,7.1,7.14,7.24,7.0,297039,211881648.0,3.36,-0.14,-0.01,1.31
2018-04-10,7.1,7.06,7.13,6.92,410706,287876624.0,2.94,-1.12,-0.08,1.82
2018-04-11,7.08,7.11,7.22,7.07,336089,240288186.0,2.12,0.71,0.05,1.49
2018-04-12,7.05,6.97,7.12,6.94,353895,248235220.0,2.53,-1.97,-0.14,1.56
2018-04-13,7.03,6.96,7.05,6.92,215127,150020513.0,1.87,-0.14,-0.01,0.95
2018-04-16,6.94,7.03,7.07,6.9,279834,195611080.0,2.44,1.01,0.07,1.24
2018-04-17,7.06,6.7,7.08,6.67,430806,295167328.0,5.83,-4.69,-0.33,1.9
2018-04-18,6.75,6.96,7.02,6.64,435579,297666144.0,5.67,3.88,0.26,1.93
2018-04-19,6.94,6.87,7.0,6.86,284946,197049997.0,2.01,-1.29,-0.09,1.26
2018-04-20,6.84,6.6,6.85,6.56,417230,278782304.0,4.22,-3.93,-0.27,1.84
2018-04-23,6.66,6.4,6.69,6.26,475590,306196112.0,6.52,-3.03,-0.2,2.1
2018-04-24,6.41,6.62,6.74,6.31,465847,303946736.0,6.72,3.44,0.22,2.06
2018-04-25,6.55,6.49,6.61,6.44,348004,226724201.0,2.57,-1.96,-0.13,1.54
2018-04-26,6.45,6.24,6.49,6.23,407630,257479291.0,4.01,-3.85,-0.25,1.8
2018-04-27,6.27,6.28,6.38,6.25,228396,144074085.0,2.08,0.64,0.04,1.01
2018-05-02,6.32,6.34,6.44,6.19,355399,225052068.0,3.98,0.96,0.06,1.57
2018-05-03,6.4,6.68,6.71,6.37,603258,395199168.0,5.36,5.36,0.34,2.67
2018-05-04,6.62,6.6,6.71,6.57,328907,217866725.0,2.1,-1.2,-0.08,1.45
2018-05-07,6.68,6.68,6.72,6.63,311883,208512761.0,1.36,1.21,0.08,1.38
2018-05-08,6.68,6.77,6.82,6.57,407322,273370112.0,3.74,1.35,0.09,1.8
2018-05-09,6.75,6.69,6.79,6.64,271129,181997557.0,2.22,-1.18,-0.08,1.2
2018-05-10,6.71,6.64,6.73,6.58,255425,169864824.0,2.24,-0.75,-0.05,1.13
2018-05-11,6.68,6.55,6.73,6.54,295142,195563251.0,2.86,-1.36,-0.09,1.3
2018-05-14,6.6,6.63,6.68,6.58,285142,189089305.0,1.53,1.22,0.08,1.26
2018-05-15,6.73,6.78,6.94,6.73,535157,364863040.0,3.17,2.26,0.15,2.37
2018-05-16,6.7,6.71,6.83,6.69,310920,210371505.0,2.06,-1.03,-0.07,1.37
2018-05-17,6.74,6.57,6.77,6.54,261617,173495224.0,3.43,-2.09,-0.14,1.16
2018-05-18,6.6,6.61,6.64,6.54,225432,148680285.0,1.52,0.61,0.04,1.0
2018-05-21,6.71,6.77,6.83,6.71,383875,260121924.0,1.82,2.42,0.16,1.7
2018-05-22,6.76,6.93,6.96,6.74,514948,353343120.0,3.25,2.36,0.16,2.28
2018-05-23,6.9,6.79,6.95,6.77,300928,205836804.0,2.6,-2.02,-0.14,1.33
2018-05-24,6.79,6.72,6.83,6.69,227163,153624632.0,2.06,-1.03,-0.07,1.0
2018-05-25,6.71,6.5,6.71,6.43,404074,264708296.0,4.17,-3.27,-0.22,1.79
2018-05-28,6.53,6.4,6.54,6.36,276793,178317108.0,2.77,-1.54,-0.1,1.22
2018-05-29,6.43,6.47,6.57,6.38,277929,180092724.0,2.97,1.09,0.07,1.23
2018-05-30,6.31,6.21,6.46,6.19,386303,244416964.0,4.17,-4.02,-0.26,1.71
2018-05-31,6.28,6.28,6.32,6.17,267821,167421395.0,2.42,1.13,0.07,1.18
2018-06-01,6.23,6.12,6.27,6.09,285538,175923485.0,2.87,-2.55,-0.16,1.26
2018-06-04,6.19,6.18,6.22,6.08,208095,128074111.0,2.29,0.98,0.06,0.92
2018-06-05,6.21,6.4,6.42,6.19,301763,190736866.0,3.72,3.56,0.22,1.33
2018-06-06,6.36,6.33,6.44,6.29,200523,127204866.0,2.34,-1.09,-0.07,0.89
2018-06-07,6.4,6.44,6.62,6.38,403898,262705421.0,3.79,1.74,0.11,1.79
2018-06-08,6.46,6.33,6.47,6.28,207559,131788135.0,2.95,-1.71,-0.11,0.92
2018-06-11,6.31,6.33,6.37,6.19,172497,108761590.0,2.84,0.0,0.0,0.76
2018-06-12,6.37,6.44,6.45,6.3,196609,125571761.0,2.37,1.74,0.11,0.87
2018-06-13,6.43,6.35,6.48,6.33,225971,144619227.0,2.33,-1.4,-0.09,1.0
2018-06-14,6.32,6.3,6.41,6.23,178560,113083079.0,2.83,-0.79,-0.05,0.79
2018-06-15,6.24,6.13,6.26,6.1,234814,144719085.0,2.54,-2.7,-0.17,1.04
2018-06-19,6.0,5.53,6.11,5.52,527551,303132368.0,9.62,-9.79,-0.6,2.33
2018-06-20,5.57,5.58,5.66,5.34,347138,192375905.0,5.79,0.9,0.05,1.53
2018-06-21,5.57,5.25,5.64,5.23,323245,175430582.0,7.35,-5.91,-0.33,1.43
2018-06-22,5.2,5.24,5.4,5.13,302732,160029298.0,5.14,-0.19,-0.01,1.34
2018-06-25,5.36,5.21,5.4,5.18,234030,124046042.0,4.2,-0.57,-0.03,1.03
2018-06-26,5.15,5.48,5.56,5.11,391226,210068116.0,8.64,5.18,0.27,1.73
2018-06-27,5.5,5.45,5.55,5.42,251389,137664643.0,2.37,-0.55,-0.03,1.11
2018-06-28,5.41,5.6,5.83,5.41,503420,284883424.0,7.71,2.75,0.15,2.22
2018-06-29,5.62,5.8,5.84,5.49,466948,266142606.0,6.25,3.57,0.2,2.06
2018-07-02,5.76,5.61,5.85,5.56,302495,172438923.0,5.0,-3.28,-0.19,1.34
2018-07-03,5.63,5.8,5.8,5.58,300077,171458991.0,3.92,3.39,0.19,1.33
2018-07-04,5.74,5.64,5.78,5.59,262713,148895052.0,3.28,-2.76,-0.16,1.16
2018-07-05,5.63,5.46,5.74,5.46,219970,123049861.0,4.96,-3.19,-0.18,0.97
2018-07-06,5.48,5.63,5.74,5.45,335933,188673279.0,5.31,3.11,0.17,1.49
2018-07-09,5.65,5.79,5.82,5.65,285315,164310399.0,3.02,2.84,0.16,1.26
2018-07-10,5.8,5.83,5.89,5.74,241915,140569269.0,2.59,0.69,0.04,1.07
2018-07-11,5.74,5.66,5.78,5.59,277523,157831360.0,3.26,-2.92,-0.17,1.23
2018-07-12,5.66,5.88,5.98,5.66,402926,236204863.0,5.65,3.89,0.22,1.78
2018-07-13,5.89,5.9,5.94,5.82,235110,138527187.0,2.04,0.34,0.02,1.04
2018-07-16,5.91,5.89,5.94,5.85,177826,104686274.0,1.53,-0.17,-0.01,0.79
2018-07-17,5.9,5.82,5.91,5.75,215375,125301749.0,2.72,-1.19,-0.07,0.95
2018-07-18,5.87,5.78,5.92,5.78,183634,107651591.0,2.41,-0.69,-0.04,0.81
2018-07-19,5.7,5.7,5.79,5.64,207849,118645962.0,2.6,-1.38,-0.08,0.92
2018-07-20,5.7,5.79,5.83,5.64,196369,112607564.0,3.33,1.58,0.09,0.87
2018-07-23,5.76,5.87,5.9,5.72,229876,134323623.0,3.11,1.38,0.08,1.02
2018-07-24,5.88,5.94,5.99,5.82,262947,155826773.0,2.9,1.19,0.07,1.16
2018-07-25,5.92,5.87,6.02,5.83,256436,151599607.0,3.2,-1.18,-0.07,1.13
2018-07-26,5.9,5.73,5.9,5.69,277042,159906772.0,3.58,-2.39,-0.14,1.22
2018-07-27,5.74,5.68,5.76,5.62,207695,117938778.0,2.44,-0.87,-0.05,0.92
2018-07-30,5.66,5.59,5.72,5.55,203768,114819514.0,2.99,-1.58,-0.09,0.9
2018-07-31,5.6,5.59,5.64,5.55,139087,77736096.0,1.61,0.0,0.0,0.61
2018-08-01,5.61,5.51,5.73,5.5,239504,134224450.0,4.11,-1.43,-0.08,1.06
2018-08-02,5.53,5.28,5.53,5.12,333061,176813182.0,7.44,-4.17,-0.23,1.47
2018-08-03,5.33,5.26,5.37,5.25,177607,94393555.0,2.27,-0.38,-0.02,0.79
2018-08-06,5.3,5.28,5.4,5.2,222473,118260932.0,3.8,0.38,0.02,0.98
2018-08-07,5.29,5.52,5.56,5.29,273361,148703857.0,5.11,4.55,0.24,1.21
2018-08-08,5.55,5.5,5.62,5.48,272151,151043732.0,2.54,-0.36,-0.02,1.2
2018-08-09,5.47,5.66,5.73,5.43,324682,183520588.0,5.45,2.91,0.16,1.44
2018-08-10,5.61,5.71,5.73,5.61,213438,121375443.0,2.12,0.88,0.05,0.94
2018-08-13,5.67,5.8,5.82,5.61,334520,191373715.0,3.68,1.58,0.09,1.48
2018-08-14,5.78,5.75,5.85,5.7,203880,117457567.0,2.59,-0.86,-0.05,0.9
2018-08-15,5.76,5.65,5.77,5.62,209375,119163253.0,2.61,-1.74,-0.1,0.93
2018-08-16,5.61,5.58,5.72,5.55,233592,131295825.0,3.01,-1.24,-0.07,1.03
2018-08-17,5.62,5.51,5.71,5.5,200518,112507186.0,3.76,-1.25,-0.07,0.89
2018-08-20,5.47,5.64,5.64,5.46,221740,123329370.0,3.27,2.36,0.13,0.98
2018-08-21,5.64,5.63,5.71,5.57,195724,110535584.0,2.48,-0.18,-0.01,0.87
2018-08-22,5.63,5.51,5.64,5.49,146240,81389543.0,2.66,-2.13,-0.12,0.65
2018-08-23,5.5,5.61,5.65,5.48,198549,110889127.0,3.09,1.81,0.1,0.88
2018-08-24,5.61,5.63,5.68,5.56,154877,87303231.0,2.14,0.36,0.02,0.68
2018-08-27,5.65,5.81,5.83,5.64,334471,192965144.0,3.37,3.2,0.18,1.48
2018-08-28,5.84,5.8,5.86,5.76,184604,106934872.0,1.72,-0.17,-0.01,0.82
2018-08-29,5.81,5.75,5.81,5.72,151003,86719856.0,1.55,-0.86,-0.05,0.67
2018-08-30,5.75,5.59,5.76,5.57,224956,126972235.0,3.3,-2.78,-0.16,0.99
2018-08-31,5.59,5.55,5.67,5.54,165446,92420034.0,2.33,-0.72,-0.04,0.73
2018-09-03,5.56,5.55,5.58,5.45,182539,100443088.0,2.34,0.0,0.0,0.81
2018-09-04,5.55,5.63,5.68,5.52,197885,110746900.0,2.88,1.44,0.08,0.87
2018-09-05,5.62,5.46,5.62,5.45,189170,104596463.0,3.02,-3.02,-0.17,0.84
2018-09-06,5.45,5.45,5.54,5.39,162254,88901327.0,2.75,-0.18,-0.01,0.72
2018-09-07,5.47,5.48,5.57,5.43,160044,88096771.0,2.57,0.55,0.03,0.71
2018-09-10,5.46,5.16,5.47,5.13,381947,199536550.0,6.2,-5.84,-0.32,1.69
2018-09-11,5.17,5.15,5.23,5.1,207916,107199234.0,2.52,-0.19,-0.01,0.92
2018-09-12,5.17,5.07,5.18,5.05,230510,117811382.0,2.52,-1.55,-0.08,1.02
2018-09-13,5.14,5.13,5.18,4.99,221107,112668452.0,3.75,1.18,0.06,0.98
2018-09-14,5.15,5.01,5.2,5.0,258893,131852541.0,3.9,-2.34,-0.12,1.14
2018-09-17,5.08,5.17,5.25,5.05,370639,191508142.0,3.99,3.19,0.16,1.64
2018-09-18,5.14,5.26,5.28,5.1,288186,149860191.0,3.48,1.74,0.09,1.27
2018-09-19,5.26,5.25,5.32,5.18,277509,145908004.0,2.66,-0.19,-0.01,1.23
2018-09-20,5.26,5.25,5.31,5.2,146075,76630209.0,2.1,0.0,0.0,0.65
2018-09-21,5.26,5.32,5.34,5.2,262177,138564512.0,2.67,1.33,0.07,1.16
2018-09-25,5.29,5.26,5.33,5.22,179993,94798756.0,2.07,-1.13,-0.06,0.8
2018-09-26,5.26,5.28,5.34,5.24,251749,133066566.0,1.9,0.38,0.02,1.11
2018-09-27,5.27,5.06,5.28,5.02,363466,186865095.0,4.92,-4.17,-0.22,1.61
2018-09-28,5.09,5.12,5.15,5.07,202751,103627713.0,1.58,1.19,0.06,0.9
2018-10-29,5.3,4.89,5.37,4.7,771016,385326512.0,13.09,-4.49,-0.23,3.41
2018-10-30,4.75,4.65,4.87,4.64,629582,298945184.0,4.7,-4.91,-0.24,2.78
2018-10-31,4.66,4.66,4.82,4.65,436097,206134128.0,3.66,0.22,0.01,1.93
2018-11-01,4.71,4.77,4.86,4.7,400215,190751032.0,3.43,2.36,0.11,1.77
2018-11-02,4.99,5.01,5.02,4.9,539930,268400172.0,2.52,5.03,0.24,2.39
2018-11-05,5.16,5.02,5.17,4.94,553744,280275728.0,4.59,0.2,0.01,2.45
2018-11-06,5.02,5.09,5.1,4.96,281044,141335230.0,2.79,1.39,0.07,1.24
2018-11-07,5.12,5.04,5.12,5.03,260244,131831294.0,1.77,-0.98,-0.05,1.15
2018-11-08,5.09,4.93,5.12,4.91,243674,122010456.0,4.17,-2.18,-0.11,1.08
2018-11-09,4.9,4.91,4.97,4.9,153083,75541657.0,1.42,-0.41,-0.02,0.68
2018-11-12,4.88,5.06,5.07,4.87,283218,141738130.0,4.07,3.05,0.15,1.25
2018-11-13,5.0,5.15,5.22,4.99,434786,222189543.0,4.55,1.78,0.09,1.92
2018-11-14,5.16,5.11,5.2,5.09,270266,138993396.0,2.14,-0.78,-0.04,1.19
2018-11-15,5.1,5.18,5.19,5.08,342369,176237924.0,2.15,1.37,0.07,1.51
2018-11-16,5.18,5.18,5.23,5.13,392873,203577469.0,1.93,0.0,0.0,1.74
2018-11-19,5.23,5.16,5.23,5.11,287973,148388950.0,2.32,-0.39,-0.02,1.27
2018-11-20,5.11,4.99,5.14,4.97,352917,178343256.0,3.29,-3.29,-0.17,1.56
2018-11-21,4.92,4.93,4.97,4.89,269499,132782094.0,1.6,-1.2,-0.06,1.19
2018-11-22,4.95,4.91,4.96,4.89,200928,98791254.0,1.42,-0.41,-0.02,0.89
2018-11-23,4.93,4.67,4.93,4.65,384009,182357631.0,5.7,-4.89,-0.24,1.7
2018-11-26,4.68,4.67,4.74,4.61,185149,86693542.0,2.78,0.0,0.0,0.82
2018-11-27,4.71,4.67,4.75,4.65,216215,101742539.0,2.14,0.0,0.0,0.96
2018-11-28,4.68,4.93,5.14,4.65,526749,259509892.0,10.49,5.57,0.26,2.33
2018-11-29,4.91,4.85,5.05,4.84,398989,196834925.0,4.26,-1.62,-0.08,1.76
2018-11-30,4.83,4.89,4.93,4.81,268817,130739204.0,2.47,0.82,0.04,1.19
2018-12-03,5.05,5.06,5.12,4.96,526966,265929862.0,3.27,3.48,0.17,2.33
2018-12-04,5.03,5.04,5.09,4.99,274827,138338197.0,1.98,-0.4,-0.02,1.22
2018-12-05,4.95,4.94,4.99,4.92,296883,146932299.0,1.39,-1.98,-0.1,1.31
2018-12-06,4.9,4.8,4.92,4.79,262817,127732691.0,2.63,-2.83,-0.14,1.16
2018-12-07,4.82,4.83,4.89,4.81,145285,70427638.0,1.67,0.63,0.03,0.64
2018-12-10,4.78,4.79,4.86,4.76,144827,69737826.0,2.07,-0.83,-0.04,0.64
2018-12-11,4.81,4.82,4.84,4.78,110374,53084015.0,1.25,0.63,0.03,0.49
2018-12-12,4.83,4.82,4.86,4.8,123399,59588960.0,1.24,0.0,0.0,0.55
2018-12-13,4.83,4.84,4.9,4.74,202894,98200220.0,3.32,0.41,0.02,0.9
2018-12-14,4.84,4.71,4.84,4.68,181223,86261325.0,3.31,-2.69,-0.13,0.8
2018-12-17,4.68,4.69,4.75,4.67,185492,87325110.0,1.7,-0.42,-0.02,0.82
2018-12-18,4.69,4.64,4.73,4.61,198509,92399466.0,2.56,-1.07,-0.05,0.88
2018-12-19,4.63,4.61,4.66,4.6,143078,66190820.0,1.29,-0.65,-0.03,0.63
2018-12-20,4.62,4.55,4.63,4.48,233993,106794293.0,3.25,-1.3,-0.06,1.03
2018-12-21,4.54,4.49,4.55,4.47,158414,71357424.0,1.76,-1.32,-0.06,0.7
2018-12-24,4.49,4.53,4.54,4.47,136934,61698166.0,1.56,0.89,0.04,0.61
2018-12-25,4.49,4.38,4.5,4.27,291084,126675610.0,5.08,-3.31,-0.15,1.29
2018-12-26,4.38,4.42,4.48,4.33,182230,79910337.0,3.42,0.91,0.04,0.81
2018-12-27,4.48,4.27,4.5,4.22,201011,88137120.0,6.33,-3.39,-0.15,0.89
2018-12-28,4.29,4.15,4.32,4.14,345940,145571854.0,4.22,-2.81,-0.12,1.53
2019-01-02,4.19,4.22,4.27,4.17,216887,91543704.0,2.41,1.69,0.07,0.96
2019-01-03,4.25,4.23,4.27,4.2,156688,66409220.0,1.66,0.24,0.01,0.69
2019-01-04,4.17,4.32,4.32,4.14,218476,93145063.0,4.26,2.13,0.09,0.97
2019-01-07,4.34,4.44,4.47,4.31,253085,111667567.0,3.7,2.78,0.12,1.12
2019-01-08,4.44,4.45,4.51,4.4,229417,102178303.0,2.48,0.23,0.01,1.02
2019-01-09,4.47,4.45,4.55,4.44,262271,117953787.0,2.47,0.0,0.0,1.16
2019-01-10,4.45,4.47,4.56,4.43,223385,100646012.0,2.92,0.45,0.02,0.99
2019-01-11,4.51,4.54,4.57,4.48,199422,90372113.0,2.01,1.57,0.07,0.88
2019-01-14,4.57,4.54,4.59,4.48,201879,91410480.0,2.42,0.0,0.0,0.89
2019-01-15,4.52,4.51,4.52,4.43,320092,143216271.0,1.98,-0.66,-0.03,1.42
2019-01-16,4.5,4.46,4.52,4.45,253927,113759055.0,1.55,-1.11,-0.05,1.12
2019-01-17,4.46,4.27,4.48,4.23,440867,190044718.0,5.61,-4.26,-0.19,1.95
2019-01-18,4.31,4.61,4.66,4.24,643747,287498096.0,9.84,7.96,0.34,2.85
2019-01-21,4.55,4.57,4.61,4.5,484090,221168376.0,2.39,-0.87,-0.04,2.14
2019-01-22,4.63,4.57,4.66,4.53,341411,156423088.0,2.84,0.0,0.0,1.51
2019-01-23,4.54,4.43,4.57,4.39,375723,166980053.0,3.94,-3.06,-0.14,1.66
2019-01-24,4.44,4.49,4.55,4.39,315457,141456814.0,3.61,1.35,0.06,1.4
2019-01-25,4.47,4.61,4.7,4.43,570085,261765606.0,6.01,2.67,0.12,2.52
2019-01-28,4.64,4.55,4.65,4.53,328177,150459670.0,2.6,-1.3,-0.06,1.45
2019-01-29,4.55,4.49,4.59,4.37,331035,147515297.0,4.84,-1.32,-0.06,1.47
2019-01-30,4.45,4.4,4.47,4.4,242451,107521142.0,1.56,-2.0,-0.09,1.07
2019-01-31,4.4,4.38,4.52,4.31,302399,133479691.0,4.77,-0.45,-0.02,1.34
2019-02-01,4.4,4.53,4.54,4.39,362149,162464687.0,3.42,3.42,0.15,1.6
2019-02-11,4.54,4.82,4.84,4.54,728638,344962704.0,6.62,6.4,0.29,3.23
2019-02-12,4.78,4.92,4.96,4.77,841258,409943552.0,3.94,2.07,0.1,3.73
2019-02-13,5.01,5.35,5.41,4.92,1790492,930906608.0,9.96,8.74,0.43,7.93
2019-02-14,5.33,5.2,5.33,5.18,1266217,661924544.0,2.8,-2.8,-0.15,5.61
2019-02-15,5.21,5.26,5.46,5.18,1299249,688689792.0,5.38,1.15,0.06,5.75
2019-02-18,5.33,5.45,5.49,5.21,1300005,697870416.0,5.32,3.61,0.19,5.76
2019-02-19,5.45,5.43,5.49,5.33,1100993,594672624.0,2.94,-0.37,-0.02,4.88
2019-02-20,5.38,5.33,5.42,5.25,816870,436064224.0,3.13,-1.84,-0.1,3.62
2019-02-21,5.38,5.38,5.57,5.32,1500195,820137152.0,4.69,0.94,0.05,6.64
2019-02-22,5.3,5.51,5.52,5.3,954558,517525840.0,4.09,2.42,0.13,4.23
2019-02-25,5.7,5.81,5.87,5.52,1653205,943668672.0,6.35,5.44,0.3,7.32
2019-02-26,5.94,5.78,6.1,5.76,1619722,958818928.0,5.85,-0.52,-0.03,7.17
2019-02-27,5.75,5.66,5.91,5.55,964796,553632832.0,6.23,-2.08,-0.12,4.27
2019-02-28,5.67,5.69,5.75,5.61,538809,306439936.0,2.47,0.53,0.03,2.39
2019-03-01,5.73,5.73,5.77,5.58,671421,380673824.0,3.34,0.7,0.04,2.97
2019-03-04,5.83,5.75,5.95,5.71,1229603,715721312.0,4.19,0.35,0.02,5.45
2019-03-05,5.72,6.12,6.15,5.68,1452060,873380800.0,8.17,6.43,0.37,6.43
2019-03-06,6.16,6.3,6.42,6.02,1527454,951864992.0,6.54,2.94,0.18,6.76
2019-03-07,6.23,6.2,6.35,6.12,1229262,764889088.0,3.65,-1.59,-0.1,5.44
2019-03-08,6.03,6.27,6.58,5.95,1681588,1067039488.0,10.16,1.13,0.07,7.45
2019-03-11,6.39,6.51,6.57,6.29,1155905,743156624.0,4.47,3.83,0.24,5.12
2019-03-12,6.69,6.58,6.8,6.44,1516587,1003327424.0,5.53,1.08,0.07,6.72
2019-03-13,6.56,6.25,6.57,6.18,1063981,677853312.0,5.93,-5.02,-0.33,4.71
2019-03-14,6.28,6.04,6.37,5.9,1124849,683899152.0,7.52,-3.36,-0.21,4.98
2019-03-15,6.03,6.07,6.14,5.95,729719,440863872.0,3.15,0.5,0.03,3.23
2019-03-18,6.09,6.16,6.19,5.97,636941,387526832.0,3.62,1.48,0.09,2.82
2019-03-19,6.16,6.14,6.27,6.09,558677,344985376.0,2.92,-0.32,-0.02,2.47
2019-03-20,6.1,6.02,6.16,5.88,717798,430830512.0,4.56,-1.95,-0.12,3.18
2019-03-21,6.05,6.25,6.27,6.04,823840,508073712.0,3.82,3.82,0.23,3.65
2019-03-22,6.29,6.19,6.34,6.06,596154,368270240.0,4.48,-0.96,-0.06,2.64
2019-03-25,6.08,6.11,6.25,6.05,502814,309622784.0,3.23,-1.29,-0.08,2.23
2019-03-26,6.15,5.91,6.18,5.9,524370,315298880.0,4.58,-3.27,-0.2,2.32
2019-03-27,5.97,5.84,5.98,5.7,524938,305537248.0,4.74,-1.18,-0.07,2.32
2019-03-28,5.84,5.8,6.0,5.73,501977,295158080.0,4.62,-0.68,-0.04,2.22
2019-03-29,5.8,5.96,5.98,5.73,571864,336375024.0,4.31,2.76,0.16,2.53
2019-04-01,6.02,6.19,6.22,6.02,763147,468156688.0,3.36,3.86,0.23,3.38
2019-04-02,6.22,6.12,6.27,6.09,629179,389213840.0,2.91,-1.13,-0.07,2.79
2019-04-03,6.08,6.17,6.18,6.06,486734,297835072.0,1.96,0.82,0.05,2.16
2019-04-04,6.21,6.16,6.23,6.11,557606,343182944.0,1.94,-0.16,-0.01,2.47
2019-04-08,6.32,6.15,6.37,6.05,850504,526912928.0,5.19,-0.16,-0.01,3.77
2019-04-09,6.15,6.22,6.29,6.09,605648,375973472.0,3.25,1.14,0.07,2.68
2019-04-10,6.16,6.18,6.27,6.11,474243,292942928.0,2.57,-0.64,-0.04,2.1
2019-04-11,6.19,5.97,6.24,5.97,582557,356223648.0,4.37,-3.4,-0.21,2.58
2019-04-12,6.0,6.1,6.13,5.95,417195,252146372.0,3.02,2.18,0.13,1.85
2019-04-15,6.17,6.0,6.23,5.99,471008,288948192.0,3.93,-1.64,-0.1,2.09
2019-04-16,5.94,6.22,6.22,5.86,661092,400815232.0,6.0,3.67,0.22,2.93
2019-04-17,6.21,6.25,6.31,6.17,688629,430647488.0,2.25,0.48,0.03,3.05
2019-04-18,6.24,6.2,6.25,6.15,423863,262534015.0,1.6,-0.8,-0.05,1.88
2019-04-19,6.22,6.47,6.49,6.17,1144754,728955680.0,5.16,4.35,0.27,5.07
2019-04-22,6.41,6.27,6.58,6.26,932272,598247808.0,4.95,-3.09,-0.2,4.13
2019-04-23,6.25,6.09,6.28,6.06,542091,333422096.0,3.51,-2.87,-0.18,2.4
2019-04-24,6.1,6.34,6.35,6.02,762894,473302016.0,5.42,4.11,0.25,3.38
2019-04-25,6.27,5.99,6.3,5.96,699163,428715440.0,5.36,-5.52,-0.35,3.1
2019-04-26,5.99,5.99,6.1,5.98,450219,271560240.0,2.0,0.0,0.0,1.99
2019-04-29,6.01,5.69,6.05,5.61,630892,366355760.0,7.35,-5.01,-0.3,2.79
2019-04-30,5.73,5.7,5.81,5.64,317054,181920994.0,2.99,0.18,0.01,1.4
2019-05-06,5.5,5.13,5.5,5.13,781301,411885440.0,6.49,-10.0,-0.57,3.46
2019-05-07,5.22,5.15,5.22,5.05,386805,198770660.0,3.31,0.39,0.02,1.71
2019-05-08,5.02,5.09,5.24,4.97,416062,212164942.0,5.24,-1.17,-0.06,1.84
2019-05-09,5.01,5.05,5.14,4.99,251622,127798252.0,2.95,-0.79,-0.04,1.11
2019-05-10,5.13,5.22,5.25,4.98,487635,251923682.0,5.35,3.37,0.17,2.16
2019-05-13,5.16,5.17,5.25,5.13,330275,171308876.0,2.3,-0.96,-0.05,1.46
2019-05-14,5.1,5.07,5.2,5.06,259616,133223065.0,2.71,-1.93,-0.1,1.15
2019-05-15,5.11,5.16,5.19,5.11,292088,150496277.0,1.58,1.78,0.09,1.29
2019-05-16,5.15,5.19,5.2,5.13,265891,137390096.0,1.36,0.58,0.03,1.18
2019-05-17,5.2,4.98,5.22,4.95,351319,178312332.0,5.2,-4.05,-0.21,1.56
2019-05-20,5.02,5.0,5.07,4.91,413174,206892186.0,3.21,0.4,0.02,1.83
2019-05-21,5.01,5.15,5.17,4.99,388346,198217801.0,3.6,3.0,0.15,1.72
2019-05-22,5.14,5.12,5.2,5.06,300389,154208652.0,2.72,-0.58,-0.03,1.33
2019-05-23,5.14,5.1,5.22,5.08,416994,214628146.0,2.73,-0.39,-0.02,1.85
2019-05-24,5.02,4.99,5.12,4.97,347373,174263404.0,2.94,-2.16,-0.11,1.54
2019-05-27,4.9,5.02,5.05,4.86,316325,157316464.0,3.81,0.6,0.03,1.4
2019-05-28,5.02,5.0,5.07,4.98,292610,146989539.0,1.79,-0.4,-0.02,1.3
2019-05-29,4.98,5.0,5.05,4.95,227632,114109693.0,2.0,0.0,0.0,1.01
2019-05-30,4.99,4.97,5.01,4.92,219200,108508591.0,1.8,-0.6,-0.03,0.97
2019-05-31,4.98,4.95,5.03,4.93,199439,99448095.0,2.01,-0.4,-0.02,0.88
2019-06-03,4.98,4.9,5.02,4.87,313120,154451695.0,3.03,-1.01,-0.05,1.39
2019-06-04,4.91,4.83,4.94,4.81,234096,114148150.0,2.65,-1.43,-0.07,1.04
2019-06-05,4.89,4.87,4.93,4.82,258528,126230966.0,2.28,0.83,0.04,1.14
2019-06-06,4.88,4.7,4.89,4.68,226964,108434880.0,4.31,-3.49,-0.17,1.01
2019-06-10,4.72,4.86,4.94,4.72,250775,121356206.0,4.68,3.4,0.16,1.11
2019-06-11,4.89,5.06,5.08,4.86,375998,188033368.0,4.53,4.12,0.2,1.67
2019-06-12,5.05,5.01,5.08,5.0,298079,150217677.0,1.58,-0.99,-0.05,1.32
2019-06-13,5.0,5.0,5.05,4.98,210246,105442210.0,1.4,-0.2,-0.01,0.93
2019-06-14,5.06,4.94,5.08,4.92,274348,137002133.0,3.2,-1.2,-0.06,1.22
2019-06-17,4.92,4.86,4.95,4.84,230024,112233365.0,2.23,-1.62,-0.08,1.02
2019-06-18,4.89,4.87,4.92,4.82,174128,84834038.0,2.06,0.21,0.01,0.77
2019-06-19,5.05,5.05,5.15,5.0,548198,278654896.0,3.08,3.7,0.18,2.43
2019-06-20,5.05,5.11,5.16,5.03,343938,175498812.0,2.57,1.19,0.06,1.52
2019-06-21,5.19,5.24,5.29,5.18,396144,207187121.0,2.15,2.54,0.13,1.75
2019-06-24,5.22,5.15,5.23,5.12,250822,129473663.0,2.1,-1.72,-0.09,1.11
2019-06-25,5.17,5.07,5.17,5.02,253816,128750727.0,2.91,-1.55,-0.08,1.12
2019-06-26,5.04,5.06,5.11,5.02,150327,76350656.0,1.78,-0.2,-0.01,0.67
2019-06-27,5.07,5.15,5.19,5.07,285959,147062614.0,2.37,1.78,0.09,1.27
2019-06-28,5.15,5.06,5.16,5.02,224171,113450082.0,2.72,-1.75,-0.09,0.99
2019-07-01,5.23,5.47,5.55,5.17,816677,438086128.0,7.51,8.1,0.41,3.62
2019-07-02,5.45,5.34,5.49,5.29,642217,345578336.0,3.66,-2.38,-0.13,2.85
2019-07-03,5.31,5.27,5.33,5.24,303802,160405620.0,1.69,-1.31,-0.07,1.35
2019-07-04,5.42,5.34,5.5,5.32,476264,256945247.0,3.42,1.33,0.07,2.11
2019-07-05,5.38,5.37,5.42,5.32,254604,136460618.0,1.87,0.56,0.03,1.13
2019-07-08,5.33,5.15,5.34,5.14,340275,176850605.0,3.72,-4.1,-0.22,1.51
2019-07-09,5.13,5.18,5.21,5.11,186970,96510638.0,1.94,0.58,0.03,0.83
2019-07-10,5.19,5.2,5.24,5.12,244367,126707563.0,2.32,0.39,0.02,1.08
2019-07-11,5.22,5.17,5.28,5.15,266227,138687736.0,2.5,-0.58,-0.03,1.18
2019-07-12,5.18,5.21,5.28,5.15,225890,118111637.0,2.51,0.77,0.04,1.0
2019-07-15,5.2,5.34,5.38,5.17,386610,204597852.0,4.03,2.5,0.13,1.71
2019-07-16,5.35,5.4,5.46,5.3,444761,239959142.0,3.0,1.12,0.06,1.97
2019-07-17,5.39,5.47,5.59,5.39,662003,364623152.0,3.7,1.3,0.07,2.93
2019-07-18,5.44,5.38,5.48,5.34,355271,192030824.0,2.56,-1.65,-0.09,1.57
2019-07-19,5.4,5.37,5.49,5.32,356139,192387767.0,3.16,-0.19,-0.01,1.58
2019-07-22,5.38,5.29,5.38,5.22,295420,156935662.0,2.98,-1.49,-0.08,1.31
2019-07-23,5.29,5.46,5.46,5.26,334598,180330431.0,3.78,3.21,0.17,1.48
2019-07-24,5.5,5.49,5.58,5.45,538365,296981744.0,2.38,0.55,0.03,2.39
2019-07-25,5.5,5.66,5.75,5.47,808868,457423664.0,5.1,3.1,0.17,3.58
2019-07-26,5.62,5.68,5.7,5.59,410404,231521465.0,1.94,0.35,0.02,1.82
2019-07-29,5.7,5.75,5.79,5.66,470240,268852784.0,2.29,1.23,0.07,2.08
2019-07-30,5.73,5.62,5.75,5.59,485529,275424592.0,2.78,-2.26,-0.13,2.15
2019-07-31,5.62,5.63,5.7,5.6,362275,205008486.0,1.78,0.18,0.01,1.61
2019-08-01,5.61,5.65,5.67,5.58,306022,172267503.0,1.6,0.36,0.02,1.36
2019-08-02,5.48,5.47,5.54,5.38,691392,377628640.0,2.83,-3.19,-0.18,3.06
2019-08-05,5.49,5.63,5.83,5.45,910100,517563344.0,6.95,2.93,0.16,4.03
2019-08-06,5.55,5.5,5.58,5.32,764940,417927920.0,4.62,-2.31,-0.13,3.39
2019-08-07,5.57,5.21,5.59,5.21,816556,436831008.0,6.91,-5.27,-0.29,3.62
2019-08-08,5.24,5.26,5.31,5.17,473332,248433112.0,2.69,0.96,0.05,2.1
2019-08-09,5.3,5.26,5.44,5.24,497841,266107145.0,3.8,0.0,0.0,2.21
2019-08-12,5.33,5.79,5.79,5.31,1249802,698289808.0,9.13,10.08,0.53,5.54
2019-08-13,5.81,6.0,6.09,5.77,2113140,1260502896.0,5.53,3.63,0.21,9.36
2019-08-14,6.17,6.24,6.6,6.16,2358097,1501484464.0,7.33,4.0,0.24,10.45
2019-08-15,6.26,6.52,6.62,6.18,2502590,1592974880.0,7.05,4.49,0.28,11.09
2019-08-16,6.52,6.95,7.17,6.42,3097620,2123141584.0,11.5,6.6,0.43,13.73
2019-08-19,7.15,7.11,7.33,6.91,3247489,2310232320.0,6.04,2.3,0.16,14.39
2019-08-20,7.06,7.03,7.22,7.02,2017062,1434729008.0,2.81,-1.13,-0.08,8.94
2019-08-21,7.1,7.2,7.28,7.01,1728544,1233701408.0,3.84,2.42,0.17,7.66
2019-08-22,7.25,7.38,7.86,7.25,2444502,1828959248.0,8.47,2.5,0.18,10.83
2019-08-23,7.38,7.51,7.61,7.31,1910102,1426048592.0,4.07,1.76,0.13,8.46
2019-08-26,7.38,7.19,7.44,7.12,1850349,1342014160.0,4.26,-4.26,-0.32,8.2
2019-08-27,7.3,7.19,7.42,7.16,1502169,1093520096.0,3.62,0.0,0.0,6.66
2019-08-28,7.19,7.22,7.36,7.14,1088356,786143456.0,3.06,0.42,0.03,4.82
2019-08-29,7.17,7.21,7.43,7.05,1387964,1007267328.0,5.26,-0.14,-0.01,6.15
2019-08-30,7.39,6.97,7.46,6.87,1891525,1348556096.0,8.18,-3.33,-0.24,8.38
2019-09-02,7.03,7.12,7.22,6.94,1192985,845644528.0,4.02,2.15,0.15,5.29
2019-09-03,7.17,7.5,7.66,7.09,2445342,1803903008.0,8.01,5.34,0.38,10.84
2019-09-04,7.48,7.47,7.59,7.34,1704356,1269536512.0,3.33,-0.4,-0.03,7.55
2019-09-05,7.74,8.22,8.22,7.53,2769269,2203771968.0,9.24,10.04,0.75,12.27
2019-09-06,8.39,8.12,8.48,7.98,2657236,2192602960.0,6.08,-1.22,-0.1,11.78
2019-09-09,8.15,8.32,8.36,8.07,1738276,1426098576.0,3.57,2.46,0.2,7.7
2019-09-10,8.27,7.89,8.29,7.79,1872269,1497389632.0,6.01,-5.17,-0.43,8.3
2019-09-11,7.96,7.91,8.13,7.81,1117500,889017040.0,4.06,0.25,0.02,4.95
2019-09-12,7.97,7.96,8.01,7.81,740205,586374432.0,2.53,0.63,0.05,3.28
2019-09-16,8.01,8.02,8.12,7.88,858617,688294144.0,3.02,0.75,0.06,3.8
2019-09-17,7.97,7.7,7.99,7.62,941808,732970960.0,4.61,-3.99,-0.32,4.17
2019-09-18,7.74,7.73,7.89,7.52,962124,741780496.0,4.81,0.39,0.03,4.26
2019-09-19,7.72,7.88,7.96,7.67,839104,656597232.0,3.75,1.94,0.15,3.72
2019-09-20,7.89,8.03,8.19,7.88,1263501,1016826480.0,3.93,1.9,0.15,5.6
2019-09-23,8.0,7.98,8.0,7.76,906789,715942128.0,2.99,-0.62,-0.05,4.02
2019-09-24,7.99,8.35,8.6,7.99,1953623,1631993648.0,7.64,4.64,0.37,8.66
2019-09-25,8.28,7.9,8.44,7.83,1622264,1316036832.0,7.31,-5.39,-0.45,7.19
2019-09-26,7.93,7.25,7.97,7.18,1385106,1045081248.0,10.0,-8.23,-0.65,6.14
2019-09-27,7.28,7.46,7.58,7.28,960184,713419472.0,4.14,2.9,0.21,4.25
2019-09-30,7.54,7.44,7.67,7.34,724511,543881248.0,4.42,-0.27,-0.02,3.19
2019-10-08,7.48,7.3,7.65,7.22,780249,579216848.0,5.78,-1.88,-0.14,3.44
2019-10-09,7.19,7.31,7.31,7.02,691797,497966864.0,3.97,0.14,0.01,3.05
2019-10-10,7.35,7.56,7.6,7.27,925879,693925648.0,4.51,3.42,0.25,4.08
2019-10-11,7.58,7.64,7.76,7.47,884276,675118624.0,3.84,1.06,0.08,3.9
2019-10-14,7.6,7.53,7.64,7.44,1063376,800743120.0,2.62,-1.44,-0.11,4.68
2019-10-15,7.48,7.13,7.48,7.11,824100,596487968.0,4.91,-5.31,-0.4,3.63
2019-10-16,7.13,7.06,7.22,7.04,471104,336217600.0,2.52,-0.98,-0.07,2.08
2019-10-17,7.08,7.11,7.14,7.03,321590,227954131.0,1.56,0.71,0.05,1.42
2019-10-18,7.13,6.78,7.15,6.72,932155,644052240.0,6.05,-4.64,-0.33,4.11
2019-10-21,6.8,6.8,6.89,6.7,401824,272961184.0,2.8,0.29,0.02,1.77
2019-10-22,6.84,6.86,6.94,6.73,463357,317000192.0,3.09,0.88,0.06,2.04
2019-10-23,6.85,7.01,7.12,6.75,819621,573183184.0,5.39,2.19,0.15,3.61
2019-10-24,6.98,6.96,7.06,6.87,498102,345951360.0,2.71,-0.71,-0.05,2.19
2019-10-25,6.94,7.1,7.13,6.91,499085,351233056.0,3.16,2.01,0.14,2.2
2019-10-28,7.09,7.23,7.27,6.98,926687,659817088.0,4.08,1.83,0.13,4.08
2019-10-29,7.18,6.98,7.26,6.97,633973,451405472.0,4.01,-3.46,-0.25,2.79
2019-10-30,7.09,7.09,7.17,6.92,456374,322939568.0,3.58,1.58,0.11,2.01
2019-10-31,7.08,6.94,7.12,6.91,376209,264028738.0,2.96,-2.12,-0.15,1.66
2019-11-01,6.89,7.01,7.1,6.78,543711,379138912.0,4.61,1.01,0.07,2.4
2019-11-04,7.07,7.34,7.47,7.05,1039016,758620000.0,5.99,4.71,0.33,4.58
2019-11-05,7.37,7.38,7.47,7.29,656057,484707264.0,2.45,0.54,0.04,2.89
2019-11-06,7.43,7.3,7.43,7.23,468951,344199168.0,2.71,-1.08,-0.08,2.07
2019-11-07,7.1,6.91,7.1,6.63,1352717,929143104.0,6.44,-5.34,-0.39,5.96
2019-11-08,6.94,7.34,7.5,6.87,1502093,1091827056.0,9.12,6.22,0.43,6.62
2019-11-11,7.25,7.05,7.42,7.05,763864,549885312.0,5.04,-3.95,-0.29,3.37
2019-11-12,7.09,6.66,7.11,6.52,1284692,863509536.0,8.37,-5.53,-0.39,5.66
2019-11-13,6.7,6.6,6.72,6.49,596130,393378816.0,3.45,-0.9,-0.06,2.63
2019-11-14,6.58,7.26,7.26,6.53,1428830,1005454384.0,11.06,10.0,0.66,6.3
2019-11-15,7.38,7.27,7.43,7.19,1614868,1179637200.0,3.31,0.14,0.01,7.11
2019-11-18,7.27,7.37,7.6,7.26,1167454,867298368.0,4.68,1.38,0.1,5.14
2019-11-19,7.47,7.49,7.52,7.33,753500,561037872.0,2.58,1.63,0.12,3.32
2019-11-20,7.44,7.14,7.46,7.12,1007967,731037872.0,4.54,-4.67,-0.35,4.44
2019-11-21,7.09,7.07,7.21,7.0,600053,425389184.0,2.94,-0.98,-0.07,2.64
2019-11-22,7.09,7.35,7.71,7.09,1745105,1294030944.0,8.77,3.96,0.28,7.69
2019-11-25,7.36,7.08,7.41,7.06,887215,639653168.0,4.76,-3.67,-0.27,3.91
2019-11-26,7.12,7.6,7.78,7.12,1881674,1426614848.0,9.32,7.34,0.52,8.29
2019-11-27,7.55,7.96,8.07,7.55,1778981,1394357760.0,6.84,4.74,0.36,7.84
2019-11-28,7.93,7.89,8.02,7.8,1020726,807295952.0,2.76,-0.88,-0.07,4.5
2019-11-29,7.88,7.94,8.0,7.76,1026069,808840944.0,3.04,0.63,0.05,4.52
2019-12-02,7.98,7.9,8.16,7.84,1226771,979287168.0,4.03,-0.5,-0.04,5.4
2019-12-03,7.85,8.06,8.06,7.7,1162695,916170400.0,4.56,2.03,0.16,5.12
2019-12-04,7.95,8.09,8.13,7.89,1092672,876221152.0,2.98,0.37,0.03,4.81
2019-12-05,8.04,8.24,8.39,8.02,1652699,1361632096.0,4.57,1.85,0.15,7.28
2019-12-06,8.25,8.29,8.33,8.14,999234,823012816.0,2.31,0.61,0.05,4.4
2019-12-09,8.7,8.64,8.98,8.51,2017526,1758025664.0,5.67,4.22,0.35,8.89
2019-12-10,8.64,9.33,9.48,8.47,2410239,2170481296.0,11.69,7.99,0.69,10.62
2019-12-11,9.19,9.33,9.45,9.12,1958172,1816250976.0,3.54,0.0,0.0,8.63
2019-12-12,9.23,9.17,9.77,9.15,2057441,1938924864.0,6.65,-1.71,-0.16,9.06
2019-12-13,9.36,9.27,9.42,9.14,1660040,1540405232.0,3.05,1.09,0.1,7.31
2019-12-16,9.6,10.2,10.2,9.56,2541162,2535622448.0,6.9,10.03,0.93,11.2
2019-12-17,10.5,10.9,11.22,10.36,3613241,3892326736.0,8.43,6.86,0.7,15.92
2019-12-18,10.82,11.04,11.59,10.72,3059898,3420112480.0,7.98,1.28,0.14,13.48
2019-12-19,11.07,10.8,11.07,10.55,2035201,2197224896.0,4.71,-2.17,-0.24,8.97
2019-12-20,10.82,10.82,11.09,10.46,2042223,2207335072.0,5.83,0.19,0.02,9.0
2019-12-23,10.62,10.23,10.72,10.23,1668070,1744797888.0,4.53,-5.45,-0.59,7.35
2019-12-24,10.29,10.51,10.61,10.14,1447716,1503030304.0,4.59,2.74,0.28,6.38
2019-12-25,10.45,10.07,10.65,10.05,1825484,1896727840.0,5.71,-4.19,-0.44,8.04
2019-12-26,10.26,10.33,10.52,10.16,1620038,1674423792.0,3.57,2.58,0.26,7.14
2019-12-27,10.37,9.85,10.37,9.83,1913072,1923600320.0,5.23,-4.65,-0.48,8.43
2019-12-30,9.88,9.98,10.15,9.64,1227588,1220979728.0,5.18,1.32,0.13,5.41
2019-12-31,10.29,10.27,10.54,10.17,1751747,1809342368.0,3.71,2.91,0.29,7.32
2020-01-02,10.4,11.13,11.3,10.2,2593963,2852788112.0,10.71,8.37,0.86,10.83
2020-01-03,11.15,10.93,11.31,10.77,1901289,2089049728.0,4.85,-1.8,-0.2,7.94
2020-01-06,11.19,11.92,12.02,10.95,2978613,3486545920.0,9.79,9.06,0.99,12.44
2020-01-07,11.8,11.98,12.13,11.61,2256998,2682997872.0,4.36,0.5,0.06,9.43
2020-01-08,11.84,11.48,12.06,11.45,1552215,1823535072.0,5.09,-4.17,-0.5,6.48
2020-01-09,11.79,11.78,11.95,11.64,1343433,1585976704.0,2.7,2.61,0.3,5.61
2020-01-10,11.9,11.61,11.96,11.43,1255666,1468584688.0,4.5,-1.44,-0.17,5.24
2020-01-13,11.6,12.1,12.13,11.43,1539999,1820079184.0,6.03,4.22,0.49,6.43
2020-01-14,12.21,11.5,12.4,11.5,1558765,1841541872.0,7.44,-4.96,-0.6,6.51
2020-01-15,11.3,11.55,11.62,11.09,1358815,1542454032.0,4.61,0.43,0.05,5.67
2020-01-16,11.5,11.44,11.7,11.38,915564,1055730528.0,2.77,-0.95,-0.11,3.82
2020-01-17,11.52,11.22,11.58,11.2,869397,984083200.0,3.32,-1.92,-0.22,3.63
2020-01-20,11.23,11.98,12.05,11.14,1810948,2133824528.0,8.11,6.77,0.76,7.56
2020-01-21,11.91,11.69,11.97,11.64,1084415,1276421664.0,2.75,-2.42,-0.29,4.53
2020-01-22,11.75,12.69,12.85,11.71,2225482,2738334544.0,9.75,8.55,1.0,9.29
2020-01-23,12.56,12.67,13.33,12.28,2304180,2953095920.0,8.27,-0.16,-0.02,9.62
2020-02-03,11.4,11.4,11.4,11.4,110257,125692980.0,0.0,-10.02,-1.27,0.46
2020-02-04,10.41,11.66,12.12,10.41,2289767,2641813664.0,15.0,2.28,0.26,9.56
2020-02-05,11.99,12.0,12.56,11.7,2129227,2584276096.0,7.38,2.92,0.34,8.89
2020-02-06,11.64,12.15,12.17,11.53,2113760,2505157296.0,5.33,1.25,0.15,8.83
2020-02-07,11.9,11.63,11.99,11.41,2339570,2738215984.0,4.77,-4.28,-0.52,9.77
2020-02-10,11.41,12.41,12.41,11.3,2558676,3037247760.0,9.54,6.71,0.78,10.69
2020-02-11,12.5,12.23,12.5,11.93,1937411,2358759056.0,4.59,-1.45,-0.18,8.09
2020-02-12,12.27,12.56,12.68,12.2,2114074,2635568368.0,3.92,2.7,0.33,8.83
2020-02-13,12.54,13.0,13.33,12.44,2543246,3296631408.0,7.09,3.5,0.44,10.62
2020-02-14,12.91,13.07,13.65,12.71,2373580,3129929888.0,7.23,0.54,0.07,9.91
2020-02-17,13.16,13.49,13.54,12.9,1956008,2584068960.0,4.9,3.21,0.42,8.17
2020-02-18,13.62,13.5,13.62,13.13,1752497,2350217168.0,3.63,0.07,0.01,7.32
2020-02-19,13.38,12.88,13.45,12.81,2097634,2749648832.0,4.74,-4.59,-0.62,8.76
2020-02-20,12.95,13.39,13.53,12.8,2047028,2704817488.0,5.67,3.96,0.51,8.55
2020-02-21,13.63,13.79,13.97,13.4,2455171,3359619104.0,4.26,2.99,0.4,10.25
2020-02-24,13.95,13.91,14.15,13.5,2384098,3287901152.0,4.71,0.87,0.12,9.96
2020-02-25,13.4,13.57,13.85,12.69,2635561,3540462768.0,8.34,-2.44,-0.34,11.01
2020-02-26,13.19,12.38,13.36,12.21,2355677,3022484704.0,8.47,-8.77,-1.19,9.84
2020-02-27,12.41,12.02,12.55,11.9,1702850,2075727632.0,5.25,-2.91,-0.36,7.11
2020-02-28,11.3,10.82,11.6,10.82,2074872,2312580080.0,6.49,-9.98,-1.2,8.66
2020-03-02,11.18,11.19,11.34,10.82,1589958,1768605392.0,4.81,3.42,0.37,6.64
2020-03-03,11.5,11.34,11.88,11.18,1725329,1996066544.0,6.26,1.34,0.15,7.21
2020-03-04,11.17,11.03,11.33,10.69,1418678,1563557792.0,5.64,-2.73,-0.31,5.92
2020-03-05,11.35,11.08,11.39,10.84,1297083,1433467968.0,4.99,0.45,0.05,5.42
2020-03-06,10.89,11.08,11.33,10.83,1090010,1214069600.0,4.51,0.0,0.0,4.55
2020-03-09,10.7,10.16,10.85,10.11,1466906,1534440864.0,6.68,-8.3,-0.92,6.13
2020-03-10,10.09,10.71,10.72,10.01,1457426,1514282256.0,6.99,5.41,0.55,6.09
2020-03-11,10.71,10.49,10.89,10.47,1105559,1183325392.0,3.92,-2.05,-0.22,4.62
2020-03-12,10.27,10.24,10.64,10.16,895769,925566704.0,4.58,-2.38,-0.25,3.74
2020-03-13,9.6,10.21,10.38,9.5,1365972,1358183664.0,8.59,-0.29,-0.03,5.7
2020-03-16,10.18,9.19,10.3,9.19,1600076,1551474816.0,10.87,-9.99,-1.02,6.68
2020-03-17,9.31,9.34,9.49,8.88,1231671,1135678096.0,6.64,1.63,0.15,5.14
2020-03-18,9.46,9.4,9.93,9.37,1459589,1404526496.0,6.0,0.64,0.06,6.1
2020-03-19,9.56,9.79,9.89,9.42,1333135,1290032672.0,5.0,4.15,0.39,5.57
2020-03-20,9.98,9.76,10.03,9.56,938631,915481680.0,4.8,-0.31,-0.03,3.92
2020-03-23,9.39,8.95,9.48,8.85,1019976,936746848.0,6.45,-8.3,-0.81,4.26
2020-03-24,9.2,9.12,9.25,8.68,816712,737221248.0,6.37,1.9,0.17,3.41
2020-03-25,9.4,9.45,9.6,9.32,950813,899907696.0,3.07,3.62,0.33,3.97
2020-03-26,9.32,9.24,9.46,9.22,564367,526782400.0,2.54,-2.22,-0.21,2.36
2020-03-27,9.43,9.03,9.5,9.02,610225,561504144.0,5.19,-2.27,-0.21,2.55
2020-03-30,8.86,8.65,8.86,8.39,799379,687812064.0,5.2,-4.21,-0.38,3.34
2020-03-31,8.81,8.52,8.88,8.47,534500,462865456.0,4.74,-1.5,-0.13,2.22
2020-04-01,8.52,8.71,8.99,8.47,936297,823443488.0,6.1,2.23,0.19,3.89
2020-04-02,8.7,9.17,9.18,8.66,947601,850687808.0,5.97,5.28,0.46,3.93
2020-04-03,9.13,9.0,9.19,8.93,652273,589443376.0,2.84,-1.85,-0.17,2.71
2020-04-07,9.34,9.27,9.43,9.23,810450,754792128.0,2.22,3.0,0.27,3.36
2020-04-08,9.3,9.58,9.87,9.26,1295022,1248422208.0,6.58,3.34,0.31,5.38
2020-04-09,9.68,9.59,9.73,9.5,728286,699766816.0,2.4,0.1,0.01,3.02
2020-04-10,9.56,9.16,9.57,9.1,706252,656140496.0,4.9,-4.48,-0.43,2.93
2020-04-13,9.1,8.74,9.1,8.68,757796,668572304.0,4.59,-4.59,-0.42,3.15
2020-04-14,8.89,9.12,9.12,8.8,741062,662866624.0,3.66,4.35,0.38,3.08
2020-04-15,9.17,9.28,9.47,9.13,1046023,972790464.0,3.73,1.75,0.16,4.34
2020-04-16,9.16,9.29,9.35,9.0,699386,643753232.0,3.77,0.11,0.01,2.9
2020-04-17,9.44,9.35,9.67,9.31,1085339,1028160112.0,3.88,0.65,0.06,4.51
2020-04-20,9.41,9.4,9.48,9.24,672468,629872208.0,2.57,0.53,0.05,2.79
2020-04-21,9.3,9.18,9.3,9.02,725901,663667632.0,2.98,-2.34,-0.22,3.01
2020-04-22,9.06,9.26,9.28,9.04,506392,464528176.0,2.61,0.87,0.08,2.1
2020-04-23,9.34,9.01,9.35,8.98,648726,590059392.0,4.0,-2.7,-0.25,2.69
2020-04-24,9.0,8.75,9.07,8.67,660425,582586304.0,4.44,-2.89,-0.26,2.74
2020-04-27,8.78,8.85,8.92,8.59,420487,370477104.0,3.77,1.14,0.1,1.75
2020-04-28,8.89,8.89,9.05,8.48,687908,606830624.0,6.44,0.45,0.04,2.86
2020-04-29,8.9,9.24,9.28,8.86,903446,827604464.0,4.72,3.94,0.35,3.75
2020-04-30,9.39,9.7,9.8,9.36,1552160,1491779328.0,4.76,4.98,0.46,6.44
2020-05-06,9.55,10.02,10.04,9.5,1278694,1258089936.0,5.57,3.3,0.32,5.31
2020-05-07,10.08,9.87,10.13,9.83,1000627,995531408.0,2.99,-1.5,-0.15,4.15
2020-05-08,10.0,9.93,10.08,9.86,794781,792073584.0,2.23,0.61,0.06,3.3
2020-05-11,9.99,10.02,10.22,9.92,913514,918827184.0,3.02,0.91,0.09,3.79
2020-05-12,10.05,10.03,10.07,9.76,738514,733460304.0,3.09,0.1,0.01,3.07
2020-05-13,9.98,10.03,10.14,9.93,636273,638790160.0,2.09,0.0,0.0,2.64
2020-05-14,9.95,10.03,10.2,9.92,729568,735583680.0,2.79,0.0,0.0,3.03
2020-05-15,10.08,10.15,10.32,9.98,1010426,1027553664.0,3.39,1.2,0.12,4.19
2020-05-18,10.05,9.47,10.08,9.39,1412212,1365293568.0,6.8,-6.7,-0.68,5.86
2020-05-19,9.58,9.71,9.75,9.39,1012589,971629312.0,3.8,2.53,0.24,4.2
2020-05-20,9.69,9.57,9.79,9.54,663176,640929552.0,2.57,-1.44,-0.14,2.75
2020-05-21,9.61,9.15,9.65,9.12,738241,688647648.0,5.54,-4.39,-0.42,3.06
2020-05-22,9.15,9.0,9.25,8.92,493249,447195168.0,3.61,-1.64,-0.15,2.05
2020-05-25,8.96,8.79,9.01,8.72,451429,399343264.0,3.22,-2.33,-0.21,1.87
2020-05-26,8.79,9.14,9.15,8.79,513249,464538384.0,4.1,3.98,0.35,2.13
2020-05-27,9.12,8.99,9.16,8.95,361269,326221008.0,2.3,-1.64,-0.15,1.5
2020-05-28,8.99,9.08,9.1,8.8,413423,370499920.0,3.34,1.0,0.09,1.72
2020-05-29,9.09,9.04,9.13,8.98,514072,465119520.0,1.65,-0.44,-0.04,2.13
2020-06-01,9.1,9.92,9.94,9.1,1570566,1519059376.0,9.29,9.73,0.88,6.52
2020-06-02,9.9,10.0,10.1,9.83,1235916,1233657472.0,2.72,0.81,0.08,5.13
2020-06-03,10.09,10.03,10.33,9.88,1270255,1283022560.0,4.5,0.3,0.03,5.27
2020-06-04,10.04,10.08,10.26,9.99,790740,798561248.0,2.69,0.5,0.05,3.28
2020-06-05,10.1,10.0,10.14,9.87,716333,716221936.0,2.68,-0.79,-0.08,2.97
2020-06-08,10.2,10.04,10.33,10.0,806359,819738240.0,3.3,0.4,0.04,3.35
2020-06-09,10.13,10.0,10.27,9.96,717094,723127312.0,3.09,-0.4,-0.04,2.98
2020-06-10,10.04,10.02,10.12,9.91,677273,676762976.0,2.1,0.2,0.02,2.81
2020-06-11,10.01,9.9,10.2,9.9,926162,930402432.0,2.99,-1.2,-0.12,3.84
2020-06-12,9.61,9.77,9.9,9.52,803693,781689792.0,3.84,-1.31,-0.13,3.34
2020-06-15,9.77,9.56,9.87,9.56,636845,618716416.0,3.17,-2.15,-0.21,2.64
2020-06-16,9.68,10.41,10.41,9.67,2242399,2303699200.0,7.74,8.89,0.85,9.31
2020-06-17,10.77,10.82,10.87,10.54,2748423,2934759184.0,3.17,3.94,0.41,11.41
2020-06-18,10.79,10.8,10.96,10.68,1736508,1878853600.0,2.59,-0.18,-0.02,7.21
2020-06-19,10.94,10.92,11.11,10.73,1625563,1777435216.0,3.52,1.11,0.12,6.75
2020-06-22,10.96,11.05,11.19,10.86,1601392,1764429568.0,3.02,1.19,0.13,6.65
2020-06-23,11.05,10.78,11.05,10.61,1347566,1448283360.0,3.98,-2.44,-0.27,5.59
2020-06-24,10.74,10.75,10.92,10.65,949497,1022407760.0,2.5,-0.28,-0.03,3.94
2020-06-29,10.63,10.75,10.84,10.57,791683,847472960.0,2.51,0.0,0.0,3.29
2020-06-30,10.84,11.2,11.33,10.83,1724266,1920275840.0,4.65,4.19,0.45,7.16
2020-07-01,11.35,11.45,11.75,11.09,1858890,2125893680.0,5.89,2.23,0.25,7.72
2020-07-02,11.6,11.64,11.78,11.35,1447691,1678889920.0,3.76,1.66,0.19,6.01
2020-07-03,11.56,11.43,11.57,11.24,1421023,1618748672.0,2.84,-1.8,-0.21,5.9
2020-07-06,11.44,12.0,12.1,11.34,1767267,2080220096.0,6.65,4.99,0.57,7.34
2020-07-07,12.11,11.97,12.58,11.94,1776871,2187701184.0,5.33,-0.25,-0.03,7.38
2020-07-08,12.01,12.3,12.45,12.01,1292344,1585754160.0,3.68,2.76,0.33,5.36
2020-07-09,12.32,12.45,12.65,12.11,1703926,2106900144.0,4.39,1.22,0.15,7.07
2020-07-10,12.29,12.12,12.45,12.02,1403801,1713083264.0,3.45,-2.65,-0.33,5.83
2020-07-13,12.13,13.33,13.33,12.13,2022182,2628411552.0,9.9,9.98,1.21,8.39
2020-07-14,13.6,13.0,13.68,12.69,2324052,3056861584.0,7.43,-2.48,-0.33,9.65
2020-07-15,13.08,11.74,13.13,11.7,2867160,3467898128.0,11.0,-9.69,-1.26,11.9
2020-07-16,11.87,11.05,11.88,10.8,2056201,2343689712.0,9.2,-5.88,-0.69,8.54
2020-07-17,11.15,11.11,11.33,10.83,1287271,1428058912.0,4.52,0.54,0.06,5.34
2020-07-20,11.28,11.44,11.44,11.03,1149540,1292622800.0,3.69,2.97,0.33,4.77
2020-07-21,11.41,11.24,11.52,11.11,1081234,1218931872.0,3.58,-1.75,-0.2,4.49
2020-07-22,11.26,11.31,11.58,11.17,1297739,1473101664.0,3.65,0.62,0.07,5.39
2020-07-23,11.16,11.15,11.24,10.67,1335486,1468022432.0,5.04,-1.41,-0.16,5.54
2020-07-24,11.06,10.7,11.33,10.66,1171222,1285256720.0,6.01,-4.04,-0.45,4.86
2020-07-27,10.78,10.75,10.84,10.48,685102,732409488.0,3.36,0.47,0.05,2.84
2020-07-28,10.85,10.88,11.06,10.75,603288,657349264.0,2.88,1.21,0.13,2.5
2020-07-29,10.9,11.97,11.97,10.9,2484718,2921907808.0,9.83,10.02,1.09,10.31
2020-07-30,12.0,11.88,12.22,11.81,1990005,2385114096.0,3.43,-0.75,-0.09,8.26
2020-07-31,11.94,12.2,12.6,11.92,2155618,2637846048.0,5.72,2.69,0.32,8.95
2020-08-03,12.52,12.34,12.55,12.1,1621181,1999006256.0,3.69,1.15,0.14,6.73
2020-08-04,12.38,12.07,12.38,11.95,1377492,1669814560.0,3.48,-2.19,-0.27,5.72
2020-08-05,12.28,12.13,12.34,11.93,1095130,1325869984.0,3.4,0.5,0.06,4.55
2020-08-06,12.18,12.39,12.46,11.97,1669771,2046125360.0,4.04,2.14,0.26,6.93
2020-08-07,12.23,11.7,12.25,11.36,1743754,2059851088.0,7.18,-5.57,-0.69,7.24
2020-08-10,11.48,11.43,11.61,11.25,1033856,1180760608.0,3.08,-2.31,-0.27,4.29
2020-08-11,11.48,11.21,11.63,11.16,760705,870588048.0,4.11,-1.92,-0.22,3.16
2020-08-12,11.3,11.6,11.6,11.11,983505,1113305296.0,4.37,3.48,0.39,4.08
2020-08-13,11.5,11.38,11.57,11.36,670189,767412912.0,1.81,-1.9,-0.22,2.78
2020-08-14,11.35,11.75,11.87,11.31,1170760,1369731664.0,4.92,3.25,0.37,4.86
2020-08-17,11.9,11.98,12.05,11.69,1254811,1492925392.0,3.06,1.96,0.23,5.21
2020-08-18,11.98,11.81,12.05,11.72,951076,1124400704.0,2.75,-1.42,-0.17,3.95
2020-08-19,11.72,11.18,11.77,11.18,1180161,1342531328.0,5.0,-5.33,-0.63,4.9
2020-08-20,11.04,11.22,11.32,10.94,667608,746662128.0,3.4,0.36,0.04,2.77
2020-08-21,11.33,11.31,11.5,11.11,653886,741075456.0,3.48,0.8,0.09,2.71
2020-08-24,11.35,11.89,12.18,11.17,1646365,1941467356.0,8.93,5.13,0.58,6.83
2020-08-25,11.92,12.03,12.13,11.69,1460705,1738585161.0,3.7,1.18,0.14,6.06
2020-08-26,11.9,11.4,11.94,11.35,1190593,1382563664.0,4.9,-5.24,-0.63,4.94
2020-08-27,11.4,12.05,12.08,11.32,1630573,1930492162.0,6.67,5.7,0.65,6.77
2020-08-28,12.0,12.07,12.14,11.76,1334107,1599875777.0,3.15,0.17,0.02,5.54
2020-08-31,12.2,11.79,12.23,11.78,1307247,1566150770.0,3.73,-2.32,-0.28,5.43
2020-09-01,11.76,11.84,11.92,11.47,982221,1147185456.0,3.82,0.42,0.05,4.08
2020-09-02,11.83,12.32,12.47,11.71,2330754,2856154560.0,6.42,4.05,0.48,9.68
2020-09-03,12.2,11.95,12.26,11.85,1359642,1633578154.0,3.33,-3.0,-0.37,5.64
2020-09-04,11.65,12.1,12.19,11.58,1133255,1355344602.0,5.1,1.26,0.15,4.7
2020-09-07,12.08,11.96,12.45,11.93,1633529,1985320356.0,4.3,-1.16,-0.14,6.78
2020-09-08,11.97,12.63,12.7,11.82,2477869,3068914876.0,7.36,5.6,0.67,10.29
2020-09-09,12.41,12.09,12.54,12.08,1832517,2250453889.0,3.64,-4.28,-0.54,7.61
2020-09-10,12.27,10.8,12.35,10.28,2296779,2640969504.0,17.12,-10.67,-1.29,9.53
2020-09-11,10.6,11.0,11.15,10.5,1130300,1225432880.0,6.02,1.85,0.2,4.69
2020-09-14,11.01,11.15,11.32,10.97,1000733,1113328838.0,3.18,1.36,0.15,4.15
2020-09-15,11.12,10.98,11.37,10.85,976151,1080239148.0,4.66,-1.52,-0.17,4.05
2020-09-16,10.94,10.66,11.0,10.57,828705,890112610.0,3.92,-2.91,-0.32,3.44
2020-09-17,10.56,10.72,10.87,10.53,693515,742619280.0,3.19,0.56,0.06,2.88
2020-09-18,10.73,10.86,10.86,10.6,670725,720278322.0,2.43,1.31,0.14,2.78
2020-09-21,10.9,10.7,11.06,10.67,631336,682558650.0,3.59,-1.47,-0.16,2.62
2020-09-22,10.6,10.6,10.79,10.55,525788,560520560.0,2.24,-0.93,-0.1,2.18
2020-09-23,10.66,10.61,10.75,10.49,432151,458727320.0,2.45,0.09,0.01,1.79
2020-09-24,10.5,10.19,10.55,10.15,725786,746839201.0,3.77,-3.96,-0.42,3.01
2020-09-25,10.27,10.05,10.29,10.01,428593,433658801.0,2.75,-1.37,-0.14,1.78
2020-09-28,10.07,10.1,10.16,9.93,370565,372319294.0,2.29,0.5,0.05,1.54
2020-09-29,10.13,10.13,10.28,10.12,374266,381439964.0,1.58,0.3,0.03,1.55
2020-09-30,10.17,10.02,10.21,9.97,337237,339537130.0,2.37,-1.09,-0.11,1.4
2020-10-09,10.26,10.5,10.65,10.22,637352,668770062.0,4.29,4.79,0.48,2.64
2020-10-12,10.6,10.79,10.85,10.5,797109,854625044.0,3.33,2.76,0.29,3.3
2020-10-13,10.8,10.8,10.96,10.71,538670,582114624.0,2.32,0.09,0.01,2.23
2020-10-14,10.75,10.56,10.78,10.44,543035,574317504.0,3.15,-2.22,-0.24,2.25
2020-10-15,10.53,10.48,10.69,10.46,359974,380417736.0,2.18,-0.76,-0.08,1.49
2020-10-16,10.52,10.41,10.56,10.28,357127,371252384.0,2.67,-0.67,-0.07,1.48
2020-10-19,10.49,10.41,10.62,10.34,342221,358162752.0,2.69,0.0,0.0,1.42
2020-10-20,10.5,10.64,10.67,10.26,554739,580969056.0,3.94,2.21,0.23,2.3
2020-10-21,10.66,10.4,10.67,10.34,395289,412970416.0,3.1,-2.26,-0.24,1.64
2020-10-22,10.37,10.43,10.53,10.23,299405,311740384.0,2.88,0.29,0.03,1.24
2020-10-23,10.49,10.27,10.56,10.25,321210,333041216.0,2.97,-1.53,-0.16,1.33
2020-10-26,10.22,10.26,10.32,10.08,282984,289052752.0,2.34,-0.1,-0.01,1.17
2020-10-27,10.21,10.17,10.31,10.03,309018,314319088.0,2.73,-0.88,-0.09,1.28
2020-10-28,10.18,10.54,10.56,9.97,792865,818528768.0,5.8,3.64,0.37,3.28
2020-10-29,10.39,10.34,10.47,10.31,448250,465036032.0,1.52,-1.9,-0.2,1.86
2020-10-30,10.34,9.96,10.39,9.96,631429,638228640.0,4.16,-3.68,-0.38,2.61
2020-11-02,9.99,9.62,10.03,9.61,709804,693511440.0,4.22,-3.41,-0.34,2.94
2020-11-03,9.67,9.78,9.88,9.59,499008,487999888.0,3.01,1.66,0.16,2.07
2020-11-04,9.8,9.6,9.85,9.51,434836,419797760.0,3.48,-1.84,-0.18,1.8
2020-11-05,9.76,10.0,10.23,9.75,930545,933010544.0,5.0,4.17,0.4,3.85
2020-11-06,10.04,10.04,10.1,9.91,520205,520267024.0,1.9,0.4,0.04,2.15
2020-11-09,10.16,10.55,10.72,10.15,1166004,1227220624.0,5.68,5.08,0.51,4.83
2020-11-10,10.58,10.31,10.58,10.25,678266,702641312.0,3.13,-2.27,-0.24,2.81
2020-11-11,10.3,10.03,10.35,10.01,487044,492132880.0,3.3,-2.72,-0.28,2.02
2020-11-12,10.08,10.02,10.14,9.95,343132,343807584.0,1.89,-0.1,-0.01,1.42
2020-11-13,9.97,10.01,10.06,9.86,303224,302456176.0,2.0,-0.1,-0.01,1.25
2020-11-16,10.09,10.0,10.14,9.92,299811,299485488.0,2.2,-0.1,-0.01,1.24
2020-11-17,10.0,9.94,10.01,9.78,394720,389391472.0,2.3,-0.6,-0.06,1.63
2020-11-18,9.93,9.95,10.07,9.92,288820,288358928.0,1.51,0.1,0.01,1.2
2020-11-19,9.91,9.94,10.04,9.85,281505,280281872.0,1.91,-0.1,-0.01,1.16
2020-11-20,9.94,9.87,9.98,9.83,317022,313105952.0,1.51,-0.7,-0.07,1.31
2020-11-23,9.88,9.97,10.04,9.8,434206,431125952.0,2.43,1.01,0.1,1.8
2020-11-24,9.99,9.91,10.1,9.9,341485,340716240.0,2.01,-0.6,-0.06,1.41
2020-11-25,9.95,9.81,9.96,9.81,336945,332360368.0,1.51,-1.01,-0.1,1.39
2020-11-26,9.81,9.78,9.87,9.76,251934,246959390.0,1.12,-0.31,-0.03,1.04
2020-11-27,9.77,9.82,9.87,9.71,251653,246235208.0,1.64,0.41,0.04,1.04
2020-11-30,9.82,9.9,9.98,9.76,425684,421697952.0,2.24,0.81,0.08,1.76
2020-12-01,9.84,10.05,10.08,9.84,575098,574811680.0,2.42,1.52,0.15,2.38
2020-12-02,10.02,10.23,10.34,9.98,869316,884993328.0,3.58,1.79,0.18,3.6
2020-12-03,10.22,10.15,10.29,10.08,494589,503145008.0,2.05,-0.78,-0.08,2.05
2020-12-04,10.09,10.16,10.22,10.06,315788,319983408.0,1.58,0.1,0.01,1.31
2020-12-07,10.27,10.34,10.44,10.17,715144,738396272.0,2.66,1.77,0.18,2.96
2020-12-08,10.36,10.26,10.5,10.21,565248,584720800.0,2.8,-0.77,-0.08,2.34
2020-12-09,10.2,9.92,10.25,9.89,511120,515638576.0,3.51,-3.31,-0.34,2.12
2020-12-10,9.9,9.87,9.97,9.79,314121,310463136.0,1.81,-0.5,-0.05,1.3
2020-12-11,9.85,9.58,9.89,9.52,473534,457117088.0,3.75,-2.94,-0.29,1.96
2020-12-14,9.61,9.66,9.78,9.51,257924,248650086.0,2.82,0.84,0.08,1.07
2020-12-15,9.62,9.6,9.65,9.53,202651,194415686.0,1.24,-0.62,-0.06,0.84
2020-12-16,9.65,9.14,9.69,9.1,596130,552670608.0,6.15,-4.79,-0.46,2.47
2020-12-17,9.11,9.31,9.34,8.8,571565,517849744.0,5.91,1.86,0.17,2.37
2020-12-18,9.25,9.11,9.32,9.1,302319,277338208.0,2.36,-2.15,-0.2,1.25
2020-12-21,9.1,9.16,9.25,9.04,262102,240389924.0,2.31,0.55,0.05,1.08
2020-12-22,9.12,8.94,9.15,8.91,447876,403267392.0,2.62,-2.4,-0.22,1.85
2020-12-23,8.93,8.97,9.03,8.85,333380,298269936.0,2.01,0.34,0.03,1.38
2020-12-24,9.0,8.64,9.0,8.61,472854,414151136.0,4.35,-3.68,-0.33,1.96
2020-12-25,8.63,8.6,8.74,8.55,281933,243751663.0,2.2,-0.46,-0.04,1.17
2020-12-28,8.63,8.62,8.73,8.45,357491,307049312.0,3.26,0.23,0.02,1.48
2020-12-29,8.6,8.81,8.94,8.57,409083,361049712.0,4.29,2.2,0.19,1.69
2020-12-30,8.8,8.8,8.88,8.67,327681,287703888.0,2.38,-0.11,-0.01,1.36
2020-12-31,8.82,8.89,9.03,8.76,391636,348436528.0,3.07,1.02,0.09,1.62
2021-01-04,9.0,9.02,9.13,8.91,475790,429047184.0,2.47,1.46,0.13,1.96
2021-01-05,8.92,9.11,9.11,8.82,681914,610020624.0,3.22,1.0,0.09,2.81
2021-01-06,9.06,8.83,9.07,8.8,520329,461463472.0,2.96,-3.07,-0.28,2.15
2021-01-07,8.83,8.53,8.83,8.43,531967,456592464.0,4.53,-3.4,-0.3,2.19
2021-01-08,8.51,8.82,8.96,8.44,612826,537051504.0,6.1,3.4,0.29,2.53
2021-01-11,8.84,8.72,9.0,8.71,542264,481366128.0,3.29,-1.13,-0.1,2.24
2021-01-12,8.7,8.92,9.03,8.64,595869,527860480.0,4.47,2.29,0.2,2.46
2021-01-13,8.9,9.26,9.33,8.83,1145046,1045826480.0,5.61,3.81,0.34,4.72
2021-01-14,9.21,9.32,9.49,9.16,912194,852852720.0,3.56,0.65,0.06,3.76
2021-01-15,9.21,9.1,9.35,9.01,589010,539757744.0,3.65,-2.36,-0.22,2.43
2021-01-18,9.16,9.29,9.42,9.08,558976,518191232.0,3.74,2.09,0.19,2.31
2021-01-19,9.25,9.07,9.25,9.03,519907,474892544.0,2.37,-2.37,-0.22,2.15
2021-01-20,9.03,8.99,9.13,8.95,411572,371174640.0,1.98,-0.88,-0.08,1.7
2021-01-21,9.02,9.15,9.26,9.01,596640,545092976.0,2.78,1.78,0.16,2.46
2021-01-22,9.08,8.66,9.1,8.65,849445,745913040.0,4.92,-5.36,-0.49,3.5
2021-01-25,8.56,8.24,8.56,8.17,837434,693704528.0,4.5,-4.85,-0.42,3.46
2021-01-26,8.24,8.1,8.34,8.0,611483,496422384.0,4.13,-1.7,-0.14,2.52
2021-01-27,8.07,7.94,8.13,7.93,570561,456298368.0,2.47,-1.98,-0.16,2.35
2021-01-28,7.79,7.7,7.93,7.68,524978,409232032.0,3.15,-3.02,-0.24,2.17
2021-01-29,7.8,7.54,7.8,7.37,514696,388814128.0,5.58,-2.08,-0.16,2.12
2021-02-01,7.65,7.96,8.02,7.63,618984,484923584.0,5.17,5.57,0.42,2.55
2021-02-02,8.0,7.99,8.01,7.85,390596,310035120.0,2.01,0.38,0.03,1.61
2021-02-03,7.99,7.79,8.06,7.76,365249,289171152.0,3.75,-2.5,-0.2,1.51
2021-02-04,7.81,7.71,7.84,7.5,350563,267213759.0,4.36,-1.03,-0.08,1.45
2021-02-05,7.72,7.46,7.8,7.42,314364,238714016.0,4.93,-3.24,-0.25,1.3
2021-02-08,7.47,7.54,7.59,7.43,231568,174015576.0,2.14,1.07,0.08,0.96
2021-02-09,7.51,7.74,7.75,7.47,335766,256259175.0,3.71,2.65,0.2,1.39
2021-02-10,7.75,7.81,7.87,7.67,307299,239229494.0,2.58,0.9,0.07,1.27
2021-02-18,8.0,8.02,8.21,8.0,462327,373211104.0,2.69,2.69,0.21,1.91
2021-02-19,8.0,8.16,8.18,7.95,367357,297139248.0,2.87,1.75,0.14,1.52
2021-02-22,8.18,8.07,8.33,8.06,562223,462129936.0,3.31,-1.1,-0.09,2.32
2021-02-23,8.1,8.24,8.43,8.1,631511,523265424.0,4.09,2.11,0.17,2.61
2021-02-24,8.23,8.21,8.35,8.1,468179,385555056.0,3.03,-0.36,-0.03,1.93
2021-02-25,8.23,8.13,8.3,8.12,351177,288407840.0,2.19,-0.97,-0.08,1.45
2021-02-26,8.0,8.07,8.18,7.9,369641,298562464.0,3.44,-0.74,-0.06,1.53
2021-03-01,8.17,8.38,8.4,8.17,500169,416543824.0,2.85,3.84,0.31,2.06
2021-03-02,8.4,8.26,8.42,8.21,360635,298766960.0,2.51,-1.43,-0.12,1.49
2021-03-03,8.26,8.3,8.32,8.21,267341,221214698.0,1.33,0.48,0.04,1.1
2021-03-04,8.26,8.15,8.34,8.09,390024,319324416.0,3.01,-1.81,-0.15,1.61
2021-03-05,8.11,8.34,8.39,8.08,408903,338635984.0,3.8,2.33,0.19,1.69
2021-03-08,8.39,8.3,8.58,8.3,520131,439597952.0,3.36,-0.48,-0.04,2.15
2021-03-09,8.33,8.21,8.42,8.12,479908,397955008.0,3.61,-1.08,-0.09,1.98
2021-03-10,8.31,7.71,8.35,7.65,716421,561907872.0,8.53,-6.09,-0.5,2.96
2021-03-11,7.72,7.8,7.84,7.6,368853,286040944.0,3.11,1.17,0.09,1.52
2021-03-12,7.81,7.68,7.83,7.63,324296,249232798.0,2.56,-1.54,-0.12,1.34
2021-03-15,7.65,7.6,7.65,7.51,258364,195587436.0,1.82,-1.04,-0.08,1.07
2021-03-16,7.62,7.59,7.66,7.53,205002,155540975.0,1.71,-0.13,-0.01,0.85
2021-03-17,7.57,7.65,7.73,7.51,250192,190943611.0,2.9,0.79,0.06,1.03
2021-03-18,7.63,7.55,7.65,7.55,227247,172209552.0,1.31,-1.31,-0.1,0.94
2021-03-19,7.51,7.49,7.61,7.45,227303,170639228.0,2.12,-0.79,-0.06,0.94
2021-03-22,7.5,7.62,7.63,7.44,235331,177768721.0,2.54,1.74,0.13,0.97
2021-03-23,7.62,7.67,7.77,7.6,300914,231211281.0,2.23,0.66,0.05,1.24
2021-03-24,7.64,7.59,7.68,7.56,192555,146462466.0,1.56,-1.04,-0.08,0.79
2021-03-25,7.55,7.57,7.65,7.52,188384,142986454.0,1.71,-0.26,-0.02,0.78
2021-03-26,7.56,7.66,7.7,7.55,215013,163878929.0,1.98,1.19,0.09,0.89
2021-03-29,7.7,7.58,7.71,7.58,223894,170767605.0,1.7,-1.04,-0.08,0.92
2021-03-30,7.58,7.43,7.59,7.4,286415,213198932.0,2.51,-1.98,-0.15,1.18
2021-03-31,7.45,7.43,7.47,7.4,198563,147579691.0,0.94,0.0,0.0,0.82
2021-04-01,7.43,7.43,7.48,7.42,185207,137836733.0,0.81,0.0,0.0,0.76
2021-04-02,7.45,7.52,7.6,7.43,319235,240293375.0,2.29,1.21,0.09,1.31
2021-04-06,7.55,7.62,7.67,7.52,257940,196149599.0,1.99,1.33,0.1,1.06
2021-04-07,7.6,7.57,7.61,7.51,200687,151411306.0,1.31,-0.66,-0.05,0.83
2021-04-08,7.71,7.62,7.85,7.6,431589,332920160.0,3.3,0.66,0.05,1.78
2021-04-09,7.6,7.5,7.61,7.48,242952,182947782.0,1.71,-1.57,-0.12,1.0
2021-04-12,7.5,7.42,7.51,7.39,214373,159404821.0,1.6,-1.07,-0.08,0.88
2021-04-13,7.4,7.45,7.48,7.39,167007,124108754.0,1.21,0.4,0.03,0.69
2021-04-14,7.43,7.5,7.55,7.42,211399,158504681.0,1.74,0.67,0.05,0.87
2021-04-15,7.48,7.23,7.49,7.2,393481,285669808.0,3.87,-3.6,-0.27,1.62
2021-04-16,7.25,7.33,7.35,7.22,218772,159510085.0,1.8,1.38,0.1,0.9
2021-04-19,7.34,8.09,8.25,7.34,1419558,1130361808.0,12.41,10.37,0.76,5.85
2021-04-20,8.09,7.84,8.14,7.81,958806,762830160.0,4.08,-3.09,-0.25,3.95
2021-04-21,7.8,7.67,7.86,7.65,512275,395356704.0,2.68,-2.17,-0.17,2.11
2021-04-22,7.73,7.67,7.84,7.62,542767,418526384.0,2.87,0.0,0.0,2.24
2021-04-23,7.66,7.64,7.67,7.56,372626,283517888.0,1.43,-0.39,-0.03,1.53
2021-04-26,7.64,7.55,7.73,7.53,437953,333657616.0,2.62,-1.18,-0.09,1.8
2021-04-27,7.43,7.32,7.45,7.23,446606,326776448.0,2.91,-3.05,-0.23,1.84
2021-04-28,7.43,7.46,7.61,7.4,441591,331028224.0,2.87,1.91,0.14,1.82
2021-04-29,7.41,7.42,7.51,7.31,237468,176384009.0,2.68,-0.54,-0.04,0.98
2021-04-30,7.46,7.56,7.57,7.4,353169,264367977.0,2.29,1.89,0.14,1.45
2021-05-06,7.59,7.69,7.81,7.57,442007,340656768.0,3.17,1.72,0.13,1.82
2021-05-07,7.7,7.62,7.72,7.57,298971,227883826.0,1.95,-0.91,-0.07,1.23
2021-05-10,7.65,7.44,7.68,7.43,340065,255319898.0,3.28,-2.36,-0.18,1.4
2021-05-11,7.4,7.55,7.55,7.37,264681,197961309.0,2.42,1.48,0.11,1.09
2021-05-12,7.51,7.6,7.62,7.46,225269,169891914.0,2.12,0.66,0.05,0.93
2021-05-13,7.56,7.82,7.97,7.53,718213,560593744.0,5.79,2.89,0.22,2.96
2021-05-14,7.85,7.87,7.89,7.76,414678,324934416.0,1.66,0.64,0.05,1.71
2021-05-17,7.86,7.82,8.03,7.77,407767,321786672.0,3.3,-0.64,-0.05,1.68
2021-05-18,7.82,8.0,8.07,7.78,481886,383526928.0,3.71,2.3,0.18,1.98
2021-05-19,8.01,7.97,8.04,7.86,422112,335450624.0,2.25,-0.38,-0.03,1.74
2021-05-20,7.92,7.86,7.96,7.82,307897,242602377.0,1.76,-1.38,-0.11,1.27
2021-05-21,7.89,7.84,8.04,7.83,301036,238433717.0,2.67,-0.25,-0.02,1.24
2021-05-24,7.8,8.03,8.04,7.8,410430,326750688.0,3.06,2.42,0.19,1.69
2021-05-25,8.01,8.0,8.06,7.95,484773,388717696.0,1.37,-0.37,-0.03,2.0
2021-05-26,8.01,7.98,8.16,7.97,471783,380451264.0,2.38,-0.25,-0.02,1.94
2021-05-27,8.01,8.13,8.28,7.97,595873,485036528.0,3.88,1.88,0.15,2.45
2021-05-28,8.22,8.17,8.35,8.13,685427,564839616.0,2.71,0.49,0.04,2.82
2021-05-31,8.22,8.25,8.32,8.12,437680,360257376.0,2.45,0.98,0.08,1.8
2021-06-01,8.25,8.32,8.35,8.15,492075,406715024.0,2.42,0.85,0.07,2.03
2021-06-02,8.31,8.08,8.33,8.06,515525,421201584.0,3.25,-2.88,-0.24,2.12
2021-06-03,8.04,8.29,8.5,8.04,792407,659421408.0,5.69,2.6,0.21,3.26
2021-06-04,8.26,8.29,8.37,8.23,402133,333223328.0,1.69,0.0,0.0,1.66
2021-06-07,8.3,8.45,8.5,8.3,534785,450512352.0,2.41,1.93,0.16,2.2
2021-06-08,8.43,8.38,8.47,8.31,392413,328689216.0,1.89,-0.83,-0.07,1.62
2021-06-09,8.36,8.26,8.41,8.24,348472,289326720.0,2.03,-1.43,-0.12,1.44
2021-06-10,8.27,8.25,8.32,8.18,374113,308312720.0,1.69,-0.12,-0.01,1.54
2021-06-11,8.29,7.87,8.29,7.87,722860,580772608.0,5.09,-4.61,-0.38,2.98
2021-06-15,7.9,7.94,8.09,7.9,340416,272199728.0,2.41,0.89,0.07,1.4
2021-06-16,7.97,7.93,8.1,7.91,294635,235380177.0,2.39,-0.13,-0.01,1.21
2021-06-17,7.93,7.99,8.06,7.84,391949,311693328.0,2.77,0.76,0.06,1.61
2021-06-18,8.03,8.21,8.3,7.93,645040,527260560.0,4.63,2.75,0.22,2.66
2021-06-21,8.21,8.29,8.33,8.12,544582,449310128.0,2.56,0.97,0.08,2.24
2021-06-22,8.33,8.24,8.34,8.18,366415,301675616.0,1.93,-0.6,-0.05,1.51
2021-06-23,8.25,8.58,8.64,8.2,967628,816476224.0,5.34,4.13,0.34,3.98
2021-06-24,8.49,8.46,8.66,8.41,591674,502702784.0,2.91,-1.4,-0.12,2.44
2021-06-25,8.43,8.45,8.64,8.32,525758,445194832.0,3.78,-0.12,-0.01,2.17
2021-06-28,8.46,8.37,8.52,8.33,468083,394121232.0,2.25,-0.95,-0.08,1.93
2021-06-29,8.39,8.15,8.39,8.14,426759,351508992.0,2.99,-2.63,-0.22,1.76
2021-06-30,8.16,8.26,8.37,8.16,347965,287989248.0,2.58,1.35,0.11,1.42
2021-07-01,8.29,8.01,8.3,7.98,442656,359036656.0,3.87,-3.03,-0.25,1.81
2021-07-02,7.98,8.0,8.07,7.93,268435,214819620.0,1.75,-0.12,-0.01,1.1
2021-07-05,8.03,8.13,8.14,7.97,298634,241030149.0,2.13,1.63,0.13,1.22
2021-07-06,8.12,8.12,8.18,8.01,302532,244847665.0,2.09,-0.12,-0.01,1.24
2021-07-07,8.08,8.09,8.12,8.03,289967,234099362.0,1.11,-0.37,-0.03,1.19
2021-07-08,8.05,8.44,8.49,8.04,868331,723888368.0,5.56,4.33,0.35,3.55
2021-07-09,8.35,8.54,8.58,8.33,769655,653863392.0,2.96,1.18,0.1,3.15
2021-07-12,8.61,8.49,8.61,8.4,639677,543624368.0,2.46,-0.59,-0.05,2.62
2021-07-13,8.56,8.41,8.61,8.26,601748,503436240.0,4.12,-0.94,-0.08,2.46
2021-07-14,8.39,8.6,8.87,8.38,1259617,1092961216.0,5.83,2.26,0.19,5.16
2021-07-15,8.53,8.38,8.66,8.33,691992,584095280.0,3.84,-2.56,-0.22,2.83
2021-07-16,8.35,8.69,8.83,8.35,1037227,899880400.0,5.73,3.7,0.31,4.25
2021-07-19,8.71,8.72,8.78,8.55,663111,575368624.0,2.65,0.35,0.03,2.71
2021-07-20,8.61,8.67,8.73,8.52,510782,439878368.0,2.41,-0.57,-0.05,2.09
2021-07-21,8.68,8.58,8.81,8.57,757718,657378624.0,2.77,-1.04,-0.09,3.1
2021-07-22,8.59,8.8,8.88,8.38,1025358,888512864.0,5.83,2.56,0.22,4.2
2021-07-23,8.75,8.58,8.86,8.58,655219,570483664.0,3.18,-2.5,-0.22,2.68
2021-07-26,8.6,8.37,8.69,8.23,653746,553094256.0,5.36,-2.45,-0.21,2.68
2021-07-27,8.41,8.59,8.91,8.39,1302273,1132257680.0,6.21,2.63,0.22,5.33
2021-07-28,8.5,8.22,8.58,8.16,837990,697089712.0,4.89,-4.31,-0.37,3.43
2021-07-29,8.37,8.41,8.52,8.28,629864,529518528.0,2.92,2.31,0.19,2.58
2021-07-30,8.43,8.97,9.06,8.41,1670794,1480476432.0,7.73,6.66,0.56,6.84
2021-08-02,8.9,8.96,8.99,8.77,1032902,916766848.0,2.45,-0.11,-0.01,4.23
2021-08-03,8.94,8.74,8.94,8.68,831610,729611600.0,2.9,-2.46,-0.22,3.4
2021-08-04,8.69,8.8,8.87,8.68,659178,577946048.0,2.17,0.69,0.06,2.7
2021-08-05,8.73,8.59,8.76,8.51,727635,626878256.0,2.84,-2.39,-0.21,2.98
2021-08-06,8.59,8.8,8.96,8.59,1010992,893122544.0,4.31,2.44,0.21,4.14
2021-08-09,8.92,8.68,8.96,8.55,749790,648894464.0,4.66,-1.36,-0.12,3.07
2021-08-10,8.65,8.73,8.74,8.59,495821,430039232.0,1.73,0.58,0.05,2.03
2021-08-11,8.72,8.64,8.73,8.6,451936,390465632.0,1.49,-1.03,-0.09,1.85
2021-08-12,8.65,8.8,8.85,8.59,687992,601717712.0,3.01,1.85,0.16,2.82
2021-08-13,8.84,8.62,8.84,8.61,596305,516646832.0,2.61,-2.05,-0.18,2.44
2021-08-16,8.58,8.47,8.66,8.45,569762,485274096.0,2.44,-1.74,-0.15,2.33
2021-08-17,8.49,8.26,8.53,8.19,520915,436225776.0,4.01,-2.48,-0.21,2.13
2021-08-18,8.19,8.14,8.27,8.02,577845,468913600.0,3.03,-1.45,-0.12,2.37
2021-08-19,8.14,8.14,8.24,8.08,292231,238312831.0,1.97,0.0,0.0,1.2
2021-08-20,8.14,8.01,8.15,7.97,378548,304487216.0,2.21,-1.6,-0.13,1.55
2021-08-23,8.03,8.17,8.17,8.03,308626,250898070.0,1.75,2.0,0.16,1.26
2021-08-24,8.18,8.09,8.21,8.04,352526,285041696.0,2.08,-0.98,-0.08,1.44
2021-08-25,8.07,7.81,8.08,7.81,637847,503575520.0,3.34,-3.46,-0.28,2.61
2021-08-26,7.76,7.83,7.94,7.75,299324,234497655.0,2.43,0.26,0.02,1.23
2021-08-27,7.56,7.11,7.56,6.81,1514360,1085751568.0,9.58,-9.2,-0.72,6.2
2021-08-30,7.12,7.17,7.25,7.05,545982,389795776.0,2.81,0.84,0.06,2.24
2021-08-31,7.17,7.02,7.17,6.88,556472,388324656.0,4.04,-2.09,-0.15,2.28
2021-09-01,7.0,7.04,7.1,6.94,352791,247905642.0,2.28,0.28,0.02,1.44
2021-09-02,7.05,7.0,7.06,6.95,364834,254852012.0,1.56,-0.57,-0.04,1.49
2021-09-03,7.01,7.16,7.22,7.01,519173,369920464.0,3.0,2.29,0.16,2.13
2021-09-06,7.2,7.19,7.22,7.09,326138,233437830.0,1.82,0.42,0.03,1.34
2021-09-07,7.19,7.2,7.22,7.15,331713,237990459.0,0.97,0.14,0.01,1.36
2021-09-08,7.25,8.09,8.12,7.23,1982423,1550750496.0,12.36,12.36,0.89,8.12
2021-09-09,7.84,7.91,8.05,7.81,1095207,870293520.0,2.97,-2.22,-0.18,4.48
2021-09-10,8.0,8.65,8.87,7.93,2312951,1982658784.0,11.88,9.36,0.74,9.47
2021-09-13,8.54,8.86,8.99,8.54,1526162,1348131248.0,5.2,2.43,0.21,6.25
2021-09-14,8.83,8.62,8.94,8.56,1063103,927463872.0,4.29,-2.71,-0.24,4.35
2021-09-15,8.7,8.35,8.71,8.24,929460,775730608.0,5.45,-3.13,-0.27,3.81
2021-09-16,8.5,8.47,8.86,8.42,1068677,922708928.0,5.27,1.44,0.12,4.38
2021-09-17,8.4,8.25,8.52,8.13,711887,588394368.0,4.6,-2.6,-0.22,2.91
2021-09-22,8.1,8.13,8.33,8.08,404332,330240000.0,3.03,-1.45,-0.12,1.66
2021-09-23,8.14,8.12,8.36,8.08,489262,398913936.0,3.44,-0.12,-0.01,2.0
2021-09-24,8.15,8.01,8.2,8.0,464722,376255328.0,2.46,-1.35,-0.11,1.9
2021-09-27,8.05,7.77,8.24,7.75,530078,419612224.0,6.12,-3.0,-0.24,2.17
2021-09-28,7.81,7.68,7.87,7.56,359536,275556032.0,3.99,-1.16,-0.09,1.47
2021-09-29,7.64,7.36,7.66,7.36,451281,335950464.0,3.91,-4.17,-0.32,1.85
2021-09-30,7.45,7.41,7.59,7.4,292721,218458399.0,2.58,0.68,0.05,1.2
2021-10-08,7.52,7.63,7.82,7.49,361529,276858544.0,4.45,2.97,0.22,1.48
2021-10-11,7.96,8.19,8.22,7.84,886314,715871968.0,4.98,7.34,0.56,3.63
2021-10-12,8.07,8.07,8.15,7.99,478453,386315152.0,1.95,-1.47,-0.12,1.96
2021-10-13,8.09,8.4,8.65,8.06,866631,730954688.0,7.31,4.09,0.33,3.55
2021-10-14,8.34,8.47,8.53,8.32,511345,430723552.0,2.5,0.83,0.07,2.09
2021-10-15,8.66,8.36,8.66,8.34,561841,474868480.0,3.78,-1.3,-0.11,2.3
2021-10-18,8.39,8.31,8.39,8.11,446997,367920944.0,3.35,-0.6,-0.05,1.83
2021-10-19,8.3,8.24,8.35,8.16,292606,240956559.0,2.29,-0.84,-0.07,1.2
2021-10-20,8.25,8.13,8.31,8.11,289799,237326181.0,2.43,-1.33,-0.11,1.19
2021-10-21,8.12,8.13,8.21,8.06,259806,211108615.0,1.85,0.0,0.0,1.06
2021-10-22,8.15,7.81,8.47,7.76,640656,514227296.0,8.73,-3.94,-0.32,2.62
2021-10-25,8.29,9.37,9.37,8.22,2980305,2713229152.0,14.72,19.97,1.56,12.2
2021-10-26,9.81,10.65,10.95,9.61,4826567,4979787520.0,14.3,13.66,1.28,19.76
2021-10-27,10.66,10.56,10.83,10.26,2672934,2806278832.0,5.35,-0.85,-0.09,10.94
2021-10-28,10.66,10.14,10.66,10.05,1895486,1939975856.0,5.78,-3.98,-0.42,7.76
2021-10-29,10.28,10.26,10.5,9.95,2241193,2304828912.0,5.42,1.18,0.12,9.18
2021-11-01,10.37,10.76,11.36,10.2,2877141,3078476608.0,11.31,4.87,0.5,11.78
2021-11-02,11.01,10.63,11.09,10.49,1879434,2017042928.0,5.58,-1.21,-0.13,7.69
2021-11-03,10.52,10.57,11.11,10.48,1513276,1627820976.0,5.93,-0.56,-0.06,6.2
2021-11-04,10.68,11.09,11.09,10.37,2023446,2190311680.0,6.81,4.92,0.52,8.28
2021-11-05,11.0,11.61,12.22,10.86,3093185,3603158224.0,12.26,4.69,0.52,12.66
2021-11-08,11.47,11.23,11.66,11.11,1865865,2116637536.0,4.74,-3.27,-0.38,7.64
2021-11-09,11.38,11.26,11.48,10.88,1550298,1731799600.0,5.34,0.27,0.03,6.35
2021-11-10,11.76,12.52,13.5,11.67,3622743,4578963712.0,16.25,11.19,1.26,14.83
2021-11-11,12.6,12.43,13.18,12.28,2764853,3496965264.0,7.19,-0.72,-0.09,11.32
2021-11-12,12.76,12.7,12.92,12.36,1966666,2483278240.0,4.51,2.17,0.27,8.05
2021-11-15,12.75,12.51,12.92,12.13,1642343,2050528672.0,6.22,-1.5,-0.19,6.72
2021-11-16,12.4,12.43,12.9,12.02,2205337,2746612064.0,7.03,-0.64,-0.08,9.03
2021-11-17,12.3,12.15,12.33,11.8,1657399,2001253040.0,4.26,-2.25,-0.28,6.79
2021-11-18,12.15,12.69,12.74,12.0,2180629,2710476896.0,6.09,4.44,0.54,8.93
2021-11-19,12.4,12.45,12.6,12.21,1243756,1542491632.0,3.07,-1.89,-0.24,5.09
2021-11-22,12.69,12.75,13.39,12.6,1512505,1945810288.0,6.35,2.41,0.3,6.19
2021-11-23,12.51,13.2,13.2,12.17,1993956,2533649328.0,8.08,3.53,0.45,8.16
2021-11-24,13.0,12.85,13.47,12.81,1378377,1804887744.0,5.0,-2.65,-0.35,5.64
2021-11-25,13.05,11.92,13.09,11.82,1831770,2250783008.0,9.88,-7.24,-0.93,7.5
2021-11-26,11.72,11.53,11.87,11.29,1529695,1769217856.0,4.87,-3.27,-0.39,6.26
2021-11-29,11.48,11.41,11.59,11.22,986916,1126118304.0,3.21,-1.04,-0.12,4.04
2021-11-30,11.67,11.44,11.7,11.36,938070,1081683568.0,2.98,0.26,0.03,3.84
2021-12-01,11.28,11.17,11.51,11.03,1160687,1300388656.0,4.2,-2.36,-0.27,4.75
2021-12-02,11.2,10.9,11.28,10.85,864504,953338576.0,3.85,-2.42,-0.27,3.54
2021-12-03,11.01,10.92,11.33,10.86,810328,897195696.0,4.31,0.18,0.02,3.32
2021-12-06,10.99,11.16,11.52,10.96,1165927,1315908032.0,5.13,2.2,0.24,4.77
2021-12-07,11.18,11.29,11.45,11.1,898901,1012615776.0,3.14,1.16,0.13,3.68
2021-12-08,11.3,11.79,11.96,11.14,1153025,1341944192.0,7.26,4.43,0.5,4.72
2021-12-09,11.76,11.83,11.96,11.66,789817,932125792.0,2.54,0.34,0.04,3.23
2021-12-10,11.72,12.22,12.36,11.71,1081390,1311842528.0,5.49,3.3,0.39,4.43
2021-12-13,12.45,12.23,12.59,11.95,1095390,1348272752.0,5.24,0.08,0.01,4.48
2021-12-14,12.14,12.19,12.65,12.1,1054320,1301258336.0,4.5,-0.33,-0.04,4.32
2021-12-15,12.13,12.02,12.34,11.92,890232,1076969568.0,3.45,-1.39,-0.17,3.64
2021-12-16,12.13,12.12,12.25,11.88,674225,813095664.0,3.08,0.83,0.1,2.76
2021-12-17,12.04,11.7,12.11,11.45,917419,1078738048.0,5.45,-3.47,-0.42,3.76
2021-12-20,11.76,11.37,11.82,11.26,770776,884078192.0,4.79,-2.82,-0.33,3.16
2021-12-21,11.31,11.67,11.73,11.29,596284,687479920.0,3.87,2.64,0.3,2.44
2021-12-22,11.68,13.06,13.74,11.65,2373109,3062963376.0,17.91,11.91,1.39,9.72
2021-12-23,13.09,13.5,13.92,12.9,2004175,2685910416.0,7.81,3.37,0.44,8.2
2021-12-24,13.73,13.46,14.17,13.42,1570514,2155016768.0,5.56,-0.3,-0.04,6.43
2021-12-27,13.74,13.67,14.17,13.11,1333032,1820562208.0,7.88,1.56,0.21,5.46
2021-12-28,13.72,13.55,13.95,13.35,1001171,1360134896.0,4.39,-0.88,-0.12,4.1
2021-12-29,13.61,13.15,13.65,13.01,997987,1321463408.0,4.72,-2.95,-0.4,4.09
2021-12-30,13.23,13.3,13.64,13.09,960097,1276160240.0,4.18,1.14,0.15,3.93
2021-12-31,13.25,13.28,13.46,12.98,850948,1126272576.0,3.61,-0.15,-0.02,3.48
2022-01-04,13.25,14.1,14.24,13.21,1790244,2480882448.0,7.76,6.17,0.82,7.33
2022-01-05,13.99,12.69,13.99,11.99,2376054,2991908672.0,14.18,-10.0,-1.41,9.73
2022-01-06,12.2,12.8,12.92,12.14,1074059,1354340400.0,6.15,0.87,0.11,4.4
2022-01-07,12.8,12.38,12.85,12.22,837614,1048231104.0,4.92,-3.28,-0.42,3.43
2022-01-10,12.16,11.95,12.53,11.79,944797,1140809840.0,5.98,-3.47,-0.43,3.87
2022-01-11,11.95,11.06,12.04,11.01,1722498,1960972208.0,8.62,-7.45,-0.89,7.05
2022-01-12,11.28,11.3,11.35,10.81,1333532,1474427632.0,4.88,2.17,0.24,5.46
2022-01-13,11.2,11.16,11.57,11.1,940598,1063171616.0,4.16,-1.24,-0.14,3.85
2022-01-14,11.0,11.85,12.07,10.93,1229073,1436036880.0,10.22,6.18,0.69,5.03
2022-01-17,11.7,12.25,12.55,11.55,1182810,1444282176.0,8.44,3.38,0.4,4.84
2022-01-18,12.19,12.06,12.43,12.0,635909,772944368.0,3.51,-1.55,-0.19,2.6
2022-01-19,12.07,11.64,12.13,11.48,869361,1021964112.0,5.39,-3.48,-0.42,3.56
2022-01-20,11.68,11.37,11.75,11.31,540710,621241392.0,3.78,-2.32,-0.27,2.21
2022-01-21,11.3,11.34,11.55,11.21,509336,578718816.0,2.99,-0.26,-0.03,2.09
2022-01-24,11.33,11.54,11.79,11.2,546093,626110720.0,5.2,1.76,0.2,2.24
2022-01-25,11.51,10.83,11.66,10.83,776564,864563168.0,7.19,-6.15,-0.71,3.18
2022-01-26,10.99,10.84,11.23,10.73,727647,795389584.0,4.62,0.09,0.01,2.98
2022-01-27,10.88,10.4,10.88,10.4,678485,715939120.0,4.43,-4.06,-0.44,2.78
2022-01-28,10.62,10.21,10.75,10.19,557341,577991808.0,5.38,-1.83,-0.19,2.28
2022-02-07,10.45,9.89,10.49,9.74,1014374,1010857680.0,7.35,-3.13,-0.32,4.15
2022-02-08,9.84,10.01,10.15,9.7,709539,702747200.0,4.55,1.21,0.12,2.9
2022-02-09,10.01,10.27,10.32,9.9,699501,710226560.0,4.2,2.6,0.26,2.86
2022-02-10,10.25,10.0,10.34,9.92,641035,645941696.0,4.09,-2.63,-0.27,2.62
2022-02-11,10.0,9.4,10.03,9.38,1085521,1042717440.0,6.5,-6.0,-0.6,4.44
2022-02-14,9.41,9.43,9.77,9.32,839752,796974624.0,4.79,0.32,0.03,3.44
2022-02-15,9.47,9.82,9.97,9.47,897886,879004608.0,5.3,4.14,0.39,3.68
2022-02-16,10.05,9.75,10.1,9.68,643126,628631488.0,4.28,-0.71,-0.07,2.63
2022-02-17,9.7,9.86,10.02,9.65,705031,693429040.0,3.79,1.13,0.11,2.89
2022-02-18,9.72,9.87,9.89,9.67,427700,419407488.0,2.23,0.1,0.01,1.75
2022-02-21,9.86,9.92,10.08,9.82,831822,826869632.0,2.63,0.51,0.05,3.41
2022-02-22,9.78,9.71,9.81,9.55,633984,612885248.0,2.62,-2.12,-0.21,2.6
2022-02-23,9.73,10.19,10.22,9.72,974685,981307984.0,5.15,4.94,0.48,3.99
2022-02-24,10.09,9.64,10.17,9.52,1046240,1026539968.0,6.38,-5.4,-0.55,4.28
2022-02-25,9.8,9.7,10.1,9.62,751448,739714464.0,4.98,0.62,0.06,3.08
2022-02-28,9.6,9.63,9.72,9.47,539058,515487392.0,2.58,-0.72,-0.07,2.21
2022-03-01,9.64,9.73,9.87,9.61,566348,551888512.0,2.7,1.04,0.1,2.32
2022-03-02,9.58,9.51,9.64,9.46,542950,517008688.0,1.85,-2.26,-0.22,2.22
2022-03-03,9.53,9.27,9.59,9.21,666122,622367568.0,4.0,-2.52,-0.24,2.73
2022-03-04,9.18,9.13,9.29,9.03,639245,584908224.0,2.8,-1.51,-0.14,2.62
2022-03-07,9.04,8.86,9.08,8.81,535604,477196816.0,2.96,-2.96,-0.27,2.19
2022-03-08,8.96,8.75,9.04,8.62,683526,604102288.0,4.74,-1.24,-0.11,2.8
2022-03-09,8.79,8.6,8.88,8.22,615310,526356928.0,7.54,-1.71,-0.15,2.52
2022-03-10,8.85,8.7,8.93,8.68,522962,459287168.0,2.91,1.16,0.1,2.14
2022-03-11,8.54,8.66,8.75,8.36,686552,586705936.0,4.48,-0.46,-0.04,2.81
2022-03-14,8.59,8.57,8.82,8.56,486845,422537088.0,3.0,-1.04,-0.09,1.99
2022-03-15,8.47,7.99,8.53,7.97,749996,618364512.0,6.53,-6.77,-0.58,3.07
2022-03-16,8.17,8.26,8.3,7.74,805136,647399136.0,7.01,3.38,0.27,3.3
2022-03-17,8.41,8.67,8.91,8.38,986343,857201104.0,6.42,4.96,0.41,4.04
2022-03-18,8.58,8.6,8.68,8.45,494836,424090304.0,2.65,-0.81,-0.07,2.03
2022-03-21,8.56,8.66,8.84,8.53,557953,484951200.0,3.6,0.7,0.06,2.28
2022-03-22,8.6,8.71,8.81,8.54,499058,434470128.0,3.12,0.58,0.05,2.04
2022-03-23,8.76,8.7,8.82,8.63,397270,346506528.0,2.18,-0.11,-0.01,1.63
2022-03-24,8.63,8.54,8.68,8.49,392682,336448448.0,2.18,-1.84,-0.16,1.61
2022-03-25,8.58,8.4,8.75,8.39,497314,425874336.0,4.22,-1.64,-0.14,2.04
2022-03-28,8.31,8.42,8.49,8.2,393285,328763216.0,3.45,0.24,0.02,1.61
2022-03-29,8.53,8.18,8.97,8.1,1354367,1149577728.0,10.33,-2.85,-0.24,5.54
2022-03-30,8.18,8.36,8.49,8.16,781199,650333488.0,4.03,2.2,0.18,3.2
2022-03-31,8.3,8.16,8.36,8.13,553189,454162016.0,2.75,-2.39,-0.2,2.26
2022-04-01,8.09,8.1,8.24,7.96,588103,476126672.0,3.43,-0.74,-0.06,2.41
2022-04-06,8.04,7.9,8.07,7.79,774662,610774512.0,3.46,-2.47,-0.2,3.17
2022-04-07,7.8,7.55,7.92,7.55,748056,575846432.0,4.68,-4.43,-0.35,3.06
2022-04-08,7.51,7.37,7.61,7.31,914999,677289984.0,3.97,-2.38,-0.18,3.75
2022-04-11,7.35,6.96,7.35,6.93,839026,594370400.0,5.7,-5.56,-0.41,3.43
2022-04-12,7.0,7.09,7.09,6.83,662195,462543680.0,3.74,1.87,0.13,2.71
2022-04-13,7.04,6.84,7.05,6.82,534509,369284400.0,3.24,-3.53,-0.25,2.19
2022-04-14,6.92,7.0,7.04,6.87,513837,357630992.0,2.49,2.34,0.16,2.1
2022-04-15,6.93,6.88,6.98,6.82,451508,311453040.0,2.29,-1.71,-0.12,1.85
2022-04-18,6.83,7.0,7.03,6.74,446704,309473232.0,4.22,1.74,0.12,1.83
2022-04-19,7.11,6.92,7.14,6.86,446638,311047216.0,4.0,-1.14,-0.08,1.83
2022-04-20,6.92,6.85,7.18,6.82,678624,475228432.0,5.2,-1.01,-0.07,2.78
2022-04-21,6.8,6.65,6.99,6.59,601480,407322384.0,5.84,-2.92,-0.2,2.46
2022-04-22,6.57,6.5,6.66,6.43,562488,367681536.0,3.46,-2.26,-0.15,2.3
2022-04-25,6.3,5.82,6.31,5.8,1252688,757662288.0,7.85,-10.46,-0.68,5.13
2022-04-26,5.89,5.64,5.97,5.61,741736,429071680.0,6.19,-3.09,-0.18,3.04
2022-04-27,5.59,5.95,6.0,5.54,844564,487715600.0,8.16,5.5,0.31,3.46
2022-04-28,5.92,5.79,5.96,5.7,581787,338045952.0,4.37,-2.69,-0.16,2.38
2022-04-29,5.9,6.14,6.17,5.85,717352,432627488.0,5.53,6.04,0.35,2.94
2022-05-05,6.13,6.07,6.18,6.06,595063,363872896.0,1.95,-1.14,-0.07,2.44
2022-05-06,5.9,5.85,5.95,5.84,499621,294066080.0,1.81,-3.62,-0.22,2.05
2022-05-09,5.86,5.91,5.97,5.82,424334,250951293.0,2.56,1.03,0.06,1.74
2022-05-10,5.82,6.07,6.09,5.78,615383,367632016.0,5.25,2.71,0.16,2.52
2022-05-11,6.09,6.45,6.77,6.07,1586573,1025282240.0,11.53,6.26,0.38,6.5
2022-05-12,6.35,6.32,6.44,6.25,927902,587735952.0,2.95,-2.02,-0.13,3.8
2022-05-13,6.38,6.33,6.44,6.22,606331,383243888.0,3.48,0.16,0.01,2.48
2022-05-16,6.38,6.28,6.48,6.23,586368,370606208.0,3.95,-0.79,-0.05,2.4
2022-05-17,6.3,6.57,6.66,6.22,1536239,997673680.0,7.01,4.62,0.29,6.29
2022-05-18,6.55,6.8,6.83,6.47,1653554,1103192256.0,5.48,3.5,0.23,6.77
2022-05-19,6.65,6.65,6.7,6.52,1312732,867158800.0,2.65,-2.21,-0.15,5.37
2022-05-20,6.69,6.71,6.86,6.63,1053294,707728640.0,3.46,0.9,0.06,4.31
2022-05-23,6.73,6.78,6.79,6.65,927397,623279536.0,2.09,1.04,0.07,3.8
2022-05-24,6.72,6.36,6.78,6.33,1240637,815706272.0,6.64,-6.19,-0.42,5.08
2022-05-25,6.36,6.5,6.53,6.32,664620,426842288.0,3.3,2.2,0.14,2.72
2022-05-26,6.52,6.53,6.54,6.32,726740,469095088.0,3.38,0.46,0.03,2.98
2022-05-27,6.57,6.44,6.66,6.36,704469,459469632.0,4.59,-1.38,-0.09,2.88
2022-05-30,6.47,6.51,6.58,6.4,528884,343262832.0,2.8,1.09,0.07,2.17
2022-05-31,6.5,6.91,7.07,6.38,2032188,1389729280.0,10.6,6.14,0.4,8.32
2022-06-01,6.91,6.78,6.93,6.73,1122905,765294800.0,2.89,-1.88,-0.13,4.6
2022-06-02,6.79,7.07,7.13,6.75,1511538,1053696592.0,5.6,4.28,0.29,6.19
2022-06-06,7.08,7.21,7.24,7.02,1364033,976261760.0,3.11,1.98,0.14,5.58
2022-06-07,7.18,7.05,7.25,6.98,942305,667336784.0,3.74,-2.22,-0.16,3.86
2022-06-08,7.05,6.98,7.09,6.83,875673,609167472.0,3.69,-0.99,-0.07,3.58
2022-06-09,6.9,6.72,6.94,6.7,746903,506821600.0,3.44,-3.72,-0.26,3.06
2022-06-10,6.67,6.9,6.95,6.65,657370,448817168.0,4.46,2.68,0.18,2.69
2022-06-13,6.84,7.06,7.21,6.8,1066667,752261888.0,5.94,2.32,0.16,4.37
2022-06-14,6.94,7.14,7.17,6.71,1107338,768133952.0,6.52,1.13,0.08,4.53
2022-06-15,7.09,7.16,7.37,7.07,1358062,981911840.0,4.2,0.28,0.02,5.56
2022-06-16,7.17,7.12,7.26,7.09,972358,696982080.0,2.37,-0.56,-0.04,3.98
2022-06-17,7.03,7.12,7.18,6.92,975629,689525344.0,3.65,0.0,0.0,3.99
2022-06-20,7.12,7.01,7.2,6.96,1042297,733001360.0,3.37,-1.54,-0.11,4.27
2022-06-21,7.02,7.19,7.27,6.96,1399002,1000997008.0,4.42,2.57,0.18,5.73
2022-06-22,7.18,6.86,7.19,6.83,1479610,1029441504.0,5.01,-4.59,-0.33,6.06
2022-06-23,6.83,7.3,7.35,6.81,1889261,1344382176.0,7.87,6.41,0.44,7.73
2022-06-24,7.32,7.25,7.37,7.18,1066432,772027920.0,2.6,-0.68,-0.05,4.37
2022-06-27,7.26,7.33,7.38,7.19,1215500,884159872.0,2.62,1.1,0.08,4.98
2022-06-28,7.33,7.71,7.77,7.23,1738354,1309918768.0,7.37,5.18,0.38,7.12
2022-06-29,7.61,7.47,7.91,7.45,1420770,1085174976.0,5.97,-3.11,-0.24,5.82
2022-06-30,7.44,7.42,7.54,7.39,922437,688040784.0,2.01,-0.67,-0.05,3.78
2022-07-01,7.44,7.33,7.51,7.25,846591,623998272.0,3.5,-1.21,-0.09,3.47
2022-07-04,7.27,7.29,7.33,7.18,646914,469438320.0,2.05,-0.55,-0.04,2.65
2022-07-05,7.29,7.06,7.31,6.95,1006071,714152464.0,4.94,-3.16,-0.23,4.12
2022-07-06,7.04,7.03,7.15,6.96,594575,418387424.0,2.69,-0.42,-0.03,2.43
2022-07-07,7.05,7.08,7.14,6.98,561430,396812336.0,2.28,0.71,0.05,2.3
2022-07-08,7.18,7.28,7.62,7.17,1433492,1059310384.0,6.36,2.82,0.2,5.87
2022-07-11,7.3,7.07,7.33,7.02,814315,578590448.0,4.26,-2.88,-0.21,3.33
2022-07-12,7.03,7.0,7.14,6.97,507609,357331061.0,2.4,-0.99,-0.07,2.08
2022-07-13,7.0,6.98,7.04,6.89,527504,367763058.0,2.14,-0.29,-0.02,2.16
2022-07-14,6.93,6.93,7.04,6.91,468054,326407815.0,1.86,-0.72,-0.05,1.92
2022-07-15,6.9,6.79,7.02,6.78,619025,426385601.0,3.46,-2.02,-0.14,2.53
2022-07-18,6.79,7.09,7.13,6.78,776709,541973704.0,5.15,4.42,0.3,3.18
2022-07-19,7.06,7.19,7.24,7.03,723979,516044849.0,2.96,1.41,0.1,2.96
2022-07-20,7.18,7.13,7.22,7.1,472232,337831984.0,1.67,-0.83,-0.06,1.93
2022-07-21,7.15,7.14,7.26,7.09,762262,548942430.0,2.38,0.14,0.01,3.12
2022-07-22,7.16,7.0,7.18,6.93,670007,471817335.0,3.5,-1.96,-0.14,2.74
2022-07-25,6.97,6.88,7.0,6.84,408887,282213827.0,2.29,-1.71,-0.12,1.67
2022-07-26,6.94,6.95,6.97,6.88,339609,235088599.0,1.31,1.02,0.07,1.39
2022-07-27,6.94,6.94,7.06,6.91,393165,274109968.0,2.16,-0.14,-0.01,1.61
2022-07-28,7.0,7.29,7.5,6.98,1614040,1178716579.0,7.49,5.04,0.35,6.61
2022-07-29,7.4,7.17,7.43,7.16,724612,525166077.0,3.7,-1.65,-0.12,2.97
2022-08-01,7.14,7.32,7.35,7.06,801576,583484156.0,4.04,2.09,0.15,3.28
2022-08-02,7.22,7.0,7.22,6.86,1120984,786245920.0,4.92,-4.37,-0.32,4.59
2022-08-03,7.04,6.97,7.24,6.96,896042,638687032.0,4.0,-0.43,-0.03,3.67
2022-08-04,7.05,7.08,7.17,6.97,620508,438355959.0,2.87,1.58,0.11,2.54
2022-08-05,7.1,7.28,7.28,7.06,891817,642565155.0,3.11,2.82,0.2,3.65
2022-08-08,7.27,7.24,7.28,7.16,612970,441776909.0,1.65,-0.55,-0.04,2.51
2022-08-09,7.23,7.26,7.26,7.12,647238,465197880.0,1.93,0.28,0.02,2.65
2022-08-10,7.21,7.3,7.47,7.18,1011183,741301083.0,3.99,0.55,0.04,4.14
2022-08-11,7.34,7.82,7.83,7.31,2351262,1802475969.0,7.12,7.12,0.52,9.63
2022-08-12,7.85,7.66,7.89,7.65,1417770,1100506337.0,3.07,-2.05,-0.16,5.8
2022-08-15,7.67,7.64,7.75,7.55,843434,641830664.0,2.61,-0.26,-0.02,3.45
2022-08-16,7.67,7.63,7.73,7.55,792428,605303181.0,2.36,-0.13,-0.01,3.24
2022-08-17,7.64,7.98,8.15,7.57,1837174,1445916213.0,7.6,4.59,0.35,7.52
2022-08-18,7.91,8.4,8.49,7.87,2154334,1773878900.0,7.77,5.26,0.42,8.82
2022-08-19,8.37,8.1,8.54,8.08,1714979,1420092591.0,5.48,-3.57,-0.3,7.02
2022-08-22,8.22,8.22,8.29,8.07,1096481,897091349.0,2.72,1.48,0.12,4.49
2022-08-23,8.15,8.05,8.36,7.99,1119139,907225282.0,4.5,-2.07,-0.17,4.58
2022-08-24,8.06,7.57,8.08,7.55,1276005,985810958.0,6.58,-5.96,-0.48,5.22
2022-08-25,7.58,7.51,7.64,7.35,762748,571106676.0,3.83,-0.79,-0.06,3.12
2022-08-26,7.53,7.31,7.58,7.28,653659,484793735.0,3.99,-2.66,-0.2,2.68
2022-08-29,7.15,7.25,7.29,7.1,412407,297987028.0,2.6,-0.82,-0.06,1.69
2022-08-30,7.23,7.32,7.44,7.21,515847,377740377.0,3.17,0.97,0.07,2.11
2022-08-31,7.26,6.98,7.32,6.98,809249,571788495.0,4.64,-4.64,-0.34,3.31
2022-09-01,6.98,6.95,7.05,6.9,369054,257338450.0,2.15,-0.43,-0.03,1.51
2022-09-02,6.97,7.08,7.1,6.97,333107,234803901.0,1.87,1.87,0.13,1.36
2022-09-05,7.04,7.07,7.1,6.98,290131,204200782.0,1.69,-0.14,-0.01,1.19
2022-09-06,7.08,7.13,7.14,7.02,374392,265164913.0,1.7,0.85,0.06,1.53
2022-09-07,7.1,7.21,7.27,7.08,422182,303787717.0,2.66,1.12,0.08,1.73
2022-09-08,7.21,7.1,7.27,7.09,339640,242928287.0,2.5,-1.53,-0.11,1.39
2022-09-09,7.08,7.06,7.1,6.97,378916,266542156.0,1.83,-0.56,-0.04,1.55
2022-09-13,7.12,7.08,7.2,7.06,324397,231033812.0,1.98,0.28,0.02,1.33
2022-09-14,6.9,6.92,6.97,6.88,353079,244458031.0,1.27,-2.26,-0.16,1.45
2022-09-15,6.94,6.62,6.97,6.58,702971,471638140.0,5.64,-4.34,-0.3,2.88
2022-09-16,6.6,6.4,6.67,6.39,385642,252343978.0,4.23,-3.32,-0.22,1.58
2022-09-19,6.38,6.28,6.43,6.23,350644,221106243.0,3.13,-1.88,-0.12,1.44
2022-09-20,6.34,6.37,6.4,6.33,210012,133696808.0,1.11,1.43,0.09,0.86
2022-09-21,6.35,6.44,6.49,6.24,260288,165738171.0,3.92,1.1,0.07,1.07
2022-09-22,6.35,6.39,6.48,6.34,202662,130037309.0,2.17,-0.78,-0.05,0.83
2022-09-23,6.42,6.22,6.44,6.15,329656,206954855.0,4.54,-2.66,-0.17,1.35
2022-09-26,6.16,6.06,6.21,6.04,264308,161952007.0,2.73,-2.57,-0.16,1.08
2022-09-27,6.1,6.24,6.24,6.08,253557,156085194.0,2.64,2.97,0.18,1.04
2022-09-28,6.19,6.02,6.2,6.02,250576,152789222.0,2.88,-3.53,-0.22,1.03
2022-09-29,6.09,6.04,6.12,5.98,220364,133386846.0,2.33,0.33,0.02,0.9
2022-09-30,6.02,6.01,6.09,6.0,189453,114556312.0,1.49,-0.5,-0.03,0.78
2022-10-10,6.02,5.89,6.06,5.88,237175,141336451.0,3.0,-2.0,-0.12,0.97
2022-10-11,5.91,5.99,6.01,5.88,165631,98514950.0,2.21,1.7,0.1,0.68
2022-10-12,6.0,6.23,6.24,5.97,351565,214475939.0,4.51,4.01,0.24,1.44
2022-10-13,6.16,6.18,6.29,6.14,295709,183821225.0,2.41,-0.8,-0.05,1.21
2022-10-14,6.25,6.28,6.33,6.22,276951,173841497.0,1.78,1.62,0.1,1.13
2022-10-17,6.21,6.41,6.43,6.19,325526,206571415.0,3.82,2.07,0.13,1.33
2022-10-18,6.45,6.36,6.48,6.33,245741,156642926.0,2.34,-0.78,-0.05,1.01
2022-10-19,6.36,6.27,6.4,6.26,222403,140965791.0,2.2,-1.42,-0.09,0.91
2022-10-20,6.23,6.35,6.44,6.21,308770,195776987.0,3.67,1.28,0.08,1.26
2022-10-21,6.36,6.28,6.38,6.26,177804,112135164.0,1.89,-1.1,-0.07,0.73
2022-10-24,6.3,6.21,6.41,6.13,300990,188911424.0,4.46,-1.11,-0.07,1.23
2022-10-25,6.14,6.17,6.27,6.05,271391,166900245.0,3.54,-0.64,-0.04,1.11
2022-10-26,6.18,6.29,6.38,6.17,348805,219583434.0,3.4,1.94,0.12,1.43
2022-10-27,6.3,6.36,6.42,6.28,346135,220425582.0,2.23,1.11,0.07,1.42
2022-10-28,6.33,6.12,6.34,6.07,334088,207598722.0,4.25,-3.77,-0.24,1.37
2022-10-31,6.1,6.25,6.32,6.07,277522,172841861.0,4.08,2.12,0.13,1.14
2022-11-01,6.24,6.39,6.39,6.23,305220,193264039.0,2.56,2.24,0.14,1.25
2022-11-02,6.68,6.51,6.77,6.51,712421,471632538.0,4.07,1.88,0.12,2.92
2022-11-03,6.46,6.51,6.57,6.4,376998,244570319.0,2.61,0.0,0.0,1.54
2022-11-04,6.48,6.6,6.63,6.48,409859,269561805.0,2.3,1.38,0.09,1.68
2022-11-07,6.6,6.62,6.7,6.55,416450,276021205.0,2.27,0.3,0.02,1.7
2022-11-08,6.61,6.65,6.65,6.47,425148,279127223.0,2.72,0.45,0.03,1.74
2022-11-09,6.59,6.55,6.64,6.55,296134,194850946.0,1.35,-1.5,-0.1,1.21
2022-11-10,6.5,6.53,6.57,6.49,238199,155714125.0,1.22,-0.31,-0.02,0.98
2022-11-11,6.68,6.55,6.71,6.55,399483,263827833.0,2.45,0.31,0.02,1.64
2022-11-14,6.58,6.52,6.64,6.49,269590,177175297.0,2.29,-0.46,-0.03,1.1
2022-11-15,6.51,6.67,6.68,6.48,477685,316667712.0,3.07,2.3,0.15,1.96
2022-11-16,6.67,6.64,6.74,6.61,355513,237389572.0,1.95,-0.45,-0.03,1.46
2022-11-17,6.62,6.72,6.72,6.57,348437,231218667.0,2.26,1.2,0.08,1.43
2022-11-18,6.68,6.62,6.76,6.6,335805,224210873.0,2.38,-1.49,-0.1,1.37
2022-11-21,6.6,6.56,6.62,6.5,220125,144137495.0,1.81,-0.91,-0.06,0.9
2022-11-22,6.55,6.48,6.59,6.45,240238,156697853.0,2.13,-1.22,-0.08,0.98
2022-11-23,6.46,6.44,6.51,6.36,228986,147237190.0,2.31,-0.62,-0.04,0.94
2022-11-24,6.44,6.41,6.49,6.4,164453,105712041.0,1.4,-0.47,-0.03,0.67
2022-11-25,6.41,6.35,6.41,6.35,170512,108617790.0,0.94,-0.94,-0.06,0.7
2022-11-28,6.3,6.25,6.3,6.15,243726,151678781.0,2.36,-1.57,-0.1,1.0
2022-11-29,6.25,6.39,6.41,6.24,279840,177760921.0,2.72,2.24,0.14,1.15
2022-11-30,6.39,6.37,6.44,6.36,185844,118722392.0,1.25,-0.31,-0.02,0.76
2022-12-01,6.44,6.42,6.49,6.4,241610,155688395.0,1.41,0.78,0.05,0.99
2022-12-02,6.46,6.48,6.54,6.43,261865,170065393.0,1.71,0.93,0.06,1.07
2022-12-05,6.49,6.52,6.54,6.48,269458,175383105.0,0.93,0.62,0.04,1.1
2022-12-06,6.51,6.56,6.61,6.49,312146,204878821.0,1.84,0.61,0.04,1.28
2022-12-07,6.55,6.49,6.55,6.47,219200,142616735.0,1.22,-1.07,-0.07,0.9
2022-12-08,6.48,6.37,6.5,6.36,255167,163522472.0,2.16,-1.85,-0.12,1.04
2022-12-09,6.39,6.34,6.43,6.33,223325,141988282.0,1.57,-0.47,-0.03,0.91
2022-12-12,6.32,6.4,6.43,6.27,262801,167147782.0,2.52,0.95,0.06,1.08
2022-12-13,6.39,6.29,6.4,6.29,185392,117407076.0,1.72,-1.72,-0.11,0.76
2022-12-14,6.35,6.28,6.4,6.27,227103,143891269.0,2.07,-0.16,-0.01,0.93
2022-12-15,6.27,6.35,6.41,6.25,261493,166274614.0,2.55,1.11,0.07,1.07
2022-12-16,6.31,6.27,6.34,6.24,203264,127439240.0,1.57,-1.26,-0.08,0.83
2022-12-19,6.27,6.1,6.3,6.05,248604,152957427.0,3.99,-2.71,-0.17,1.02
2022-12-20,6.07,6.12,6.19,6.06,154740,94764526.0,2.13,0.33,0.02,0.63
2022-12-21,6.11,6.02,6.14,5.99,172547,104424345.0,2.45,-1.63,-0.1,0.71
2022-12-22,6.05,5.94,6.09,5.92,167694,100712415.0,2.82,-1.33,-0.08,0.69
2022-12-23,5.94,5.93,5.98,5.89,139591,82771609.0,1.52,-0.17,-0.01,0.57
2022-12-26,5.91,5.99,6.01,5.9,175343,104679496.0,1.85,1.01,0.06,0.72
2022-12-27,6.01,6.03,6.05,5.96,157190,94339726.0,1.5,0.67,0.04,0.64
2022-12-28,6.03,5.97,6.03,5.96,142530,85301372.0,1.16,-1.0,-0.06,0.58
2022-12-29,5.95,5.97,6.02,5.94,124821,74699842.0,1.34,0.0,0.0,0.51
2022-12-30,6.0,5.97,6.02,5.96,125052,74776200.0,1.01,0.0,0.0,0.51
2023-01-03,5.97,6.09,6.11,5.92,251974,152335215.0,3.18,2.01,0.12,1.03
2023-01-04,6.08,6.07,6.1,6.02,183300,111151146.0,1.31,-0.33,-0.02,0.75
2023-01-05,6.08,6.11,6.13,6.06,192206,117329838.0,1.15,0.66,0.04,0.79
2023-01-06,6.1,6.13,6.21,6.07,257058,158218452.0,2.29,0.33,0.02,1.05
2023-01-09,6.14,6.16,6.21,6.13,194876,120193414.0,1.31,0.49,0.03,0.8
2023-01-10,6.18,6.17,6.2,6.14,152716,94079850.0,0.97,0.16,0.01,0.63
2023-01-11,6.15,6.12,6.22,6.1,197929,121954610.0,1.94,-0.81,-0.05,0.81
2023-01-12,6.12,6.17,6.18,6.1,168798,103814677.0,1.31,0.82,0.05,0.69
2023-01-13,6.21,6.17,6.21,6.12,128768,79331268.0,1.46,0.0,0.0,0.53
2023-01-16,6.2,6.27,6.31,6.17,307821,192738681.0,2.27,1.62,0.1,1.26
2023-01-17,6.32,6.32,6.38,6.26,257939,163048558.0,1.91,0.8,0.05,1.06
2023-01-18,6.31,6.37,6.38,6.29,190868,121240655.0,1.42,0.79,0.05,0.78
2023-01-19,6.34,6.4,6.41,6.32,162789,103714379.0,1.41,0.47,0.03,0.67
2023-01-20,6.4,6.39,6.44,6.35,237664,151755731.0,1.41,-0.16,-0.01,0.97
2023-01-30,6.48,6.53,6.61,6.44,485893,316942531.0,2.66,2.19,0.14,1.99
2023-01-31,6.5,6.55,6.55,6.45,260035,169128947.0,1.53,0.31,0.02,1.06
2023-02-01,6.55,6.78,6.82,6.53,690796,465844009.0,4.43,3.51,0.23,2.83
2023-02-02,6.81,6.73,6.81,6.71,373425,252000038.0,1.47,-0.74,-0.05,1.53
2023-02-03,6.79,6.79,6.85,6.62,474041,319621890.0,3.42,0.89,0.06,1.94
2023-02-06,6.73,6.74,6.83,6.7,282581,190856891.0,1.91,-0.74,-0.05,1.16
2023-02-07,6.74,6.81,6.82,6.72,343502,232782303.0,1.48,1.04,0.07,1.41
2023-02-08,6.76,6.69,6.83,6.68,323031,217323286.0,2.2,-1.76,-0.12,1.32
2023-02-09,6.69,6.88,6.88,6.66,611661,417255628.0,3.29,2.84,0.19,2.5
2023-02-10,6.84,6.83,6.94,6.77,441132,302689964.0,2.47,-0.73,-0.05,1.81
2023-02-13,6.79,6.8,6.83,6.74,384489,260934618.0,1.32,-0.44,-0.03,1.57
2023-02-14,6.8,6.81,6.92,6.73,455551,310329602.0,2.79,0.15,0.01,1.86
2023-02-15,6.79,6.91,6.93,6.78,482573,332282104.0,2.2,1.47,0.1,1.98
2023-02-16,6.9,6.69,6.93,6.62,618870,420693957.0,4.49,-3.18,-0.22,2.53
2023-02-17,6.69,6.58,6.75,6.58,345400,229521789.0,2.54,-1.64,-0.11,1.41
2023-02-20,6.58,6.72,6.75,6.55,340038,226915812.0,3.04,2.13,0.14,1.39
2023-02-21,6.72,6.76,6.84,6.69,363429,246180751.0,2.23,0.6,0.04,1.49
2023-02-22,6.72,6.73,6.77,6.67,213818,143532550.0,1.48,-0.44,-0.03,0.88
2023-02-23,6.73,6.64,6.74,6.61,256596,171097425.0,1.93,-1.34,-0.09,1.05
2023-02-24,6.65,6.63,6.68,6.58,227028,150368658.0,1.51,-0.15,-0.01,0.93
2023-02-27,6.59,6.5,6.63,6.46,279246,182706408.0,2.56,-1.96,-0.13,1.14
2023-02-28,6.53,6.6,6.68,6.5,259962,171207390.0,2.77,1.54,0.1,1.06
2023-03-01,6.6,6.77,6.79,6.57,458243,308167706.0,3.33,2.58,0.17,1.88
2023-03-02,6.78,6.76,6.85,6.73,273819,185653655.0,1.77,-0.15,-0.01,1.12
2023-03-03,6.77,6.72,6.81,6.62,287936,193071882.0,2.81,-0.59,-0.04,1.18
2023-03-06,6.75,6.69,6.76,6.68,218676,146773500.0,1.19,-0.45,-0.03,0.9
2023-03-07,6.7,6.51,6.77,6.5,318747,211097995.0,4.04,-2.69,-0.18,1.3
2023-03-08,6.5,6.64,6.64,6.46,253289,166852589.0,2.76,2.0,0.13,1.04
2023-03-09,6.63,6.65,6.68,6.6,180468,120081240.0,1.2,0.15,0.01,0.74
2023-03-10,6.64,6.56,6.68,6.54,224853,148518894.0,2.11,-1.35,-0.09,0.92
2023-03-13,6.53,6.59,6.59,6.47,248770,162669948.0,1.83,0.46,0.03,1.02
2023-03-14,6.59,6.5,6.59,6.38,299404,193881373.0,3.19,-1.37,-0.09,1.23
2023-03-15,6.55,6.73,6.8,6.53,571715,383657971.0,4.15,3.54,0.23,2.34
2023-03-16,6.69,6.66,6.78,6.65,354752,238086829.0,1.93,-1.04,-0.07,1.45
2023-03-17,6.74,6.83,6.87,6.71,634620,432357195.0,2.4,2.55,0.17,2.6
2023-03-20,6.85,6.88,7.03,6.82,681303,471804985.0,3.07,0.73,0.05,2.79
2023-03-21,6.89,6.92,6.95,6.86,379718,262083232.0,1.31,0.58,0.04,1.55
2023-03-22,6.9,7.1,7.13,6.86,767324,538462187.0,3.9,2.6,0.18,3.14
2023-03-23,7.08,7.16,7.21,7.04,626346,447489889.0,2.39,0.85,0.06,2.56
2023-03-24,7.15,7.19,7.25,7.09,652005,468253153.0,2.23,0.42,0.03,2.67
2023-03-27,7.19,7.12,7.26,7.01,658854,468649144.0,3.48,-0.97,-0.07,2.7
2023-03-28,7.12,6.96,7.13,6.95,477578,334620030.0,2.53,-2.25,-0.16,1.96
2023-03-29,6.97,6.96,7.03,6.89,357259,248722092.0,2.01,0.0,0.0,1.46
2023-03-30,6.97,6.97,7.05,6.87,332744,231518319.0,2.59,0.14,0.01,1.36
2023-03-31,6.96,7.01,7.02,6.87,364236,252995394.0,2.15,0.57,0.04,1.49
2023-04-03,7.01,7.14,7.15,6.97,511488,362292467.0,2.57,1.85,0.13,2.09
2023-04-04,7.17,7.17,7.2,7.05,504815,359942733.0,2.1,0.42,0.03,2.07
2023-04-06,7.16,7.34,7.37,7.13,760649,554019806.0,3.35,2.37,0.17,3.11
2023-04-07,7.31,7.22,7.31,7.18,499990,361530102.0,1.77,-1.63,-0.12,2.05
2023-04-10,7.2,7.09,7.31,7.04,544998,391857352.0,3.74,-1.8,-0.13,2.23
2023-04-11,7.08,7.11,7.15,7.02,400849,284240020.0,1.83,0.28,0.02,1.64
2023-04-12,7.32,7.26,7.37,7.16,591208,428980833.0,2.95,2.11,0.15,2.42
2023-04-13,7.2,7.02,7.25,7.01,543176,385989093.0,3.31,-3.31,-0.24,2.22
2023-04-14,7.03,7.05,7.07,6.92,355374,249086460.0,2.14,0.43,0.03,1.45
2023-04-17,7.0,6.9,7.03,6.88,420930,291231365.0,2.13,-2.13,-0.15,1.72
2023-04-18,6.88,6.81,6.9,6.72,449179,305189146.0,2.61,-1.3,-0.09,1.84
2023-04-19,6.79,6.85,6.96,6.76,359809,247594612.0,2.94,0.59,0.04,1.47
2023-04-20,6.81,6.92,6.94,6.81,275313,189914827.0,1.9,1.02,0.07,1.13
2023-04-21,6.92,6.52,6.92,6.51,607462,404881503.0,5.92,-5.78,-0.4,2.49
2023-04-24,6.52,6.47,6.62,6.45,325406,212182736.0,2.61,-0.77,-0.05,1.33
2023-04-25,6.34,6.08,6.34,6.01,711013,435845462.0,5.1,-6.03,-0.39,2.91
2023-04-26,6.1,6.01,6.11,5.98,435464,262845457.0,2.14,-1.15,-0.07,1.78
2023-04-27,6.02,6.01,6.06,5.96,349499,210202577.0,1.66,0.0,0.0,1.43
2023-04-28,6.02,6.14,6.14,6.01,285519,174007998.0,2.16,2.16,0.13,1.17
2023-05-04,6.1,6.12,6.15,6.06,290033,176845658.0,1.47,-0.33,-0.02,1.19
2023-05-05,6.11,6.06,6.12,6.01,280913,170199894.0,1.8,-0.98,-0.06,1.15
2023-05-08,6.08,6.09,6.12,6.06,234489,142677488.0,0.99,0.5,0.03,0.96
2023-05-09,6.09,6.11,6.26,6.03,435593,267912104.0,3.78,0.33,0.02,1.78
2023-05-10,6.09,6.17,6.2,6.09,248160,152622116.0,1.8,0.98,0.06,1.02
2023-05-11,6.19,6.15,6.2,6.13,232740,143412987.0,1.13,-0.32,-0.02,0.95
2023-05-12,6.13,6.09,6.17,6.08,195753,119706985.0,1.46,-0.98,-0.06,0.8
2023-05-15,6.13,6.14,6.15,6.04,198871,121080446.0,1.81,0.82,0.05,0.81
2023-05-16,6.15,6.09,6.16,6.07,195464,119331742.0,1.47,-0.81,-0.05,0.8
2023-05-17,6.07,6.14,6.15,6.06,148470,90923540.0,1.48,0.82,0.05,0.61
2023-05-18,6.12,6.18,6.21,6.11,267162,165012959.0,1.63,0.65,0.04,1.09
2023-05-19,6.18,6.3,6.34,6.16,372635,232981330.0,2.91,1.94,0.12,1.53
2023-05-22,6.3,6.26,6.33,6.22,217131,135822214.0,1.75,-0.63,-0.04,0.89
2023-05-23,6.27,6.17,6.28,6.16,214641,133528938.0,1.92,-1.44,-0.09,0.88
2023-05-24,6.14,6.16,6.22,6.1,164708,101535797.0,1.94,-0.16,-0.01,0.67
2023-05-25,6.16,6.18,6.23,6.06,200095,122877930.0,2.76,0.32,0.02,0.82
2023-05-26,6.18,6.18,6.22,6.14,187206,115752449.0,1.29,0.0,0.0,0.77
2023-05-29,6.2,6.2,6.25,6.18,220875,137164313.0,1.13,0.32,0.02,0.9
2023-05-30,6.2,6.26,6.26,6.12,252323,156322612.0,2.26,0.97,0.06,1.03
2023-05-31,6.24,6.28,6.3,6.21,265944,166789124.0,1.44,0.32,0.02,1.09
2023-06-01,6.26,6.39,6.45,6.25,425518,271193567.0,3.18,1.75,0.11,1.74
2023-06-02,6.41,6.34,6.45,6.26,395008,249827678.0,2.97,-0.78,-0.05,1.62
2023-06-05,6.32,6.35,6.42,6.31,282653,179850214.0,1.74,0.16,0.01,1.16
2023-06-06,6.35,6.14,6.4,6.13,419486,261417922.0,4.25,-3.31,-0.21,1.72
2023-06-07,6.13,6.16,6.19,6.12,265551,163584358.0,1.14,0.33,0.02,1.09
2023-06-08,6.14,5.91,6.14,5.86,634052,377274409.0,4.55,-4.06,-0.25,2.6
2023-06-09,5.91,5.92,5.93,5.76,466204,273203227.0,2.88,0.17,0.01,1.91
2023-06-12,5.91,6.05,6.08,5.89,334240,201372818.0,3.21,2.2,0.13,1.37
2023-06-13,6.05,6.06,6.08,6.0,199612,120772691.0,1.32,0.17,0.01,0.82
2023-06-14,6.05,6.0,6.07,5.99,200877,120849048.0,1.32,-0.99,-0.06,0.82
2023-06-15,6.0,5.99,6.02,5.93,263080,157165224.0,1.5,-0.17,-0.01,1.08
2023-06-16,6.0,6.05,6.06,5.95,262476,157973426.0,1.84,1.0,0.06,1.07
2023-06-19,6.07,6.22,6.28,6.04,471276,291228891.0,3.97,2.81,0.17,1.93
2023-06-20,6.21,6.17,6.22,6.13,254439,156892403.0,1.45,-0.8,-0.05,1.04
2023-06-21,6.17,6.01,6.17,6.0,308969,187283153.0,2.76,-2.59,-0.16,1.26
2023-06-26,5.95,5.87,6.01,5.86,269144,159690362.0,2.5,-2.33,-0.14,1.1
2023-06-27,5.87,5.91,5.95,5.86,191016,112816590.0,1.53,0.68,0.04,0.78
2023-06-28,5.91,5.8,5.91,5.71,313117,180882762.0,3.38,-1.86,-0.11,1.28
2023-06-29,5.77,5.94,6.03,5.76,311178,183965721.0,4.66,2.41,0.14,1.27
2023-06-30,5.92,6.03,6.07,5.92,268224,161228786.0,2.53,1.52,0.09,1.1
2023-07-03,6.03,6.04,6.12,6.0,301617,182795971.0,1.99,0.17,0.01,1.23
2023-07-04,6.04,6.13,6.18,6.03,358610,219641097.0,2.48,1.49,0.09,1.47
2023-07-05,6.13,6.26,6.39,6.1,795151,498476474.0,4.73,2.12,0.13,3.26
2023-07-06,6.23,6.46,6.66,6.21,1037083,671119541.0,7.19,3.19,0.2,4.25
2023-07-07,6.42,6.31,6.47,6.26,528736,334327712.0,3.25,-2.32,-0.15,2.16
2023-07-10,6.33,6.24,6.36,6.2,352266,220054636.0,2.54,-1.11,-0.07,1.44
2023-07-11,6.23,6.28,6.3,6.23,206955,129698443.0,1.12,0.64,0.04,0.85
2023-07-12,6.27,6.2,6.39,6.2,337100,212151389.0,3.03,-1.27,-0.08,1.38
2023-07-13,6.25,6.3,6.32,6.22,259561,163138308.0,1.61,1.61,0.1,1.06
2023-07-14,6.3,6.32,6.38,6.27,287849,181913364.0,1.75,0.32,0.02,1.18
2023-07-17,6.29,6.27,6.31,6.2,295597,184578081.0,1.74,-0.79,-0.05,1.21
2023-07-18,6.26,6.23,6.32,6.21,237616,148688529.0,1.75,-0.64,-0.04,0.97
2023-07-19,6.22,6.19,6.28,6.17,182774,113337615.0,1.77,-0.64,-0.04,0.75
2023-07-20,6.2,6.08,6.23,6.05,265630,162998717.0,2.91,-1.78,-0.11,1.09
2023-07-21,6.09,6.08,6.17,6.05,242990,148145903.0,1.97,0.0,0.0,0.99
2023-07-24,6.08,6.13,6.19,6.05,185568,113821771.0,2.3,0.82,0.05,0.76
2023-07-25,6.19,6.22,6.23,6.15,229746,142465013.0,1.31,1.47,0.09,0.94
2023-07-26,6.22,6.1,6.22,6.07,262039,160321131.0,2.41,-1.93,-0.12,1.07
2023-07-27,6.11,6.05,6.13,6.03,182589,110986209.0,1.64,-0.82,-0.05,0.75
2023-07-28,6.03,6.09,6.1,6.01,185889,112680840.0,1.49,0.66,0.04,0.76
2023-07-31,6.1,6.16,6.17,6.08,225147,138417217.0,1.48,1.15,0.07,0.92
2023-08-01,6.14,6.18,6.2,6.13,177642,109507194.0,1.14,0.32,0.02,0.73
2023-08-02,6.18,6.16,6.2,6.14,136510,84201931.0,0.97,-0.32,-0.02,0.56
2023-08-03,6.14,6.17,6.18,6.13,134567,82842018.0,0.81,0.16,0.01,0.55
2023-08-04,6.18,6.24,6.27,6.17,290395,180984932.0,1.62,1.13,0.07,1.19
2023-08-07,6.25,6.24,6.27,6.19,178127,110979483.0,1.28,0.0,0.0,0.73
2023-08-08,6.24,6.17,6.24,6.15,165714,102380465.0,1.44,-1.12,-0.07,0.68
2023-08-09,6.16,6.09,6.16,6.07,166771,101778656.0,1.46,-1.3,-0.08,0.68
2023-08-10,6.09,6.07,6.12,6.05,148382,90109528.0,1.15,-0.33,-0.02,0.61
2023-08-11,6.08,5.96,6.09,5.96,217077,130265890.0,2.14,-1.81,-0.11,0.89
2023-08-14,5.93,5.99,6.0,5.87,191421,113465134.0,2.18,0.5,0.03,0.78
2023-08-15,5.98,5.95,6.0,5.9,114287,67994366.0,1.67,-0.67,-0.04,0.47
2023-08-16,5.94,5.92,5.98,5.91,107993,64209239.0,1.18,-0.5,-0.03,0.44
2023-08-17,5.9,5.95,5.97,5.86,120011,71045086.0,1.86,0.51,0.03,0.49
2023-08-18,5.95,5.88,5.96,5.87,104884,62057700.0,1.51,-1.18,-0.07,0.43
2023-08-21,5.86,5.86,5.92,5.84,117394,69046450.0,1.36,-0.34,-0.02,0.48
2023-08-22,5.86,5.89,5.91,5.76,166035,96944441.0,2.56,0.51,0.03,0.68
2023-08-23,5.88,5.78,5.88,5.78,105069,61072743.0,1.7,-1.87,-0.11,0.43
2023-08-24,5.8,5.76,5.82,5.73,135527,78229442.0,1.56,-0.35,-0.02,0.55
2023-08-25,5.74,5.59,5.74,5.58,170301,96454357.0,2.78,-2.95,-0.17,0.7
2023-08-28,5.9,5.64,5.97,5.61,261103,151069330.0,6.44,0.89,0.05,1.07
2023-08-29,5.66,5.82,5.84,5.63,235154,135696745.0,3.72,3.19,0.18,0.96
2023-08-30,5.87,5.89,5.95,5.84,250362,147673508.0,1.89,1.2,0.07,1.02
2023-08-31,5.86,5.88,5.91,5.84,174638,102581048.0,1.19,-0.17,-0.01,0.71
2023-09-01,5.9,5.88,5.91,5.85,97319,57216240.0,1.02,0.0,0.0,0.4
2023-09-04,5.9,5.99,5.99,5.88,206304,122683084.0,1.87,1.87,0.11,0.84
2023-09-05,6.0,6.06,6.1,5.99,284622,172515295.0,1.84,1.17,0.07,1.17
2023-09-06,6.11,6.24,6.25,6.06,538875,332333357.0,3.14,2.97,0.18,2.21
2023-09-07,6.2,6.07,6.2,6.06,345923,211539361.0,2.24,-2.72,-0.17,1.42
2023-09-08,6.07,6.16,6.21,6.05,314335,192963729.0,2.64,1.48,0.09,1.29
2023-09-11,6.23,6.18,6.25,6.14,376180,233269780.0,1.79,0.32,0.02,1.54
2023-09-12,6.2,6.17,6.22,6.14,218329,134538754.0,1.29,-0.16,-0.01,0.89
2023-09-13,6.14,6.08,6.16,6.03,259780,157824793.0,2.11,-1.46,-0.09,1.06
2023-09-14,6.08,6.01,6.09,5.97,213095,128007037.0,1.97,-1.15,-0.07,0.87
2023-09-15,6.04,5.98,6.06,5.95,180153,107921530.0,1.83,-0.5,-0.03,0.74
2023-09-18,5.97,6.01,6.05,5.91,171970,103196100.0,2.34,0.5,0.03,0.7
2023-09-19,6.0,5.9,6.01,5.88,170697,100930120.0,2.16,-1.83,-0.11,0.7
2023-09-20,5.91,5.83,5.96,5.82,132519,77820613.0,2.37,-1.19,-0.07,0.54
2023-09-21,5.83,5.86,5.93,5.8,212371,124752512.0,2.23,0.51,0.03,0.87
2023-09-22,5.85,6.03,6.04,5.84,230732,137535678.0,3.41,2.9,0.17,0.94
2023-09-25,6.02,5.99,6.04,5.96,153698,92061270.0,1.33,-0.66,-0.04,0.63
2023-09-26,5.96,5.91,5.99,5.9,124098,73614515.0,1.5,-1.34,-0.08,0.51
2023-09-27,5.89,5.91,5.94,5.86,152593,90157112.0,1.35,0.0,0.0,0.62
2023-09-28,5.93,6.15,6.19,5.92,434384,264642223.0,4.57,4.06,0.24,1.78
2023-10-09,6.16,6.31,6.35,6.15,729539,456734201.0,3.25,2.6,0.16,2.99
2023-10-10,6.27,6.31,6.36,6.25,347676,218977085.0,1.74,0.0,0.0,1.42
2023-10-11,6.31,6.45,6.52,6.31,739758,476005167.0,3.33,2.22,0.14,3.03
2023-10-12,6.4,6.43,6.49,6.35,469009,300798245.0,2.17,-0.31,-0.02,1.92
2023-10-13,6.39,6.6,6.74,6.37,1040121,687824508.0,5.75,2.64,0.17,4.26
2023-10-16,6.61,6.52,6.73,6.45,714861,467036412.0,4.24,-1.21,-0.08,2.93
2023-10-17,6.52,6.46,6.57,6.4,528153,341100810.0,2.61,-0.92,-0.06,2.16
2023-10-18,6.45,6.36,6.45,6.33,319341,203289742.0,1.86,-1.55,-0.1,1.31
2023-10-19,6.31,6.28,6.4,6.26,353656,223668145.0,2.2,-1.26,-0.08,1.45
2023-10-20,6.27,6.16,6.33,6.13,307241,190991417.0,3.18,-1.91,-0.12,1.26
2023-10-23,6.13,6.11,6.23,6.07,361818,221767155.0,2.6,-0.81,-0.05,1.48
2023-10-24,6.13,6.14,6.26,6.02,490408,300716824.0,3.93,0.49,0.03,2.01
2023-10-25,6.16,6.19,6.22,6.11,396485,245175478.0,1.79,0.81,0.05,1.62
2023-10-26,6.14,6.26,6.27,6.09,470181,291264716.0,2.91,1.13,0.07,1.92
2023-10-27,6.21,6.25,6.27,6.1,520766,322484731.0,2.72,-0.16,-0.01,2.13
2023-10-30,6.17,6.5,6.54,6.15,833555,535632762.0,6.24,4.0,0.25,3.41
2023-10-31,6.45,6.46,6.54,6.39,511147,330301097.0,2.31,-0.62,-0.04,2.09
2023-11-01,6.45,6.5,6.52,6.4,474527,307256875.0,1.86,0.62,0.04,1.94
2023-11-02,6.5,6.37,6.54,6.35,409269,262971756.0,2.92,-2.0,-0.13,1.68
2023-11-03,6.37,6.78,6.88,6.37,1361110,912436044.0,8.01,6.44,0.41,5.57
2023-11-06,6.88,7.24,7.35,6.85,1729422,1243992487.0,7.37,6.78,0.46,7.08
2023-11-07,7.25,7.85,8.09,7.23,3220507,2487410248.0,11.88,8.43,0.61,13.18
2023-11-08,7.85,7.69,7.89,7.58,2071493,1602628119.0,3.95,-2.04,-0.16,8.48
2023-11-09,7.62,7.5,7.76,7.44,1191211,904111836.0,4.16,-2.47,-0.19,4.88
2023-11-10,7.45,7.66,7.74,7.42,1406286,1068907960.0,4.27,2.13,0.16,5.76
2023-11-13,7.62,7.47,7.65,7.4,962311,719509564.0,3.26,-2.48,-0.19,3.94
2023-11-14,7.44,7.49,7.57,7.35,747533,558700862.0,2.95,0.27,0.02,3.06
2023-11-15,7.55,7.46,7.56,7.35,721545,536942141.0,2.8,-0.4,-0.03,2.95
2023-11-16,7.41,7.29,7.48,7.27,716168,526941703.0,2.82,-2.28,-0.17,2.93
2023-11-17,7.28,7.23,7.33,7.18,692020,501541132.0,2.06,-0.82,-0.06,2.83
2023-11-20,7.26,7.2,7.26,7.15,634561,455813343.0,1.52,-0.41,-0.03,2.6
2023-11-21,7.2,7.05,7.24,7.0,839195,596078038.0,3.33,-2.08,-0.15,3.44
2023-11-22,7.04,6.8,7.05,6.78,975133,671210766.0,3.83,-3.55,-0.25,3.99
2023-11-23,6.8,7.16,7.22,6.77,1233722,865975836.0,6.62,5.29,0.36,5.05
2023-11-24,7.11,6.95,7.15,6.92,715755,502029911.0,3.21,-2.93,-0.21,2.93
2023-11-27,6.9,7.01,7.05,6.9,467112,326372815.0,2.16,0.86,0.06,1.91
2023-11-28,7.03,7.06,7.12,6.93,573402,404242167.0,2.71,0.71,0.05,2.35
2023-11-29,7.01,7.03,7.14,6.99,483814,341442073.0,2.12,-0.42,-0.03,1.98
2023-11-30,7.01,6.93,7.01,6.85,456416,316000897.0,2.28,-1.42,-0.1,1.87
2023-12-01,6.9,6.95,7.0,6.87,354297,246173074.0,1.88,0.29,0.02,1.45
2023-12-04,6.97,6.88,6.98,6.85,327245,225911899.0,1.87,-1.01,-0.07,1.34
2023-12-05,6.87,6.69,6.93,6.68,505898,342801736.0,3.63,-2.76,-0.19,2.07
2023-12-06,6.66,6.65,6.73,6.63,375789,250497878.0,1.49,-0.6,-0.04,1.54
2023-12-07,6.67,6.62,6.69,6.61,388833,258224423.0,1.2,-0.45,-0.03,1.59
2023-12-08,6.64,6.74,6.74,6.58,844012,561323140.0,2.42,1.81,0.12,3.46
2023-12-11,6.67,6.75,6.77,6.36,667437,443185917.0,6.08,0.15,0.01,2.73
2023-12-12,6.75,6.73,6.83,6.68,345031,232615180.0,2.22,-0.3,-0.02,1.41
2023-12-13,6.74,6.69,6.84,6.68,390003,263536607.0,2.38,-0.59,-0.04,1.6
2023-12-14,6.74,6.6,6.82,6.58,369211,246959870.0,3.59,-1.35,-0.09,1.51
2023-12-15,6.6,6.56,6.66,6.53,307089,202018313.0,1.97,-0.61,-0.04,1.26
2023-12-18,6.53,6.47,6.55,6.43,272767,176922162.0,1.83,-1.37,-0.09,1.12
2023-12-19,6.46,6.49,6.53,6.44,248363,160898407.0,1.39,0.31,0.02,1.02
2023-12-20,6.51,6.5,6.63,6.43,294707,192708185.04,3.08,0.15,0.01,1.21
