datetime,open,close,high,low,volume,turnover,amplitude,pricelimit,change,turnoverratio
2010-01-04,8.5,8.14,8.53,8.13,131753,109018693.0,4.76,-3.21,-0.27,1.54
2010-01-05,8.14,7.92,8.22,7.8,322783,255449605.0,5.16,-2.7,-0.22,3.76
2010-01-06,7.94,7.94,8.09,7.87,197074,157069191.0,2.78,0.25,0.02,2.3
2010-01-07,7.94,7.8,8.06,7.74,185443,145973701.0,4.03,-1.76,-0.14,2.16
2010-01-08,7.81,7.97,7.98,7.78,100431,79360304.0,2.56,2.18,0.17,1.17
2010-01-11,7.97,7.78,8.06,7.73,143116,112119118.0,4.14,-2.38,-0.19,1.67
2010-01-12,7.78,8.0,8.04,7.72,157794,124758331.0,4.11,2.83,0.22,1.84
2010-01-13,7.86,7.68,7.86,7.63,182601,141592555.0,2.88,-4.0,-0.32,2.13
2010-01-14,7.69,7.79,7.79,7.61,113751,88050963.0,2.34,1.43,0.11,1.33
2010-01-15,7.83,7.9,7.97,7.8,143931,113749436.0,2.18,1.41,0.11,1.68
2010-01-18,7.89,8.1,8.12,7.89,161180,129181984.0,2.91,2.53,0.2,1.88
2010-01-19,8.1,8.05,8.15,7.98,147315,118245785.0,2.1,-0.62,-0.05,1.72
2010-01-20,8.03,7.65,8.08,7.58,210088,163137667.0,6.21,-4.97,-0.4,2.45
2010-01-21,7.65,7.71,7.74,7.5,88045,67281750.0,3.14,0.78,0.06,1.03
2010-01-22,7.65,7.5,7.66,7.4,81383,61158296.0,3.37,-2.72,-0.21,0.95
2010-01-25,7.4,7.3,7.51,7.28,56871,41994733.0,3.07,-2.67,-0.2,0.66
2010-01-26,7.3,6.86,7.37,6.8,127040,88952034.0,7.81,-6.03,-0.44,1.48
2010-01-27,6.91,6.92,7.04,6.81,64838,44915944.0,3.35,0.87,0.06,0.76
2010-01-28,6.92,6.97,7.03,6.88,49604,34568809.0,2.17,0.72,0.05,0.58
2010-01-29,7.01,7.02,7.1,6.94,58057,40842493.0,2.3,0.72,0.05,0.68
2010-02-01,6.98,7.15,7.2,6.85,84965,59243716.0,4.99,1.85,0.13,0.99
2010-02-02,7.15,7.08,7.33,7.03,92744,66700439.0,4.2,-0.98,-0.07,1.08
2010-02-03,7.13,7.07,7.13,6.69,105202,73102234.0,6.21,-0.14,-0.01,1.23
2010-02-04,7.0,7.07,7.16,6.91,111819,78856400.0,3.54,0.0,0.0,1.3
2010-02-05,6.9,6.78,6.95,6.68,121653,83069093.0,3.82,-4.1,-0.29,1.42
2010-02-08,6.72,6.76,6.82,6.72,42957,29093532.0,1.47,-0.29,-0.02,0.5
2010-02-09,6.76,6.81,6.85,6.7,39627,26913491.0,2.22,0.74,0.05,0.46
2010-02-10,6.84,6.92,6.92,6.78,59620,40878783.0,2.06,1.62,0.11,0.69
2010-02-11,6.88,7.11,7.19,6.88,129323,91250635.0,4.48,2.75,0.19,1.51
2010-02-12,7.16,7.09,7.16,7.04,54182,38388402.0,1.69,-0.28,-0.02,0.63
2010-02-22,7.04,7.16,7.21,6.97,83637,59085448.0,3.39,0.99,0.07,0.97
2010-02-23,7.11,7.38,7.45,7.1,196147,142867690.0,4.89,3.07,0.22,2.29
2010-02-24,7.3,7.41,7.44,7.26,114593,84278212.0,2.44,0.41,0.03,1.34
2010-02-25,7.43,7.71,7.97,7.37,228886,174542343.0,8.1,4.05,0.3,2.67
2010-02-26,7.65,7.59,7.73,7.54,92299,70446545.0,2.46,-1.56,-0.12,1.08
2010-03-01,7.53,7.59,7.63,7.42,121220,91394491.0,2.77,0.0,0.0,1.41
2010-03-02,7.57,7.63,7.69,7.46,140565,106684021.0,3.03,0.53,0.04,1.64
2010-03-03,7.63,7.6,7.64,7.49,105132,79485777.0,1.97,-0.39,-0.03,1.23
2010-03-04,7.6,7.33,7.75,7.3,132915,100596740.0,5.92,-3.55,-0.27,1.55
2010-03-05,7.39,7.33,7.43,7.25,69368,50875174.0,2.46,0.0,0.0,0.81
2010-03-08,7.33,7.37,7.48,7.29,80790,59806973.0,2.59,0.55,0.04,0.94
2010-03-09,7.4,7.63,7.82,7.37,228806,175161547.0,6.11,3.53,0.26,2.67
2010-03-10,7.6,7.5,7.68,7.46,91177,69021074.0,2.88,-1.7,-0.13,1.06
2010-03-11,7.51,7.46,7.58,7.15,60954,45320810.0,5.73,-0.53,-0.04,0.71
2010-03-12,7.38,7.24,7.43,7.19,68492,50012511.0,3.22,-2.95,-0.22,0.8
2010-03-15,7.25,7.13,7.28,7.1,52711,37716148.0,2.49,-1.52,-0.11,0.61
2010-03-16,7.11,7.18,7.23,7.09,35030,25107406.0,1.96,0.7,0.05,0.41
2010-03-17,7.2,7.35,7.37,7.19,60976,44574526.0,2.51,2.37,0.17,0.71
2010-03-18,7.39,8.06,8.09,7.35,639803,505460841.0,10.07,9.66,0.71,7.46
2010-03-19,7.9,8.21,8.38,7.82,547044,443315548.0,6.95,1.86,0.15,6.38
2010-03-22,8.19,8.2,8.24,8.04,232084,188877999.0,2.44,-0.12,-0.01,2.71
2010-03-23,8.18,8.05,8.18,7.97,205019,165287708.0,2.56,-1.83,-0.15,2.39
2010-03-24,8.11,8.03,8.11,7.9,144918,115742536.0,2.61,-0.25,-0.02,1.69
2010-03-25,7.98,7.8,7.98,7.76,153334,120374854.0,2.74,-2.86,-0.23,1.79
2010-03-26,7.78,7.96,8.09,7.77,134621,107316430.0,4.1,2.05,0.16,1.57
2010-03-29,8.02,8.37,8.76,8.02,547303,466685289.0,9.3,5.15,0.41,6.38
2010-03-31,8.35,8.59,8.88,8.25,391480,333928475.0,7.53,2.63,0.22,4.56
2010-04-01,8.6,8.75,8.78,8.56,258718,224073999.0,2.56,1.86,0.16,3.02
2010-04-02,8.7,8.63,8.83,8.58,225087,195410199.0,2.86,-1.37,-0.12,2.62
2010-04-06,8.64,8.55,8.8,8.35,273763,233460639.0,5.21,-0.93,-0.08,3.19
2010-04-07,8.46,8.49,8.57,8.37,166782,141143083.0,2.34,-0.7,-0.06,1.94
2010-04-08,8.55,8.3,8.56,8.28,158491,132878676.0,3.3,-2.24,-0.19,1.85
2010-04-09,8.31,8.36,8.37,8.17,153573,127390279.0,2.41,0.72,0.06,1.79
2010-04-12,8.3,8.0,8.36,7.89,311216,250995390.0,5.62,-4.31,-0.36,3.63
2010-04-13,7.99,7.92,8.12,7.7,182001,144252034.0,5.25,-1.0,-0.08,2.12
2010-04-14,7.94,7.9,7.95,7.72,179278,140248228.0,2.9,-0.25,-0.02,2.09
2010-04-15,7.84,8.09,8.1,7.74,172950,137000018.0,4.56,2.41,0.19,2.02
2010-04-16,8.0,8.09,8.21,7.89,172450,139418966.0,3.96,0.0,0.0,2.01
2010-04-19,7.9,7.43,7.97,7.36,217438,166112429.0,7.54,-8.16,-0.66,2.53
2010-04-20,7.4,7.1,7.48,6.89,196281,139927503.0,7.94,-4.44,-0.33,2.29
2010-04-21,7.1,7.38,7.44,7.01,142971,103883139.0,6.06,3.94,0.28,1.67
2010-04-22,7.3,7.78,8.0,7.1,301401,227746418.0,12.2,5.42,0.4,3.51
2010-04-23,7.61,7.51,7.81,7.5,124189,95116380.0,3.98,-3.47,-0.27,1.45
2010-04-26,7.5,7.47,7.58,7.3,81733,60799047.0,3.73,-0.53,-0.04,0.95
2010-04-27,7.44,7.4,7.54,7.21,104636,77353063.0,4.42,-0.94,-0.07,1.22
2010-04-28,7.32,7.55,7.61,7.28,110039,82423049.0,4.46,2.03,0.15,1.28
2010-04-29,7.58,7.27,7.65,7.25,87795,65634971.0,5.3,-3.71,-0.28,1.02
2010-04-30,7.3,7.18,7.34,7.06,79565,56818541.0,3.85,-1.24,-0.09,0.93
2010-05-04,6.99,6.84,7.16,6.78,90761,63132363.0,5.29,-4.74,-0.34,1.06
2010-05-05,6.79,6.84,6.92,6.4,139242,92957032.0,7.6,0.0,0.0,1.62
2010-05-06,6.71,6.47,6.76,6.43,84924,55960997.0,4.82,-5.41,-0.37,0.99
2010-05-07,6.38,6.33,6.51,6.21,73293,46848835.0,4.64,-2.16,-0.14,0.85
2010-05-10,6.33,6.4,6.47,6.2,73464,46769052.0,4.27,1.11,0.07,0.86
2010-05-11,6.55,6.19,6.55,6.12,87280,55463931.0,6.72,-3.28,-0.21,1.02
2010-05-12,6.11,6.2,6.29,5.98,96655,59344463.0,5.01,0.16,0.01,1.13
2010-05-13,6.2,6.23,6.24,6.01,76249,46899058.0,3.71,0.48,0.03,0.89
2010-05-14,6.15,6.22,6.29,6.1,88534,54951454.0,3.05,-0.16,-0.01,1.03
2010-05-17,6.13,5.6,6.16,5.6,108770,64051398.0,9.0,-9.97,-0.62,1.27
2010-05-18,5.63,5.89,6.03,5.52,127987,74390307.0,9.11,5.18,0.29,1.49
2010-05-19,5.8,5.8,5.95,5.7,66862,38832516.0,4.24,-1.53,-0.09,0.78
2010-05-20,5.74,5.72,5.91,5.69,73515,42669115.0,3.79,-1.38,-0.08,0.86
2010-05-21,5.54,5.97,6.04,5.5,124380,73186261.0,9.44,4.37,0.25,1.45
2010-05-24,6.1,6.31,6.35,6.05,129298,80805400.0,5.03,5.7,0.34,1.51
2010-05-25,6.16,6.08,6.29,6.0,104839,64391414.0,4.6,-3.65,-0.23,1.22
2010-05-26,6.08,6.12,6.19,6.0,68151,41573436.0,3.13,0.66,0.04,0.79
2010-05-27,6.09,6.15,6.17,5.85,90655,54588296.0,5.23,0.49,0.03,1.06
2010-05-28,6.16,6.08,6.21,6.02,80842,49605177.0,3.09,-1.14,-0.07,0.94
2010-05-31,6.02,5.88,6.14,5.85,60001,36109934.0,4.77,-3.29,-0.2,0.7
2010-06-01,5.8,5.73,5.88,5.58,62320,35749728.0,5.1,-2.55,-0.15,0.73
2010-06-02,5.7,5.84,5.9,5.62,52957,30585339.0,4.89,1.92,0.11,0.62
2010-06-03,5.82,5.74,5.92,5.73,60922,35536082.0,3.25,-1.71,-0.1,0.71
2010-06-04,5.7,5.81,5.86,5.66,49263,28406617.0,3.48,1.22,0.07,0.57
2010-06-07,5.69,5.67,5.79,5.61,47982,27257971.0,3.1,-2.41,-0.14,0.56
2010-06-08,5.63,5.7,5.76,5.62,37912,21558633.0,2.47,0.53,0.03,0.44
2010-06-09,5.71,5.96,6.21,5.67,129943,76680041.0,9.47,4.56,0.26,1.51
2010-06-10,5.88,5.86,5.94,5.85,58053,34180312.0,1.51,-1.68,-0.1,0.68
2010-06-11,5.89,5.93,6.02,5.84,57508,33989318.0,3.07,1.19,0.07,0.67
2010-06-17,5.94,5.96,6.05,5.9,66040,39429431.0,2.53,0.51,0.03,0.77
2010-06-18,5.95,6.04,6.2,5.85,152903,92915620.0,5.87,1.34,0.08,1.78
2010-06-21,6.07,6.35,6.42,5.98,215198,134880400.0,7.28,5.13,0.31,2.51
2010-06-22,6.33,6.31,6.37,6.23,94177,59328380.0,2.2,-0.63,-0.04,1.1
2010-06-23,6.26,6.24,6.36,6.14,81712,50954405.0,3.49,-1.11,-0.07,0.95
2010-06-24,6.24,6.21,6.29,6.13,54670,33974318.0,2.56,-0.48,-0.03,0.64
2010-06-25,6.15,6.11,6.2,6.05,39835,24410489.0,2.42,-1.61,-0.1,0.46
2010-06-28,6.1,6.12,6.21,6.05,37411,22921397.0,2.62,0.16,0.01,0.44
2010-06-29,6.12,5.59,6.18,5.57,80778,47079470.0,9.97,-8.66,-0.53,0.94
2010-06-30,5.6,5.39,5.62,5.27,60137,32621731.0,6.26,-3.58,-0.2,0.7
2010-07-01,5.39,5.36,5.47,5.32,32481,17511015.0,2.78,-0.56,-0.03,0.38
2010-07-02,5.4,5.48,5.56,5.2,50987,27527501.0,6.72,2.24,0.12,0.59
2010-07-05,5.39,5.4,5.47,5.29,37420,20091059.0,3.28,-1.46,-0.08,0.44
2010-07-06,5.4,5.49,5.55,5.35,49423,26989543.0,3.7,1.67,0.09,0.58
2010-07-07,5.5,5.57,5.59,5.46,46661,25820482.0,2.37,1.46,0.08,0.54
2010-07-08,5.57,5.56,5.66,5.49,44858,25036889.0,3.05,-0.18,-0.01,0.52
2010-07-09,5.58,5.71,5.83,5.54,74430,42456711.0,5.22,2.7,0.15,0.87
2010-07-12,5.76,5.92,6.1,5.71,120068,71626142.0,6.83,3.68,0.21,1.4
2010-07-13,5.8,5.65,5.8,5.61,87301,49660229.0,3.21,-4.56,-0.27,1.02
2010-07-14,5.68,5.72,5.83,5.65,39189,22494596.0,3.19,1.24,0.07,0.46
2010-07-15,5.7,5.65,5.84,5.4,39615,22696112.0,7.69,-1.22,-0.07,0.46
2010-07-16,5.59,5.63,5.66,5.47,32450,18054517.0,3.36,-0.35,-0.02,0.38
2010-07-19,5.58,5.91,5.93,5.55,101173,59141805.0,6.75,4.97,0.28,1.18
2010-07-20,5.91,6.02,6.08,5.9,74388,44697540.0,3.05,1.86,0.11,0.87
2010-07-21,6.02,5.98,6.06,5.94,47066,28218939.0,1.99,-0.66,-0.04,0.55
2010-07-22,5.97,6.09,6.12,5.9,72534,43998756.0,3.68,1.84,0.11,0.85
2010-07-23,6.1,6.1,6.14,5.99,84680,51324424.0,2.46,0.16,0.01,0.99
2010-07-26,6.12,6.09,6.15,6.02,58387,35543419.0,2.13,-0.16,-0.01,0.68
2010-07-27,6.07,6.16,6.17,6.01,106448,64735517.0,2.63,1.15,0.07,1.24
2010-07-28,6.1,6.33,6.39,6.03,170108,106881077.0,5.84,2.76,0.17,1.98
2010-07-29,6.29,6.3,6.36,6.22,85496,53775081.0,2.21,-0.47,-0.03,1.0
2010-07-30,6.3,6.2,6.3,6.14,83408,51692140.0,2.54,-1.59,-0.1,0.97
2010-08-02,6.2,6.3,6.31,6.18,71871,45008098.0,2.1,1.61,0.1,0.84
2010-08-03,6.3,6.31,6.6,6.27,166657,106942277.0,5.24,0.16,0.01,1.94
2010-08-04,6.32,6.37,6.43,6.16,117915,74100751.0,4.28,0.95,0.06,1.37
2010-08-05,6.34,6.22,6.38,6.18,84177,52867487.0,3.14,-2.35,-0.15,0.98
2010-08-06,6.22,6.29,6.31,6.02,112535,69425395.0,4.66,1.13,0.07,1.31
2010-08-09,6.22,6.39,6.4,6.2,106545,67489989.0,3.18,1.59,0.1,1.24
2010-08-10,6.39,6.29,6.42,6.15,99780,62542946.0,4.23,-1.56,-0.1,1.16
2010-08-11,6.24,6.49,6.5,6.15,205828,131946138.0,5.56,3.18,0.2,2.4
2010-08-12,6.43,6.39,6.64,6.3,184526,119288952.0,5.24,-1.54,-0.1,2.15
2010-08-13,6.3,6.5,6.51,6.25,111394,71250073.0,4.07,1.72,0.11,1.3
2010-08-16,6.46,6.59,6.67,6.43,175622,115868430.0,3.69,1.38,0.09,2.05
2010-08-17,6.66,6.6,6.69,6.53,112995,74507399.0,2.43,0.15,0.01,1.32
2010-08-18,6.6,6.53,6.68,6.45,103610,68006760.0,3.48,-1.06,-0.07,1.21
2010-08-19,6.53,6.53,6.62,6.43,101342,66114213.0,2.91,0.0,0.0,1.18
2010-08-20,6.5,6.27,6.57,6.25,90213,57473796.0,4.9,-3.98,-0.26,1.05
2010-08-23,6.27,6.24,6.33,6.2,67136,41970092.0,2.07,-0.48,-0.03,0.78
2010-08-24,6.24,6.34,6.38,6.22,59022,37346784.0,2.56,1.6,0.1,0.69
2010-08-25,6.31,6.07,6.32,6.06,90680,55845611.0,4.1,-4.26,-0.27,1.06
2010-08-26,6.09,6.11,6.15,6.02,47444,28907909.0,2.14,0.66,0.04,0.55
2010-08-27,6.1,6.09,6.14,6.0,43082,26190795.0,2.29,-0.33,-0.02,0.5
2010-08-30,6.12,6.19,6.21,6.09,72418,44630440.0,1.97,1.64,0.1,0.84
2010-08-31,6.16,6.16,6.18,6.06,64530,39446168.0,1.94,-0.48,-0.03,0.75
2010-09-01,6.18,6.05,6.21,6.02,71142,43483128.0,3.08,-1.79,-0.11,0.83
2010-09-02,6.13,6.13,6.16,6.04,76416,46697653.0,1.98,1.32,0.08,0.89
2010-09-03,6.12,6.19,6.24,6.09,85710,52917558.0,2.45,0.98,0.06,1.0
2010-09-06,6.19,6.31,6.32,6.15,104235,65158825.0,2.75,1.94,0.12,1.21
2010-09-07,6.35,6.28,6.35,6.2,78678,49340854.0,2.38,-0.48,-0.03,0.92
2010-09-08,6.23,6.17,6.26,6.1,107292,66131137.0,2.55,-1.75,-0.11,1.25
2010-09-09,6.18,6.06,6.22,6.01,120024,73325139.0,3.4,-1.78,-0.11,1.4
2010-09-10,6.03,5.98,6.07,5.89,86528,51587789.0,2.97,-1.32,-0.08,1.01
2010-09-13,5.98,6.09,6.16,5.93,90275,54720874.0,3.85,1.84,0.11,1.05
2010-09-14,6.1,6.06,6.18,5.96,201246,122164942.0,3.61,-0.49,-0.03,2.34
2010-09-15,6.02,6.01,6.09,5.96,101063,60799797.0,2.15,-0.83,-0.05,1.18
2010-09-16,6.01,5.84,6.04,5.78,73326,43200934.0,4.33,-2.83,-0.17,0.85
2010-09-17,5.9,5.93,5.97,5.84,62725,37018754.0,2.23,1.54,0.09,0.73
2010-09-20,5.99,6.05,6.1,5.96,250010,151412781.0,2.36,2.02,0.12,2.91
2010-09-21,6.06,6.1,6.11,6.04,224347,136396264.0,1.16,0.83,0.05,2.61
2010-09-27,6.11,6.07,6.16,6.0,145934,88239503.0,2.62,-0.49,-0.03,1.7
2010-09-28,6.05,5.9,6.05,5.86,98489,58608492.0,3.13,-2.8,-0.17,1.15
2010-09-29,5.88,5.76,5.9,5.75,60272,35107858.0,2.54,-2.37,-0.14,0.7
2010-09-30,5.7,5.94,5.97,5.65,87730,51563697.0,5.56,3.13,0.18,1.02
2010-10-08,5.96,5.97,6.04,5.85,219964,131424982.0,3.2,0.51,0.03,2.56
2010-10-11,5.99,6.03,6.1,5.93,291234,175680603.0,2.85,1.01,0.06,3.39
2010-10-12,6.0,6.0,6.05,5.93,137886,82695550.0,1.99,-0.5,-0.03,1.61
2010-10-13,5.99,6.48,6.49,5.98,465683,291073479.0,8.5,8.0,0.48,5.43
2010-10-14,6.4,6.23,6.4,6.17,184755,116024958.0,3.55,-3.86,-0.25,2.15
2010-10-15,6.2,6.25,6.29,6.16,122655,76374856.0,2.09,0.32,0.02,1.43
2010-10-18,6.21,6.38,6.47,6.21,226617,144451493.0,4.16,2.08,0.13,2.64
2010-10-19,6.47,6.39,6.53,6.27,207574,132365989.0,4.08,0.16,0.01,2.42
2010-10-20,6.18,6.0,6.21,5.99,336041,203653495.0,3.44,-6.1,-0.39,3.92
2010-10-21,6.01,5.95,6.04,5.84,234334,139092318.0,3.33,-0.83,-0.05,2.73
2010-10-22,5.93,5.95,5.96,5.89,113557,67314893.0,1.18,0.0,0.0,1.32
2010-10-25,5.97,6.03,6.05,5.93,155531,93309375.0,2.02,1.34,0.08,1.76
2010-10-26,6.04,6.06,6.12,5.97,137632,83229203.0,2.49,0.5,0.03,1.56
2010-10-27,6.06,6.04,6.18,5.99,163012,99451621.0,3.14,-0.33,-0.02,1.85
2010-10-28,6.04,6.06,6.1,6.01,107869,65277864.0,1.49,0.33,0.02,1.22
2010-10-29,6.07,6.0,6.1,5.92,124735,74548257.0,2.97,-0.99,-0.06,1.41
2010-11-01,5.99,6.03,6.04,5.96,128181,77053696.0,1.33,0.5,0.03,1.45
2010-11-02,6.03,6.05,6.14,5.95,178899,107886390.0,3.15,0.33,0.02,2.03
2010-11-03,6.03,6.01,6.08,5.99,107314,64751416.0,1.49,-0.66,-0.04,1.22
2010-11-04,6.01,6.03,6.05,5.97,132225,79457614.0,1.33,0.33,0.02,1.5
2010-11-05,6.06,6.17,6.25,6.02,276192,169413342.0,3.81,2.32,0.14,3.13
2010-11-08,6.22,6.32,6.37,6.17,295025,185215325.0,3.24,2.43,0.15,3.35
2010-11-09,6.32,6.24,6.33,6.19,194955,121777731.0,2.22,-1.27,-0.08,2.21
2010-11-10,6.22,6.06,6.22,5.98,336498,204243476.0,3.85,-2.88,-0.18,3.82
2010-11-11,6.05,6.04,6.16,6.03,209799,127994589.0,2.15,-0.33,-0.02,2.38
2010-11-12,6.04,5.55,6.07,5.5,300127,173782856.0,9.44,-8.11,-0.49,3.4
2010-11-15,5.59,5.67,5.67,5.58,108743,61100388.0,1.62,2.16,0.12,1.23
2010-11-16,5.68,5.46,5.69,5.43,124743,69393971.0,4.59,-3.7,-0.21,1.42
2010-11-17,5.45,5.41,5.53,5.39,75463,41243654.0,2.56,-0.92,-0.05,0.86
2010-11-18,5.48,5.47,5.5,5.42,54725,29862331.0,1.48,1.11,0.06,0.62
2010-11-19,5.5,5.53,5.53,5.4,70458,38551587.0,2.38,1.1,0.06,0.8
2010-11-22,5.48,5.57,5.61,5.45,81270,44852789.0,2.89,0.72,0.04,0.92
2010-11-23,5.53,5.41,5.54,5.35,62570,33983082.0,3.41,-2.87,-0.16,0.71
2010-11-24,5.41,5.55,5.58,5.39,74145,40630852.0,3.51,2.59,0.14,0.84
2010-11-25,5.55,5.61,5.68,5.47,104985,58796940.0,3.78,1.08,0.06,1.19
2010-11-26,5.6,5.49,5.6,5.46,78263,43117027.0,2.5,-2.14,-0.12,0.89
2010-11-29,5.47,5.48,5.51,5.39,62784,34192283.0,2.19,-0.18,-0.01,0.71
2010-11-30,5.47,5.33,5.51,5.27,99986,53527609.0,4.38,-2.74,-0.15,1.13
2010-12-01,5.3,5.34,5.38,5.29,42923,22930376.0,1.69,0.19,0.01,0.49
2010-12-02,5.39,5.38,5.42,5.34,56109,30166507.0,1.5,0.75,0.04,0.64
2010-12-03,5.4,5.42,5.46,5.34,55713,30133345.0,2.23,0.74,0.04,0.63
2010-12-06,5.44,5.38,5.46,5.34,40095,21584366.0,2.21,-0.74,-0.04,0.45
2010-12-07,5.38,5.44,5.46,5.31,47264,25499232.0,2.79,1.12,0.06,0.54
2010-12-08,5.43,5.4,5.43,5.36,38366,20690499.0,1.29,-0.74,-0.04,0.44
2010-12-09,5.37,5.31,5.39,5.3,40763,21759954.0,1.67,-1.67,-0.09,0.46
2010-12-10,5.29,5.31,5.34,5.27,42975,22788956.0,1.32,0.0,0.0,0.49
2010-12-13,5.31,5.41,5.41,5.31,83622,44849961.0,1.88,1.88,0.1,0.95
2010-12-14,5.4,5.43,5.45,5.37,61335,33160551.0,1.48,0.37,0.02,0.7
2010-12-15,5.41,5.42,5.46,5.38,53721,29080116.0,1.47,-0.18,-0.01,0.61
2010-12-16,5.43,5.45,5.51,5.4,72870,39841731.0,2.03,0.55,0.03,0.83
2010-12-17,5.47,5.4,5.47,5.37,36456,19684383.0,1.83,-0.92,-0.05,0.41
2010-12-20,5.41,5.33,5.43,5.28,64913,34601354.0,2.78,-1.3,-0.07,0.74
2010-12-21,5.38,5.5,5.57,5.34,139648,76510701.0,4.32,3.19,0.17,1.58
2010-12-22,5.56,5.63,5.8,5.55,320840,182505643.0,4.55,2.36,0.13,3.64
2010-12-23,5.54,5.55,5.62,5.51,75084,41684273.0,1.95,-1.42,-0.08,0.85
2010-12-24,5.52,5.6,5.68,5.45,122346,68046833.0,4.14,0.9,0.05,1.39
2010-12-27,5.55,5.45,5.62,5.44,104694,57961352.0,3.21,-2.68,-0.15,1.19
2010-12-28,5.44,5.18,5.44,5.15,95143,50380520.0,5.32,-4.95,-0.27,1.08
2010-12-29,5.19,5.26,5.27,5.15,62791,32618813.0,2.32,1.54,0.08,0.71
2010-12-30,5.23,5.19,5.24,5.15,47049,24381339.0,1.71,-1.33,-0.07,0.53
2010-12-31,5.2,5.24,5.27,5.19,32480,16985316.0,1.54,0.96,0.05,0.37
2011-01-04,5.28,5.49,5.52,5.22,112196,60926350.0,5.73,4.77,0.25,1.27
2011-01-05,5.45,5.42,5.49,5.38,55259,29990197.0,2.0,-1.28,-0.07,0.63
2011-01-06,5.42,5.47,5.53,5.39,56003,30599051.0,2.58,0.92,0.05,0.64
2011-01-07,5.46,5.48,5.64,5.44,78566,43549391.0,3.66,0.18,0.01,0.89
2011-01-10,5.46,5.33,5.59,5.31,54959,29937897.0,5.11,-2.74,-0.15,0.62
2011-01-11,5.34,5.51,5.53,5.29,69960,38042075.0,4.5,3.38,0.18,0.79
2011-01-12,5.5,5.56,5.65,5.44,84869,47185756.0,3.81,0.91,0.05,0.96
2011-01-13,5.56,5.52,5.58,5.47,44189,24358924.0,1.98,-0.72,-0.04,0.5
2011-01-14,5.51,5.35,5.51,5.3,71951,38723311.0,3.8,-3.08,-0.17,0.82
2011-01-17,5.34,5.11,5.37,5.06,83788,43383407.0,5.79,-4.49,-0.24,0.95
2011-01-18,5.11,4.85,5.13,4.76,422065,205842797.0,7.24,-5.09,-0.26,4.79
2011-01-19,4.83,4.91,4.91,4.8,158052,76737174.0,2.27,1.24,0.06,1.79
2011-01-20,4.9,4.72,4.9,4.71,115004,55138400.0,3.87,-3.87,-0.19,1.3
2011-01-21,4.71,4.8,4.88,4.7,59987,28715315.0,3.81,1.69,0.08,0.68
2011-01-24,4.8,4.78,4.84,4.73,56815,27185792.0,2.29,-0.42,-0.02,0.64
2011-01-25,4.77,4.8,4.83,4.74,52307,25076435.0,1.88,0.42,0.02,0.59
2011-01-26,4.81,4.89,4.89,4.78,46729,22598221.0,2.29,1.88,0.09,0.53
2011-01-27,4.85,4.86,4.88,4.75,79322,38303924.0,2.66,-0.61,-0.03,0.9
2011-01-28,4.85,4.88,4.93,4.83,51323,25043902.0,2.06,0.41,0.02,0.58
2011-01-31,4.89,4.9,4.92,4.85,64773,31648182.0,1.43,0.41,0.02,0.73
2011-02-01,4.92,4.9,4.93,4.85,53539,26179655.0,1.63,0.0,0.0,0.61
2011-02-09,4.89,4.85,4.89,4.84,47797,23237495.0,1.02,-1.02,-0.05,0.54
2011-02-10,4.85,4.95,4.96,4.85,66382,32650820.0,2.27,2.06,0.1,0.75
2011-02-11,4.96,5.1,5.16,4.93,160636,81861151.0,4.65,3.03,0.15,1.82
2011-02-15,5.28,5.61,5.61,5.27,455701,253689450.0,6.67,10.0,0.51,5.17
2011-02-16,5.6,5.67,5.74,5.51,538648,303525281.0,4.1,1.07,0.06,6.11
2011-02-17,5.65,5.76,5.93,5.54,546281,312652767.0,6.88,1.59,0.09,6.2
2011-02-18,5.74,5.73,5.79,5.61,247126,140859822.0,3.13,-0.52,-0.03,2.8
2011-02-21,5.73,5.96,6.02,5.72,398977,235363061.0,5.24,4.01,0.23,4.53
2011-02-22,5.96,5.72,5.98,5.6,318807,184669548.0,6.38,-4.03,-0.24,3.62
2011-02-23,5.69,6.29,6.29,5.65,579117,352849032.0,11.19,9.97,0.57,6.57
2011-02-24,6.92,6.92,6.92,6.92,268229,185614738.0,0.0,10.02,0.63,3.04
2011-02-25,7.0,6.91,7.12,6.73,1471912,1021668452.0,5.64,-0.14,-0.01,16.7
2011-02-28,6.87,7.6,7.6,6.85,947531,693199981.0,10.85,9.99,0.69,10.75
2011-03-01,7.57,7.87,8.18,7.3,1517705,1173869629.0,11.58,3.55,0.27,17.22
2011-03-02,7.7,8.27,8.36,7.62,1151556,924031606.0,9.4,5.08,0.4,13.06
2011-03-03,8.17,8.01,8.26,7.87,884273,711457554.0,4.72,-3.14,-0.26,10.03
2011-03-04,8.1,8.13,8.25,7.95,729798,592219140.0,3.75,1.5,0.12,8.28
2011-03-07,8.17,8.02,8.23,7.91,657363,527933772.0,3.94,-1.35,-0.11,7.46
2011-03-08,7.99,8.29,8.59,7.93,1065681,880685166.0,8.23,3.37,0.27,12.09
2011-03-09,8.16,8.11,8.17,8.04,593156,480389971.0,1.57,-2.17,-0.18,6.73
2011-03-10,8.02,7.79,8.06,7.71,676982,531537140.0,4.32,-3.95,-0.32,7.68
2011-03-11,7.73,7.82,8.04,7.73,536257,422952720.0,3.98,0.39,0.03,6.08
2011-03-14,7.79,7.92,8.18,7.78,543958,434487378.0,5.12,1.28,0.1,6.17
2011-03-15,7.8,7.99,8.25,7.5,819614,642021301.0,9.47,0.88,0.07,9.3
2011-03-16,7.86,7.85,7.9,7.72,411435,321425175.0,2.25,-1.75,-0.14,4.67
2011-03-17,7.75,7.64,7.94,7.56,331130,256688199.0,4.84,-2.68,-0.21,3.76
2011-03-18,7.79,7.78,7.95,7.66,346918,271224962.0,3.8,1.83,0.14,3.94
2011-03-21,7.73,7.97,8.07,7.71,514511,407956612.0,4.63,2.44,0.19,5.84
2011-03-22,8.2,7.91,8.33,7.86,585763,471167372.0,5.9,-0.75,-0.06,6.64
2011-03-23,7.8,7.89,7.9,7.67,396552,308963211.0,2.91,-0.25,-0.02,4.5
2011-03-24,7.86,8.07,8.28,7.79,681051,549445331.0,6.21,2.28,0.18,7.73
2011-03-25,8.04,8.32,8.46,8.02,821244,680701497.0,5.45,3.1,0.25,9.32
2011-03-28,8.35,9.15,9.15,8.19,1118860,969479311.0,11.54,9.98,0.83,12.69
2011-03-29,9.28,8.89,9.78,8.86,1293920,1204973828.0,10.05,-2.84,-0.26,14.68
2011-03-30,8.69,8.45,8.82,8.33,650195,554125403.0,5.51,-4.95,-0.44,7.38
2011-03-31,8.4,8.19,8.55,8.1,387032,321135571.0,5.33,-3.08,-0.26,4.39
2011-04-01,8.21,8.31,8.33,8.12,266902,220541193.0,2.56,1.47,0.12,3.03
2011-04-06,8.27,8.66,8.73,8.18,497722,422177068.0,6.62,4.21,0.35,5.65
2011-04-07,8.64,8.44,8.64,8.41,301722,256396726.0,2.66,-2.54,-0.22,3.42
2011-04-11,8.4,8.37,8.7,8.28,374828,317566414.0,4.98,-0.83,-0.07,4.25
2011-04-12,8.31,8.42,8.57,8.28,245254,206180088.0,3.46,0.6,0.05,2.78
2011-04-13,8.33,8.51,8.56,8.22,262602,219887316.0,4.04,1.07,0.09,2.98
2011-04-14,8.5,8.39,8.51,8.32,192619,162015447.0,2.23,-1.41,-0.12,2.18
2011-04-15,8.37,8.49,8.53,8.25,301861,254226877.0,3.34,1.19,0.1,3.42
2011-04-18,8.4,8.4,8.54,8.31,260165,218611647.0,2.71,-1.06,-0.09,2.95
2011-04-19,8.32,7.88,8.32,7.86,486720,391911046.0,5.48,-6.19,-0.52,5.52
2011-04-20,7.85,8.01,8.04,7.81,276028,218138897.0,2.92,1.65,0.13,3.13
2011-04-21,8.03,7.91,8.07,7.88,189896,150758840.0,2.37,-1.25,-0.1,2.15
2011-04-22,7.89,7.82,7.95,7.72,214100,167631614.0,2.91,-1.14,-0.09,2.43
2011-04-25,7.8,7.88,8.03,7.76,244584,193438684.0,3.45,0.77,0.06,2.77
2011-04-26,7.84,8.1,8.17,7.68,373224,298333189.0,6.22,2.79,0.22,4.23
2011-04-27,8.07,7.94,8.15,7.78,268162,213655472.0,4.57,-1.98,-0.16,3.04
2011-04-28,7.94,7.66,7.98,7.65,176565,137512168.0,4.16,-3.53,-0.28,2.0
2011-04-29,7.64,7.79,7.84,7.6,104694,80993471.0,3.13,1.7,0.13,1.19
2011-05-03,7.8,7.89,7.9,7.72,96647,75611216.0,2.31,1.28,0.1,1.1
2011-05-04,7.86,7.92,8.12,7.8,230298,184086581.0,4.06,0.38,0.03,2.61
2011-05-05,7.9,8.57,8.71,7.86,914273,782498295.0,10.73,8.21,0.65,10.37
2011-05-06,6.92,6.79,7.04,6.7,474201,325642408.0,3.97,-20.77,-1.78,4.48
2011-05-09,6.7,6.79,6.92,6.58,364867,245860935.0,5.01,0.0,0.0,3.45
2011-05-10,6.73,6.67,6.81,6.54,343141,228032759.0,3.98,-1.77,-0.12,3.24
2011-05-11,6.68,6.77,6.9,6.62,397202,269683800.0,4.2,1.5,0.1,3.75
2011-05-12,6.65,6.74,6.86,6.6,329479,221938089.0,3.84,-0.44,-0.03,3.11
2011-05-13,6.68,6.77,6.8,6.58,273733,183086917.0,3.26,0.45,0.03,2.59
2011-05-16,6.7,7.34,7.45,6.7,1177808,854295956.0,11.08,8.42,0.57,11.13
2011-05-17,7.21,7.2,7.44,7.03,805398,584053767.0,5.59,-1.91,-0.14,7.61
2011-05-18,7.14,7.2,7.34,7.1,332461,238994762.0,3.33,0.0,0.0,3.14
2011-05-19,7.22,7.27,7.4,7.13,434726,316652265.0,3.75,0.97,0.07,4.11
2011-05-20,7.2,7.3,7.33,7.02,421907,302719716.0,4.26,0.41,0.03,3.99
2011-05-23,7.25,7.01,7.25,6.82,367425,257529630.0,5.89,-3.97,-0.29,3.47
2011-05-24,7.0,7.08,7.18,6.83,322052,227188115.0,4.99,1.0,0.07,3.04
2011-05-25,7.06,7.26,7.39,6.96,555991,402533108.0,6.07,2.54,0.18,5.26
2011-05-26,7.28,7.39,7.78,7.13,767187,573714003.0,8.95,1.79,0.13,7.25
2011-05-27,7.25,6.79,7.28,6.75,522280,366833846.0,7.17,-8.12,-0.6,4.94
2011-05-30,6.6,6.11,6.6,6.11,396857,247431130.0,7.22,-10.01,-0.68,3.75
2011-05-31,6.0,6.2,6.23,6.0,189220,116202903.0,3.76,1.47,0.09,1.79
2011-06-01,6.18,6.25,6.28,6.15,147912,92278856.0,2.1,0.81,0.05,1.4
2011-06-02,6.12,6.07,6.13,6.0,223048,134989012.0,2.08,-2.88,-0.18,2.11
2011-06-03,6.1,6.16,6.25,6.06,162810,100633894.0,3.13,1.48,0.09,1.54
2011-06-07,6.26,6.29,6.35,6.17,181085,113111456.0,2.92,2.11,0.13,1.71
2011-06-08,6.24,6.42,6.66,6.22,341813,220435370.0,7.0,2.07,0.13,3.23
2011-06-09,6.35,6.21,6.43,6.2,207247,130801455.0,3.58,-3.27,-0.21,1.96
2011-06-10,6.2,6.24,6.29,6.08,136382,84486187.0,3.38,0.48,0.03,1.29
2011-06-13,6.15,6.16,6.22,6.05,115423,70653286.0,2.72,-1.28,-0.08,1.09
2011-06-14,6.15,6.39,6.43,6.1,244642,154872416.0,5.36,3.73,0.23,2.31
2011-06-15,6.32,6.31,6.39,6.27,146187,92466651.0,1.88,-1.25,-0.08,1.38
2011-06-16,6.2,6.17,6.29,6.16,100977,62638263.0,2.06,-2.22,-0.14,0.95
2011-06-17,6.15,6.09,6.29,6.08,89719,55553666.0,3.4,-1.3,-0.08,0.85
2011-06-20,6.15,6.03,6.25,6.0,129356,78762588.0,4.11,-0.99,-0.06,1.22
2011-06-21,6.09,6.01,6.11,5.9,133220,79997100.0,3.48,-0.33,-0.02,1.26
2011-06-22,6.05,6.04,6.09,5.95,82004,49292012.0,2.33,0.5,0.03,0.78
2011-06-23,6.04,6.12,6.14,5.91,120947,73243827.0,3.81,1.32,0.08,1.14
2011-06-24,6.11,6.28,6.33,6.06,230723,143739720.0,4.41,2.61,0.16,2.18
2011-06-27,6.3,6.42,6.47,6.25,293156,186971112.0,3.5,2.23,0.14,2.77
2011-06-28,6.36,6.38,6.43,6.28,176004,111764136.0,2.34,-0.62,-0.04,1.66
2011-06-29,6.37,6.26,6.41,6.25,132450,83630083.0,2.51,-1.88,-0.12,1.25
2011-06-30,6.27,6.3,6.43,6.25,163275,103662274.0,2.88,0.64,0.04,1.54
2011-07-01,6.35,6.39,6.45,6.29,173970,110686223.0,2.54,1.43,0.09,1.64
2011-07-04,6.42,6.52,6.55,6.37,220685,142746411.0,2.82,2.03,0.13,2.09
2011-07-05,6.52,6.55,6.62,6.44,235637,154233236.0,2.76,0.46,0.03,2.23
2011-07-06,6.47,6.47,6.5,6.41,160270,103299309.0,1.37,-1.22,-0.08,1.52
2011-07-07,6.51,6.55,6.58,6.43,247209,161325238.0,2.32,1.24,0.08,2.34
2011-07-08,6.57,6.49,6.6,6.45,123732,80616746.0,2.29,-0.92,-0.06,1.17
2011-07-11,6.45,6.43,6.47,6.35,111216,71349354.0,1.85,-0.92,-0.06,1.05
2011-07-12,6.37,6.26,6.38,6.25,131679,83102241.0,2.02,-2.64,-0.17,1.24
2011-07-13,6.29,6.41,6.47,6.26,183839,117315017.0,3.35,2.4,0.15,1.74
2011-07-14,6.44,6.38,6.44,6.32,122066,77750049.0,1.87,-0.47,-0.03,1.15
2011-07-15,6.36,6.39,6.41,6.29,139019,88204140.0,1.88,0.16,0.01,1.31
2011-07-18,6.42,6.5,6.84,6.41,756626,500217825.0,6.73,1.72,0.11,7.15
2011-07-19,6.43,6.32,6.47,6.31,218861,139247724.0,2.46,-2.77,-0.18,2.07
2011-07-20,6.36,6.25,6.39,6.19,175722,110163275.0,3.16,-1.11,-0.07,1.66
2011-07-21,6.24,6.14,6.27,6.12,128391,79309846.0,2.4,-1.76,-0.11,1.21
2011-07-22,6.18,6.24,6.28,6.15,120774,74888245.0,2.12,1.63,0.1,1.14
2011-07-25,6.19,5.97,6.24,5.95,178558,108007962.0,4.65,-4.33,-0.27,1.69
2011-07-26,5.94,5.91,6.0,5.82,108234,63894870.0,3.02,-1.01,-0.06,1.02
2011-07-27,5.9,5.98,6.0,5.83,103425,61211559.0,2.88,1.18,0.07,0.98
2011-07-28,5.9,5.99,6.11,5.89,119607,71919869.0,3.68,0.17,0.01,1.13
2011-07-29,6.01,5.99,6.11,5.9,138798,83646105.0,3.51,0.0,0.0,1.31
2011-08-01,5.9,5.85,5.91,5.8,144079,84299466.0,1.84,-2.34,-0.14,1.36
2011-08-02,5.84,5.65,5.84,5.49,167690,93976956.0,5.98,-3.42,-0.2,1.59
2011-08-03,5.58,5.57,5.65,5.5,127389,70856807.0,2.65,-1.42,-0.08,1.2
2011-08-04,5.56,5.6,5.63,5.55,75531,42307187.0,1.44,0.54,0.03,0.71
2011-08-05,5.3,5.43,5.44,5.21,144794,77703410.0,4.11,-3.04,-0.17,1.37
2011-08-08,5.33,5.16,5.41,5.02,184065,96470976.0,7.18,-4.97,-0.27,1.74
2011-08-09,4.99,5.12,5.18,4.9,141192,71139728.0,5.43,-0.78,-0.04,1.33
2011-08-10,5.22,5.22,5.32,5.16,115962,60728574.0,3.13,1.95,0.1,1.1
2011-08-11,5.05,5.32,5.33,5.05,136830,71905252.0,5.36,1.92,0.1,1.29
2011-08-12,5.33,5.7,5.85,5.32,569396,323766177.0,9.96,7.14,0.38,5.38
2011-08-15,5.55,5.7,5.72,5.53,333723,187806086.0,3.33,0.0,0.0,3.15
2011-08-16,6.03,5.86,6.27,5.81,708364,427866321.0,8.07,2.81,0.16,6.7
2011-08-17,5.75,5.81,5.97,5.67,424723,246321470.0,5.12,-0.85,-0.05,4.01
2011-08-18,5.86,5.62,5.89,5.61,215517,123034816.0,4.82,-3.27,-0.19,2.04
2011-08-19,5.46,5.5,5.54,5.4,159876,87394829.0,2.49,-2.14,-0.12,1.51
2011-08-22,5.51,5.44,5.57,5.41,109915,60226634.0,2.91,-1.09,-0.06,1.04
2011-08-23,5.46,5.54,5.54,5.42,110828,60803677.0,2.21,1.84,0.1,1.05
2011-08-24,5.58,5.42,5.6,5.42,119849,66014883.0,3.25,-2.17,-0.12,1.13
2011-08-25,5.52,5.67,5.76,5.49,282356,159473579.0,4.98,4.61,0.25,2.67
2011-08-26,5.62,5.84,5.95,5.6,337197,195900742.0,6.17,3.0,0.17,3.19
2011-08-29,5.75,5.73,5.81,5.69,174472,100194571.0,2.05,-1.88,-0.11,1.65
2011-08-30,5.78,5.66,5.84,5.63,162699,93408755.0,3.66,-1.22,-0.07,1.54
2011-09-01,5.65,5.58,5.7,5.54,95648,53664965.0,2.83,-1.41,-0.08,0.9
2011-09-02,5.58,5.48,5.58,5.45,70377,38646738.0,2.33,-1.79,-0.1,0.67
2011-09-05,5.4,5.26,5.44,5.25,87042,46292558.0,3.47,-4.01,-0.22,0.82
2011-09-06,5.2,5.28,5.33,5.2,61078,32192579.0,2.47,0.38,0.02,0.58
2011-09-07,5.33,5.45,5.45,5.29,78411,42151574.0,3.03,3.22,0.17,0.74
2011-09-08,5.5,5.36,5.53,5.36,73721,40140391.0,3.12,-1.65,-0.09,0.7
2011-09-09,5.38,5.43,5.47,5.34,73002,39504972.0,2.43,1.31,0.07,0.69
2011-09-13,5.34,5.28,5.34,5.23,60000,31720996.0,2.03,-2.76,-0.15,0.57
2011-09-14,5.33,5.36,5.37,5.23,45151,23957768.0,2.65,1.52,0.08,0.43
2011-09-15,5.36,5.53,5.82,5.32,276745,154455193.0,9.33,3.17,0.17,2.62
2011-09-16,5.8,5.51,5.8,5.5,199574,111110978.0,5.42,-0.36,-0.02,1.89
2011-09-19,5.43,5.32,5.43,5.28,90974,48603071.0,2.72,-3.45,-0.19,0.86
2011-09-20,5.34,5.35,5.4,5.28,107352,57282129.0,2.26,0.56,0.03,1.01
2011-09-21,5.36,5.59,5.61,5.3,253509,139682825.0,5.79,4.49,0.24,2.4
2011-09-22,5.53,5.35,5.58,5.34,161743,88587942.0,4.29,-4.29,-0.24,1.53
2011-09-23,5.27,5.29,5.35,5.2,126465,66497714.0,2.8,-1.12,-0.06,1.2
2011-09-26,5.26,5.22,5.36,5.21,92487,48838237.0,2.84,-1.32,-0.07,0.87
2011-09-27,5.28,5.28,5.33,5.22,65418,34493809.0,2.11,1.15,0.06,0.62
2011-09-28,5.32,5.1,5.35,5.06,130618,67765062.0,5.49,-3.41,-0.18,1.23
2011-09-29,5.08,4.91,5.1,4.89,108971,54529860.0,4.12,-3.73,-0.19,1.03
2011-09-30,4.95,4.97,5.03,4.9,54197,26891494.0,2.65,1.22,0.06,0.51
2011-10-10,4.99,4.95,5.04,4.92,47301,23561108.0,2.41,-0.4,-0.02,0.45
2011-10-11,5.06,4.97,5.12,4.9,61139,30590463.0,4.44,0.4,0.02,0.58
2011-10-12,4.94,5.15,5.18,4.91,122830,62650001.0,5.43,3.62,0.18,1.16
2011-10-13,5.18,5.2,5.28,5.13,126114,65803927.0,2.91,0.97,0.05,1.19
2011-10-14,5.24,5.3,5.48,5.24,235369,125917206.0,4.62,1.92,0.1,2.22
2011-10-17,5.45,5.49,5.68,5.42,348626,193196411.0,4.91,3.58,0.19,3.3
2011-10-18,5.32,5.23,5.41,5.22,203330,108304752.0,3.46,-4.74,-0.26,1.92
2011-10-19,5.26,5.19,5.29,5.12,110529,57469171.0,3.25,-0.76,-0.04,1.04
2011-10-20,5.15,5.05,5.19,5.01,91705,46466736.0,3.47,-2.7,-0.14,0.87
2011-10-21,5.05,5.11,5.2,5.02,78446,40123171.0,3.56,1.19,0.06,0.74
2011-10-24,5.11,5.2,5.24,4.98,113755,58366322.0,5.09,1.76,0.09,1.08
2011-10-25,5.16,5.35,5.44,5.11,184772,98143897.0,6.35,2.88,0.15,1.75
2011-10-26,5.31,5.42,5.55,5.28,256422,139401696.0,5.05,1.31,0.07,2.42
2011-10-27,5.41,5.37,5.45,5.32,155780,83721095.0,2.4,-0.92,-0.05,1.47
2011-10-28,5.42,5.53,5.58,5.4,272874,150094777.0,3.35,2.98,0.16,2.58
2011-10-31,5.51,5.68,5.96,5.44,425879,244004348.0,9.4,2.71,0.15,4.03
2011-11-01,5.64,5.63,5.77,5.56,234723,132637370.0,3.7,-0.88,-0.05,2.22
2011-11-02,5.51,5.7,5.71,5.45,205773,115074957.0,4.62,1.24,0.07,1.95
2011-11-03,5.76,5.75,5.95,5.68,405148,235570746.0,4.74,0.88,0.05,3.83
2011-11-04,5.81,6.04,6.2,5.68,709432,424523728.0,9.04,5.04,0.29,6.71
2011-11-07,5.9,5.8,5.97,5.78,361092,211982335.0,3.15,-3.97,-0.24,3.41
2011-11-08,5.78,5.66,5.83,5.63,194349,111106126.0,3.45,-2.41,-0.14,1.84
2011-11-09,5.69,5.76,5.78,5.57,177486,100749189.0,3.71,1.77,0.1,1.68
2011-11-10,5.7,5.63,5.79,5.6,167666,95256055.0,3.3,-2.26,-0.13,1.58
2011-11-11,5.67,5.7,5.88,5.61,233521,134659185.0,4.8,1.24,0.07,2.21
2011-11-14,5.76,5.8,5.87,5.74,181253,105231856.0,2.28,1.75,0.1,1.71
2011-11-15,5.81,5.81,5.83,5.74,138100,79883253.0,1.55,0.17,0.01,1.31
2011-11-16,5.81,5.72,5.86,5.62,256551,147279111.0,4.13,-1.55,-0.09,2.43
2011-11-17,5.69,5.8,5.93,5.63,346451,201658720.0,5.24,1.4,0.08,3.27
2011-11-18,5.69,5.5,5.75,5.47,257989,144311801.0,4.83,-5.17,-0.3,2.44
2011-11-21,5.49,5.46,5.54,5.37,94741,51464663.0,3.09,-0.73,-0.04,0.9
2011-11-22,5.38,5.46,5.51,5.37,80285,43689526.0,2.56,0.0,0.0,0.76
2011-11-23,5.51,5.34,5.53,5.32,84129,45576446.0,3.85,-2.2,-0.12,0.8
2011-11-24,5.26,5.36,5.39,5.23,75170,39964398.0,3.0,0.37,0.02,0.71
2011-11-25,5.35,5.37,5.45,5.32,85941,46311545.0,2.43,0.19,0.01,0.81
2011-11-28,5.39,5.38,5.45,5.33,67355,36371588.0,2.23,0.19,0.01,0.64
2011-11-29,5.43,5.48,5.5,5.34,120149,65125312.0,2.97,1.86,0.1,1.14
2011-11-30,5.43,5.15,5.45,5.09,132362,69527975.0,6.57,-6.02,-0.33,1.25
2011-12-01,5.33,5.29,5.41,5.25,139834,74496451.0,3.11,2.72,0.14,1.32
2011-12-02,5.29,5.31,5.38,5.17,111378,58785679.0,3.97,0.38,0.02,1.05
2011-12-05,5.32,5.1,5.35,5.07,96378,49710587.0,5.27,-3.95,-0.21,0.91
2011-12-06,5.06,5.12,5.17,5.06,52248,26774343.0,2.16,0.39,0.02,0.49
2011-12-07,5.12,5.11,5.18,5.09,52115,26712148.0,1.76,-0.2,-0.01,0.49
2011-12-08,5.11,5.07,5.14,4.95,62751,31783004.0,3.72,-0.78,-0.04,0.59
2011-12-09,5.02,5.03,5.11,5.01,49523,25084420.0,1.97,-0.79,-0.04,0.47
2011-12-12,5.03,4.95,5.07,4.95,54632,27293042.0,2.39,-1.59,-0.08,0.52
2011-12-13,4.91,4.78,4.94,4.75,76684,36862449.0,3.84,-3.43,-0.17,0.72
2011-12-14,4.73,4.51,4.82,4.46,84412,39264617.0,7.53,-5.65,-0.27,0.8
2011-12-15,4.49,4.35,4.49,4.33,63305,27886897.0,3.55,-3.55,-0.16,0.6
2011-12-16,4.37,4.53,4.53,4.37,54795,24342225.0,3.68,4.14,0.18,0.52
2011-12-19,4.48,4.5,4.51,4.36,50369,22391860.0,3.31,-0.66,-0.03,0.48
2011-12-20,4.5,4.5,4.63,4.46,49789,22681791.0,3.78,0.0,0.0,0.47
2011-12-21,4.55,4.39,4.59,4.36,36629,16454886.0,5.11,-2.44,-0.11,0.35
2011-12-22,4.37,4.3,4.37,4.15,53565,22891575.0,5.01,-2.05,-0.09,0.51
2011-12-23,4.3,4.33,4.4,4.24,47994,20772839.0,3.72,0.7,0.03,0.45
2011-12-26,4.28,4.3,4.37,4.28,31299,13508410.0,2.08,-0.69,-0.03,0.3
2011-12-27,4.29,4.36,4.52,4.27,121264,53543404.0,5.81,1.4,0.06,1.15
2011-12-28,4.29,4.34,4.37,4.2,68456,29285931.0,3.9,-0.46,-0.02,0.65
2011-12-29,4.32,4.32,4.37,4.29,40810,17743572.0,1.84,-0.46,-0.02,0.39
2011-12-30,4.35,4.39,4.43,4.35,47415,20814853.0,1.85,1.62,0.07,0.45
2012-01-04,4.45,4.26,4.45,4.24,61910,26974171.0,4.78,-2.96,-0.13,0.59
2012-01-05,4.21,4.09,4.27,4.08,59722,24832329.0,4.46,-3.99,-0.17,0.56
2012-01-06,4.08,4.2,4.21,4.03,51089,21037235.0,4.4,2.69,0.11,0.48
2012-01-09,4.4,4.47,4.49,4.3,166027,73247256.0,4.52,6.43,0.27,1.57
2012-01-10,4.39,4.56,4.62,4.37,236439,106773475.0,5.59,2.01,0.09,2.24
2012-01-11,4.52,4.6,4.66,4.48,163841,74992819.0,3.95,0.88,0.04,1.55
2012-01-12,4.75,4.56,4.88,4.55,199172,93327204.0,7.17,-0.87,-0.04,1.88
2012-01-13,4.5,4.42,4.59,4.38,117551,52544954.0,4.61,-3.07,-0.14,1.11
2012-01-16,4.34,4.28,4.39,4.28,51337,22269315.0,2.49,-3.17,-0.14,0.49
2012-01-17,4.3,4.54,4.55,4.29,96254,42782469.0,6.07,6.07,0.26,0.91
2012-01-18,4.54,4.43,4.59,4.42,83556,37698028.0,3.74,-2.42,-0.11,0.79
2012-01-19,4.45,4.62,4.7,4.42,153395,70117225.0,6.32,4.29,0.19,1.45
2012-01-20,4.57,4.65,4.69,4.55,90732,41919418.0,3.03,0.65,0.03,0.86
2012-01-30,4.65,4.53,4.65,4.49,91845,41811934.0,3.44,-2.58,-0.12,0.87
2012-01-31,4.55,4.56,4.57,4.49,43018,19463371.0,1.77,0.66,0.03,0.41
2012-02-01,4.52,4.47,4.59,4.43,64010,28818254.0,3.51,-1.97,-0.09,0.61
2012-02-02,4.51,4.6,4.62,4.46,99086,45090282.0,3.58,2.91,0.13,0.94
2012-02-03,4.61,4.63,4.67,4.55,107120,49390297.0,2.61,0.65,0.03,1.01
2012-02-06,4.63,4.8,5.05,4.58,326240,157703365.0,10.15,3.67,0.17,3.08
2012-02-07,4.7,4.68,4.76,4.63,150156,70471762.0,2.71,-2.5,-0.12,1.42
2012-02-08,4.67,4.76,4.78,4.64,122153,57713849.0,2.99,1.71,0.08,1.15
2012-02-09,4.79,4.75,4.85,4.71,148407,70905949.0,2.94,-0.21,-0.01,1.4
2012-02-10,4.79,4.77,4.88,4.74,110636,53137001.0,2.95,0.42,0.02,1.05
2012-02-13,4.7,4.74,4.79,4.61,146690,69306307.0,3.77,-0.63,-0.03,1.39
2012-02-14,4.76,4.8,4.83,4.7,125407,59865498.0,2.74,1.27,0.06,1.19
2012-02-15,4.77,4.84,4.86,4.72,167372,80470746.0,2.92,0.83,0.04,1.58
2012-02-16,4.83,4.87,5.05,4.81,281940,139575426.0,4.96,0.62,0.03,2.67
2012-02-17,4.85,4.8,4.89,4.74,125458,60341365.0,3.08,-1.44,-0.07,1.19
2012-02-20,4.86,4.78,4.89,4.76,100682,48510290.0,2.71,-0.42,-0.02,0.95
2012-02-21,4.78,4.83,4.84,4.73,92180,44202251.0,2.3,1.05,0.05,0.87
2012-02-22,4.81,4.94,4.96,4.81,203382,99847674.0,3.11,2.28,0.11,1.92
2012-02-23,4.94,4.96,4.98,4.91,157508,77930188.0,1.42,0.4,0.02,1.49
2012-02-24,4.98,5.15,5.36,4.95,480488,247340696.0,8.27,3.83,0.19,4.54
2012-02-27,5.15,5.17,5.26,5.12,259127,134339063.0,2.72,0.39,0.02,2.45
2012-02-28,5.15,5.2,5.25,5.07,164895,84903223.0,3.48,0.58,0.03,1.56
2012-02-29,5.15,5.12,5.17,5.07,121882,62309462.0,1.92,-1.54,-0.08,1.15
2012-03-01,5.12,5.23,5.29,5.11,168277,87815056.0,3.52,2.15,0.11,1.59
2012-03-02,5.21,5.38,5.42,5.19,256677,136770429.0,4.4,2.87,0.15,2.43
2012-03-05,5.46,5.29,5.53,5.25,214486,115762201.0,5.2,-1.67,-0.09,2.03
2012-03-06,5.29,5.38,5.48,5.23,201691,108128157.0,4.73,1.7,0.09,1.91
2012-03-07,5.31,5.28,5.41,5.23,144073,76632541.0,3.35,-1.86,-0.1,1.36
2012-03-08,5.29,5.54,5.57,5.28,269812,147470976.0,5.49,4.92,0.26,2.55
2012-03-09,5.53,5.56,5.65,5.47,186347,103522283.0,3.25,0.36,0.02,1.76
2012-03-12,5.55,5.49,5.56,5.46,89925,49430303.0,1.8,-1.26,-0.07,0.85
2012-03-13,5.5,5.52,5.57,5.43,83824,46102950.0,2.55,0.55,0.03,0.79
2012-03-14,5.56,5.06,5.56,4.99,222188,116931715.0,10.33,-8.33,-0.46,2.1
2012-03-15,5.06,4.95,5.13,4.89,167379,83602176.0,4.74,-2.17,-0.11,1.58
2012-03-16,4.98,5.03,5.07,4.95,113039,56662655.0,2.42,1.62,0.08,1.07
2012-03-19,5.05,5.18,5.21,5.04,135098,69701300.0,3.38,2.98,0.15,1.28
2012-03-20,5.21,5.25,5.51,5.13,293445,156265439.0,7.34,1.35,0.07,2.77
2012-03-21,5.24,5.14,5.35,5.09,207923,107580759.0,4.95,-2.1,-0.11,1.97
2012-03-22,5.14,5.17,5.25,5.08,99888,51709196.0,3.31,0.58,0.03,0.94
2012-03-23,5.18,5.0,5.18,4.94,129927,65355724.0,4.64,-3.29,-0.17,1.23
2012-03-26,5.0,4.95,5.04,4.89,57972,28702552.0,3.0,-1.0,-0.05,0.55
2012-03-27,4.97,5.07,5.25,4.97,186717,95377964.0,5.66,2.42,0.12,1.77
2012-03-28,5.11,5.22,5.49,5.11,588572,310946192.0,7.5,2.96,0.15,5.56
2012-03-29,5.05,4.98,5.13,4.72,340726,167119664.0,7.85,-4.6,-0.24,3.22
2012-03-30,4.94,4.78,5.05,4.67,182033,88586895.0,7.63,-4.02,-0.2,1.72
2012-04-05,4.81,4.92,4.97,4.73,173705,84324473.0,5.02,2.93,0.14,1.64
2012-04-06,4.94,5.0,5.15,4.9,237534,119719333.0,5.08,1.63,0.08,2.25
2012-04-09,5.0,5.08,5.18,4.88,235805,119449787.0,6.0,1.6,0.08,2.23
2012-04-10,5.0,5.14,5.14,4.94,153467,77302548.0,3.94,1.18,0.06,1.45
2012-04-11,5.04,5.16,5.28,5.03,247929,128044731.0,4.86,0.39,0.02,2.34
2012-04-12,5.16,5.25,5.25,5.09,218520,113354021.0,3.1,1.74,0.09,2.07
2012-04-13,5.31,5.34,5.58,5.3,445821,242021676.0,5.33,1.71,0.09,4.21
2012-04-16,5.26,5.87,5.87,5.23,817890,461501696.0,11.99,9.93,0.53,7.73
2012-04-17,5.95,5.55,5.95,5.54,804835,459433664.0,6.98,-5.45,-0.32,7.61
2012-04-19,5.65,5.68,6.05,5.61,760289,439578112.0,7.93,2.34,0.13,7.19
2012-04-20,5.6,6.25,6.25,5.55,1040780,626368368.0,12.32,10.04,0.57,9.84
2012-04-23,6.38,6.43,6.49,6.2,1220432,773183600.0,4.64,2.88,0.18,11.54
2012-04-24,6.26,6.34,6.42,6.03,760633,473970208.0,6.07,-1.4,-0.09,7.19
2012-04-25,6.26,6.36,6.6,6.23,826613,532096160.0,5.84,0.32,0.02,7.81
2012-04-26,6.31,6.14,6.38,6.1,524905,326513952.0,4.4,-3.46,-0.22,4.96
2012-04-27,6.15,6.19,6.37,6.02,440263,272437440.0,5.7,0.81,0.05,4.16
2012-05-02,6.25,6.03,6.25,5.9,446388,271268912.0,5.65,-2.58,-0.16,4.22
2012-05-03,6.08,6.12,6.13,5.88,365081,219928861.0,4.15,1.49,0.09,3.45
2012-05-04,6.05,6.14,6.25,5.98,386655,237042670.0,4.41,0.33,0.02,3.65
2012-05-07,6.14,6.57,6.71,6.11,911986,580755584.0,9.77,7.0,0.43,8.62
2012-05-08,6.47,6.4,6.55,6.3,589386,377335392.0,3.81,-2.59,-0.17,5.57
2012-05-09,6.35,6.32,6.6,6.29,471754,303921680.0,4.84,-1.25,-0.08,4.46
2012-05-10,6.25,6.26,6.5,6.15,398771,250720358.0,5.54,-0.95,-0.06,3.77
2012-05-11,6.2,6.19,6.38,6.15,209809,130749274.0,3.67,-1.12,-0.07,1.98
2012-05-14,6.26,6.26,6.44,6.19,316025,199010764.0,4.04,1.13,0.07,2.99
2012-05-15,6.19,6.35,6.36,6.12,280303,175531924.0,3.83,1.44,0.09,2.65
2012-05-16,6.3,6.22,6.41,6.2,244729,154442631.0,3.31,-2.05,-0.13,2.31
2012-05-17,6.21,6.12,6.26,5.98,344558,209956062.0,4.5,-1.61,-0.1,3.26
2012-05-18,6.07,5.84,6.11,5.83,278172,165813585.0,4.58,-4.58,-0.28,2.63
2012-05-21,5.81,5.98,6.02,5.79,227516,134640008.0,3.94,2.4,0.14,2.15
2012-05-22,5.95,6.0,6.04,5.93,142317,85213567.0,1.84,0.33,0.02,1.35
2012-05-23,6.0,5.95,6.07,5.87,180636,107767420.0,3.33,-0.83,-0.05,1.71
2012-05-24,5.9,5.75,5.95,5.73,139979,81517385.0,3.7,-3.36,-0.2,1.32
2012-05-25,5.75,5.67,5.82,5.63,114543,65500443.0,3.3,-1.39,-0.08,1.08
2012-05-28,5.65,5.83,5.87,5.58,158003,90915054.0,5.11,2.82,0.16,1.49
2012-05-29,5.83,5.97,5.98,5.81,174003,102777188.0,2.92,2.4,0.14,1.64
2012-05-30,5.96,5.93,6.01,5.9,115121,68420045.0,1.84,-0.67,-0.04,1.09
2012-05-31,5.95,5.88,5.95,5.86,101705,60016270.0,1.52,-0.84,-0.05,0.96
2012-06-01,5.87,5.84,5.92,5.8,71993,42186730.0,2.04,-0.68,-0.04,0.68
2012-06-04,5.69,5.52,5.8,5.5,159316,90405399.0,5.14,-5.48,-0.32,1.51
2012-06-05,5.65,5.62,5.97,5.6,282636,162878463.0,6.7,1.81,0.1,2.67
2012-06-06,5.59,5.65,5.72,5.56,133229,75350086.0,2.85,0.53,0.03,1.26
2012-06-07,5.7,5.61,5.75,5.57,106923,60627403.0,3.19,-0.71,-0.04,1.01
2012-06-08,5.69,5.5,5.71,5.49,158625,88345780.0,3.92,-1.96,-0.11,1.5
2012-06-11,5.5,5.68,5.7,5.42,143561,80338487.0,5.09,3.27,0.18,1.36
2012-06-12,5.61,5.67,5.72,5.58,104785,59249016.0,2.46,-0.18,-0.01,0.99
2012-06-13,5.79,5.99,6.1,5.79,447773,266344620.0,5.47,5.64,0.32,4.23
2012-06-14,5.91,5.92,6.07,5.9,205346,122744096.0,2.84,-1.17,-0.07,1.94
2012-06-15,5.93,5.86,6.03,5.76,173916,102500101.0,4.56,-1.01,-0.06,1.64
2012-06-18,5.95,6.05,6.16,5.95,282664,171371346.0,3.58,3.24,0.19,2.67
2012-06-19,5.99,6.04,6.1,5.94,163801,98851935.0,2.64,-0.17,-0.01,1.55
2012-06-20,6.05,5.93,6.06,5.86,120354,71498596.0,3.31,-1.82,-0.11,1.14
2012-06-21,5.96,5.9,5.96,5.77,108316,63524786.0,3.2,-0.51,-0.03,1.02
2012-06-25,5.85,5.62,5.86,5.59,112049,63895106.0,4.58,-4.75,-0.28,1.06
2012-06-26,5.56,5.63,5.64,5.43,92902,51537344.0,3.74,0.18,0.01,0.88
2012-06-27,5.61,5.57,5.73,5.53,89561,50426544.0,3.55,-1.07,-0.06,0.85
2012-06-28,5.62,5.49,5.65,5.48,78300,43638961.0,3.05,-1.44,-0.08,0.74
2012-06-29,5.5,5.66,5.67,5.38,138663,76914569.0,5.28,3.1,0.17,1.31
2012-07-02,5.71,5.68,5.73,5.61,74576,42216526.0,2.12,0.35,0.02,0.7
2012-07-03,5.67,5.85,5.93,5.62,250066,144741638.0,5.46,2.99,0.17,2.36
2012-07-04,5.8,5.82,5.88,5.73,111258,64470069.0,2.56,-0.51,-0.03,1.05
2012-07-05,5.8,5.7,5.95,5.67,218714,127280476.0,4.81,-2.06,-0.12,2.07
2012-07-06,5.75,5.83,5.85,5.55,162856,93102133.0,5.26,2.28,0.13,1.54
2012-07-09,5.77,5.49,5.78,5.42,153298,86040512.0,6.17,-5.83,-0.34,1.45
2012-07-10,5.5,5.15,5.5,5.13,186195,98084229.0,6.74,-6.19,-0.34,1.76
2012-07-11,5.12,5.18,5.2,5.08,90566,46665200.0,2.33,0.58,0.03,0.86
2012-07-12,5.25,5.3,5.37,5.24,125876,66753893.0,2.51,2.32,0.12,1.19
2012-07-13,5.27,5.18,5.31,5.17,109415,57124776.0,2.64,-2.26,-0.12,1.03
2012-07-16,5.21,4.95,5.23,4.94,128350,64562739.0,5.6,-4.44,-0.23,1.21
2012-07-17,4.92,5.21,5.38,4.9,246747,128451241.0,9.7,5.25,0.26,2.33
2012-07-18,5.15,5.17,5.18,5.0,174108,88355005.0,3.45,-0.77,-0.04,1.65
2012-07-19,5.1,5.12,5.23,5.06,169448,87355042.0,3.29,-0.97,-0.05,1.6
2012-07-20,5.13,5.22,5.33,5.12,192754,100585998.0,4.1,1.95,0.1,1.82
2012-07-23,5.15,5.09,5.15,5.0,105178,53324943.0,2.87,-2.49,-0.13,0.99
2012-07-24,5.01,5.1,5.14,5.01,88961,45379631.0,2.55,0.2,0.01,0.84
2012-07-25,5.07,5.05,5.19,5.03,126240,64516598.0,3.14,-0.98,-0.05,1.19
2012-07-26,5.0,4.92,5.04,4.9,130824,65031476.0,2.77,-2.57,-0.13,1.24
2012-07-27,4.98,4.86,4.98,4.84,85334,41654453.0,2.85,-1.22,-0.06,0.81
2012-07-30,4.89,4.71,4.91,4.7,71061,33894210.0,4.32,-3.09,-0.15,0.67
2012-07-31,4.71,4.6,4.73,4.57,67971,31436026.0,3.4,-2.34,-0.11,0.64
2012-08-01,4.6,4.67,4.72,4.59,63082,29456240.0,2.83,1.52,0.07,0.6
2012-08-02,4.65,4.53,4.67,4.5,65708,30021710.0,3.64,-3.0,-0.14,0.62
2012-08-03,4.55,4.65,4.65,4.52,69065,31849605.0,2.87,2.65,0.12,0.65
2012-08-06,4.99,5.12,5.12,4.88,490160,246000153.0,5.16,10.11,0.47,4.63
2012-08-07,5.18,5.24,5.47,5.12,580067,305034976.0,6.84,2.34,0.12,5.48
2012-08-08,5.12,5.11,5.23,5.02,259919,132676308.0,4.01,-2.48,-0.13,2.46
2012-08-09,5.06,5.13,5.23,5.03,228122,116984712.0,3.91,0.39,0.02,2.16
2012-08-10,5.09,5.07,5.18,5.05,150498,76663435.0,2.53,-1.17,-0.06,1.42
2012-08-13,5.03,4.82,5.05,4.81,175672,86589301.0,4.73,-4.93,-0.25,1.66
2012-08-14,4.8,4.83,4.87,4.7,124854,59637389.0,3.53,0.21,0.01,1.18
2012-08-15,4.8,4.83,5.02,4.76,134321,65713476.0,5.38,0.0,0.0,1.27
2012-08-16,4.78,4.81,4.91,4.78,80544,38944490.0,2.69,-0.41,-0.02,0.76
2012-08-17,4.81,4.86,4.9,4.75,88387,42683576.0,3.12,1.04,0.05,0.84
2012-08-20,4.83,4.81,4.87,4.72,84822,40680180.0,3.09,-1.03,-0.05,0.8
2012-08-21,4.78,4.85,4.9,4.76,97680,47340945.0,2.91,0.83,0.04,0.92
2012-08-22,4.84,4.76,4.85,4.74,86330,41262025.0,2.27,-1.86,-0.09,0.82
2012-08-23,4.75,4.79,4.8,4.74,57041,27240578.0,1.26,0.63,0.03,0.54
2012-08-24,4.79,4.63,4.79,4.62,85932,40288025.0,3.55,-3.34,-0.16,0.81
2012-08-27,4.64,4.58,4.66,4.56,62177,28649857.0,2.16,-1.08,-0.05,0.59
2012-08-28,4.56,4.69,4.72,4.55,80053,37235093.0,3.71,2.4,0.11,0.76
2012-08-29,4.66,4.61,4.68,4.61,47960,22220302.0,1.49,-1.71,-0.08,0.45
2012-08-30,4.62,4.55,4.68,4.46,96712,44005414.0,4.77,-1.3,-0.06,0.91
2012-08-31,4.53,4.73,4.75,4.49,124249,57806439.0,5.71,3.96,0.18,1.17
2012-09-03,4.76,4.81,4.85,4.7,185805,89065294.0,3.17,1.69,0.08,1.76
2012-09-04,4.77,4.7,4.8,4.65,101004,47731396.0,3.12,-2.29,-0.11,0.95
2012-09-05,4.77,4.77,4.97,4.74,142721,68967586.0,4.89,1.49,0.07,1.35
2012-09-06,4.73,4.77,4.78,4.71,83578,39603166.0,1.47,0.0,0.0,0.79
2012-09-07,4.81,4.88,5.02,4.78,220932,108177101.0,5.03,2.31,0.11,2.09
2012-09-10,4.89,4.93,5.0,4.86,149654,73598555.0,2.87,1.02,0.05,1.41
2012-09-11,4.91,4.83,4.91,4.82,89461,43365111.0,1.83,-2.03,-0.1,0.85
2012-09-12,4.86,4.87,4.93,4.84,72494,35297620.0,1.86,0.83,0.04,0.69
2012-09-13,4.87,4.76,4.9,4.76,67546,32657207.0,2.87,-2.26,-0.11,0.64
2012-09-14,4.82,4.74,4.84,4.67,101918,48289181.0,3.57,-0.42,-0.02,0.96
2012-09-17,4.77,4.62,4.77,4.6,62060,28991935.0,3.59,-2.53,-0.12,0.59
2012-09-18,4.62,4.59,4.68,4.56,55257,25476482.0,2.6,-0.65,-0.03,0.52
2012-09-19,4.6,4.61,4.65,4.58,51373,23681342.0,1.53,0.44,0.02,0.49
2012-09-20,4.64,4.45,4.64,4.45,74338,33602198.0,4.12,-3.47,-0.16,0.7
2012-09-21,4.45,4.44,4.5,4.41,41468,18491236.0,2.02,-0.22,-0.01,0.39
2012-09-24,4.46,4.45,4.49,4.3,46000,20344367.0,4.28,0.23,0.01,0.43
2012-09-25,4.45,4.48,4.58,4.42,45762,20563578.0,3.6,0.67,0.03,0.43
2012-09-26,4.48,4.33,4.48,4.33,49449,21634617.0,3.35,-3.35,-0.15,0.47
2012-09-27,4.31,4.39,4.44,4.3,72448,31732364.0,3.23,1.39,0.06,0.68
2012-09-28,4.35,4.46,4.47,4.35,54184,23998226.0,2.73,1.59,0.07,0.51
2012-10-08,4.47,4.44,4.48,4.41,35313,15692287.0,1.57,-0.45,-0.02,0.33
2012-10-09,4.44,4.53,4.55,4.44,70640,31886781.0,2.48,2.03,0.09,0.67
2012-10-10,4.52,4.61,4.68,4.49,79509,36511554.0,4.19,1.77,0.08,0.75
2012-10-11,4.59,4.51,4.68,4.5,79412,36366879.0,3.9,-2.17,-0.1,0.75
2012-10-12,4.55,4.55,4.67,4.52,80856,37077058.0,3.33,0.89,0.04,0.76
2012-10-15,4.55,4.46,4.55,4.43,50979,22804336.0,2.64,-1.98,-0.09,0.48
2012-10-16,4.48,4.48,4.55,4.45,32152,14469370.0,2.24,0.45,0.02,0.3
2012-10-17,4.48,4.48,4.52,4.45,44791,20083914.0,1.56,0.0,0.0,0.42
2012-10-18,4.49,4.67,4.72,4.48,197193,91289436.0,5.36,4.24,0.19,1.86
2012-10-19,4.66,4.57,4.68,4.56,89918,41458171.0,2.57,-2.14,-0.1,0.85
2012-10-22,4.56,4.62,4.64,4.53,98322,45349064.0,2.41,1.09,0.05,0.93
2012-10-23,4.59,4.59,4.69,4.58,95081,44108618.0,2.38,-0.65,-0.03,0.9
2012-10-24,4.55,4.57,4.61,4.53,61772,28180930.0,1.74,-0.44,-0.02,0.58
2012-10-25,4.57,4.49,4.61,4.49,62108,28223236.0,2.63,-1.75,-0.08,0.59
2012-10-26,4.49,4.4,4.53,4.38,58104,25687784.0,3.34,-2.0,-0.09,0.55
2012-10-29,4.41,4.37,4.42,4.35,28332,12396619.0,1.59,-0.68,-0.03,0.27
2012-10-30,4.37,4.38,4.43,4.37,46694,20534281.0,1.37,0.23,0.01,0.44
2012-10-31,4.4,4.25,4.41,4.23,158149,67835795.0,4.11,-2.97,-0.13,1.49
2012-11-01,4.26,4.39,4.44,4.26,114064,49798141.0,4.24,3.29,0.14,1.08
2012-11-02,4.41,4.6,4.68,4.39,278280,126887211.0,6.61,4.78,0.21,2.63
2012-11-05,4.57,4.55,4.6,4.52,101980,46405600.0,1.74,-1.09,-0.05,0.96
2012-11-06,4.55,4.49,4.55,4.41,73852,33044284.0,3.08,-1.32,-0.06,0.7
2012-11-07,4.49,4.45,4.54,4.41,66270,29598947.0,2.9,-0.89,-0.04,0.63
2012-11-08,4.39,4.38,4.47,4.31,76323,33579927.0,3.6,-1.57,-0.07,0.72
2012-11-09,4.42,4.37,4.43,4.36,39907,17526182.0,1.6,-0.23,-0.01,0.38
2012-11-12,4.37,4.42,4.45,4.37,39596,17418251.0,1.83,1.14,0.05,0.37
2012-11-13,4.43,4.27,4.43,4.25,87198,37546038.0,4.07,-3.39,-0.15,0.82
2012-11-14,4.27,4.27,4.29,4.23,50288,21426716.0,1.41,0.0,0.0,0.48
2012-11-15,4.28,4.24,4.35,4.23,55200,23705715.0,2.81,-0.7,-0.03,0.52
2012-11-16,4.21,4.34,4.48,4.18,159719,69349916.0,7.08,2.36,0.1,1.51
2012-11-19,4.28,4.28,4.28,4.21,72247,30632308.0,1.61,-1.38,-0.06,0.68
2012-11-20,4.29,4.25,4.32,4.23,44486,19012227.0,2.1,-0.7,-0.03,0.42
2012-11-21,4.25,4.29,4.29,4.18,50041,21252990.0,2.59,0.94,0.04,0.47
2012-11-22,4.26,4.23,4.27,4.22,29061,12323928.0,1.17,-1.4,-0.06,0.27
2012-11-23,4.26,4.25,4.29,4.23,39157,16700173.0,1.42,0.47,0.02,0.37
2012-11-26,4.24,4.2,4.26,4.2,22842,9658625.0,1.41,-1.18,-0.05,0.22
2012-11-27,4.2,4.05,4.21,4.03,61685,25302743.0,4.29,-3.57,-0.15,0.58
2012-11-28,4.05,3.93,4.06,3.91,50737,20195981.0,3.7,-2.96,-0.12,0.48
2012-11-29,3.95,3.84,4.0,3.84,37463,14722535.0,4.07,-2.29,-0.09,0.35
2012-11-30,3.84,3.9,3.98,3.83,51733,20230547.0,3.91,1.56,0.06,0.49
2012-12-03,3.9,3.87,3.97,3.85,41754,16284121.0,3.08,-0.77,-0.03,0.39
2012-12-04,3.88,3.88,3.9,3.77,46281,17762161.0,3.36,0.26,0.01,0.44
2012-12-05,3.88,4.01,4.06,3.85,92531,36993613.0,5.41,3.35,0.13,0.87
2012-12-06,4.01,4.05,4.08,3.97,61349,24717002.0,2.74,1.0,0.04,0.58
2012-12-07,4.04,4.13,4.18,4.01,123630,50788092.0,4.2,1.98,0.08,1.17
2012-12-10,4.13,4.17,4.22,4.11,78110,32552581.0,2.66,0.97,0.04,0.74
2012-12-11,4.19,4.41,4.57,4.18,386674,170029766.0,9.35,5.76,0.24,3.66
2012-12-12,4.35,4.34,4.38,4.24,158240,68192347.0,3.17,-1.59,-0.07,1.5
2012-12-13,4.31,4.19,4.35,4.17,104784,44693069.0,4.15,-3.46,-0.15,0.99
2012-12-14,4.18,4.38,4.43,4.18,159135,69409839.0,5.97,4.53,0.19,1.5
2012-12-17,4.41,4.42,4.59,4.4,196506,88049050.0,4.34,0.91,0.04,1.86
2012-12-18,4.39,4.42,4.52,4.35,133497,59345450.0,3.85,0.0,0.0,1.26
2012-12-19,4.4,4.52,4.64,4.38,199902,90774892.0,5.88,2.26,0.1,1.89
2012-12-20,4.49,4.49,4.56,4.4,94460,42221711.0,3.54,-0.66,-0.03,0.89
2012-12-21,4.5,4.45,4.54,4.43,71362,31923831.0,2.45,-0.89,-0.04,0.67
2012-12-24,4.43,4.45,4.5,4.42,52292,23286523.0,1.8,0.0,0.0,0.49
2012-12-25,4.45,4.58,4.62,4.41,180413,82455008.0,4.72,2.92,0.13,1.71
2012-12-26,4.56,4.7,4.82,4.54,187575,88421347.0,6.11,2.62,0.12,1.77
2012-12-27,4.69,4.59,4.75,4.58,109640,51028047.0,3.62,-2.34,-0.11,1.04
2012-12-28,4.63,4.7,4.71,4.6,108136,50456836.0,2.4,2.4,0.11,1.02
2012-12-31,4.7,4.72,4.78,4.64,176969,83391042.0,2.98,0.43,0.02,1.67
2013-01-04,4.74,4.64,4.76,4.61,150355,70164397.0,3.18,-1.69,-0.08,1.42
2013-01-07,4.64,4.63,4.68,4.57,82388,38094467.0,2.37,-0.22,-0.01,0.78
2013-01-08,4.61,4.8,4.98,4.61,422416,202938056.0,7.99,3.67,0.17,3.99
2013-01-09,4.7,4.7,4.84,4.65,254115,120331153.0,3.96,-2.08,-0.1,2.4
2013-01-10,4.73,4.69,4.75,4.66,187132,87878096.0,1.91,-0.21,-0.01,1.77
2013-01-11,4.69,4.52,4.72,4.48,163159,74909138.0,5.12,-3.62,-0.17,1.54
2013-01-14,4.54,4.69,4.71,4.5,149907,69429313.0,4.65,3.76,0.17,1.42
2013-01-15,4.69,4.8,4.84,4.69,267534,127930309.0,3.2,2.35,0.11,2.53
2013-01-16,4.93,4.83,5.06,4.74,443704,216575848.0,6.67,0.63,0.03,4.19
2013-01-17,4.85,4.71,4.85,4.7,153403,72749218.0,3.11,-2.48,-0.12,1.45
2013-01-18,4.72,4.79,4.81,4.71,123832,58985144.0,2.12,1.7,0.08,1.17
2013-01-21,4.79,4.82,4.87,4.74,150249,72039902.0,2.71,0.63,0.03,1.42
2013-01-22,4.82,4.69,4.83,4.66,122846,58227076.0,3.53,-2.7,-0.13,1.16
2013-01-23,4.68,4.68,4.74,4.59,86282,40214769.0,3.2,-0.21,-0.01,0.82
2013-01-24,4.68,4.56,4.74,4.54,124642,57808646.0,4.27,-2.56,-0.12,1.18
2013-01-25,4.57,4.54,4.61,4.52,46655,21272640.0,1.97,-0.44,-0.02,0.44
2013-01-28,4.53,4.67,4.68,4.51,81396,37671075.0,3.74,2.86,0.13,0.77
2013-01-29,4.65,4.68,4.71,4.65,84140,39379441.0,1.28,0.21,0.01,0.8
2013-01-30,4.7,4.68,4.72,4.61,129531,60290959.0,2.35,0.0,0.0,1.22
2013-01-31,4.64,4.57,4.65,4.5,126447,57713502.0,3.21,-2.35,-0.11,1.2
2013-02-01,4.57,4.59,4.61,4.54,70297,32169559.0,1.53,0.44,0.02,0.66
2013-02-04,4.66,4.62,4.7,4.6,99128,45966298.0,2.18,0.65,0.03,0.94
2013-02-05,4.57,4.64,4.68,4.52,88598,40831277.0,3.46,0.43,0.02,0.84
2013-02-06,4.66,4.63,4.69,4.61,76715,35671267.0,1.72,-0.22,-0.01,0.73
2013-02-07,4.63,4.63,4.68,4.59,70518,32674826.0,1.94,0.0,0.0,0.67
2013-02-08,4.62,4.65,4.66,4.6,89018,41282186.0,1.3,0.43,0.02,0.84
2013-02-18,4.67,4.73,4.83,4.62,212289,100564297.0,4.52,1.72,0.08,2.01
2013-02-19,4.7,4.63,4.71,4.6,119066,55433709.0,2.33,-2.11,-0.1,1.13
2013-02-20,4.63,4.67,4.68,4.6,69398,32245135.0,1.73,0.86,0.04,0.66
2013-02-21,4.65,4.56,4.65,4.53,103787,47467982.0,2.57,-2.36,-0.11,0.98
2013-02-22,4.56,4.55,4.59,4.54,42992,19619174.0,1.1,-0.22,-0.01,0.41
2013-02-25,4.56,4.56,4.59,4.5,47240,21498154.0,1.98,0.22,0.01,0.45
2013-02-26,4.51,4.35,4.54,4.32,164503,72986688.0,4.82,-4.61,-0.21,1.56
2013-02-27,4.36,4.36,4.41,4.33,66417,28976680.0,1.84,0.23,0.01,0.63
2013-02-28,4.37,4.43,4.45,4.36,118280,52187238.0,2.06,1.61,0.07,1.12
2013-03-01,4.43,4.47,4.51,4.43,100722,44995849.0,1.81,0.9,0.04,0.95
2013-03-04,4.36,4.18,4.36,4.15,164442,69459337.0,4.7,-6.49,-0.29,1.55
2013-03-05,4.18,4.22,4.22,4.16,67918,28472047.0,1.44,0.96,0.04,0.64
2013-03-06,4.23,4.26,4.28,4.19,92404,39212682.0,2.13,0.95,0.04,0.87
2013-03-07,4.27,4.28,4.36,4.23,99154,42441524.0,3.05,0.47,0.02,0.94
2013-03-08,4.29,4.23,4.31,4.23,47086,20038332.0,1.87,-1.17,-0.05,0.45
2013-03-11,4.23,4.23,4.26,4.19,37352,15787552.0,1.65,0.0,0.0,0.35
2013-03-12,4.23,4.19,4.32,4.16,92396,39200644.0,3.78,-0.95,-0.04,0.87
2013-03-13,4.19,4.11,4.2,4.07,49868,20564800.0,3.1,-1.91,-0.08,0.47
2013-03-14,4.11,4.14,4.19,4.07,58070,23923661.0,2.92,0.73,0.03,0.55
2013-03-15,4.1,4.09,4.15,4.03,67736,27732276.0,2.9,-1.21,-0.05,0.64
2013-03-18,4.07,4.05,4.1,4.04,37846,15395787.0,1.47,-0.98,-0.04,0.36
2013-03-19,4.06,4.08,4.08,4.01,42888,17380407.0,1.73,0.74,0.03,0.41
2013-03-20,4.08,4.17,4.17,4.06,82406,34020775.0,2.7,2.21,0.09,0.78
2013-03-21,4.17,4.2,4.25,4.14,106945,44977461.0,2.64,0.72,0.03,1.01
2013-03-22,4.2,4.2,4.21,4.16,61682,25817117.0,1.19,0.0,0.0,0.58
2013-03-25,4.2,4.17,4.21,4.14,65323,27171430.0,1.67,-0.71,-0.03,0.62
2013-03-26,4.15,4.12,4.18,4.08,47429,19563450.0,2.4,-1.2,-0.05,0.45
2013-03-27,4.11,4.12,4.16,4.08,65332,26889367.0,1.94,0.0,0.0,0.62
2013-03-28,4.1,3.99,4.1,3.99,79710,32028952.0,2.67,-3.16,-0.13,0.75
2013-03-29,3.99,4.04,4.07,3.99,44425,17922415.0,2.01,1.25,0.05,0.42
2013-04-01,4.05,4.03,4.08,4.02,35167,14239095.0,1.49,-0.25,-0.01,0.33
2013-04-02,4.04,4.04,4.08,4.03,46623,18870367.0,1.24,0.25,0.01,0.44
2013-04-03,4.05,3.99,4.05,3.98,45331,18145271.0,1.73,-1.24,-0.05,0.43
2013-04-08,3.98,3.94,3.98,3.9,45437,17866732.0,2.01,-1.25,-0.05,0.43
2013-04-09,3.92,3.99,4.0,3.92,39927,15876535.0,2.03,1.27,0.05,0.38
2013-04-10,3.98,4.0,4.02,3.95,33231,13257973.0,1.75,0.25,0.01,0.31
2013-04-11,4.03,4.01,4.05,3.99,40089,16095726.0,1.5,0.25,0.01,0.38
2013-04-12,4.0,3.99,4.05,3.97,38376,15373261.0,2.0,-0.5,-0.02,0.36
2013-04-15,3.97,3.95,3.99,3.92,41366,16334875.0,1.75,-1.0,-0.04,0.39
2013-04-16,3.92,4.04,4.05,3.9,65856,26293303.0,3.8,2.28,0.09,0.62
2013-04-17,4.04,4.03,4.05,3.98,49952,20065847.0,1.73,-0.25,-0.01,0.47
2013-04-18,4.03,4.0,4.04,3.99,35522,14241109.0,1.24,-0.74,-0.03,0.34
2013-04-19,4.01,4.07,4.08,4.01,91162,36946992.0,1.75,1.75,0.07,0.86
2013-04-22,4.05,4.03,4.06,4.01,45673,18397598.0,1.23,-0.98,-0.04,0.43
2013-04-23,4.04,3.93,4.04,3.92,67049,26543728.0,2.98,-2.48,-0.1,0.63
2013-04-24,3.92,3.96,3.98,3.91,52947,20887427.0,1.78,0.76,0.03,0.5
2013-04-25,3.96,3.91,3.96,3.9,47372,18599963.0,1.52,-1.26,-0.05,0.45
2013-04-26,3.92,3.85,3.94,3.82,53513,20695845.0,3.07,-1.53,-0.06,0.51
2013-05-02,3.85,3.85,3.88,3.8,28037,10789976.0,2.08,0.0,0.0,0.27
2013-05-03,3.85,3.89,3.93,3.85,40063,15635682.0,2.08,1.04,0.04,0.38
2013-05-06,3.9,3.94,3.95,3.89,50321,19778555.0,1.54,1.29,0.05,0.48
2013-05-07,3.98,3.97,4.03,3.95,57900,23042438.0,2.03,0.76,0.03,0.55
2013-05-08,3.98,4.0,4.01,3.95,44413,17669402.0,1.51,0.76,0.03,0.42
2013-05-09,3.96,3.98,4.03,3.93,46802,18574121.0,2.5,-0.5,-0.02,0.44
2013-05-10,4.38,4.22,4.38,4.17,410022,175177614.0,5.28,6.03,0.24,3.88
2013-05-13,4.06,4.08,4.15,4.02,190380,77315117.0,3.08,-3.32,-0.14,1.8
2013-05-14,4.07,4.13,4.15,4.0,169276,69155139.0,3.68,1.23,0.05,1.6
2013-05-15,4.12,4.09,4.12,4.04,102157,41654034.0,1.94,-0.97,-0.04,0.97
2013-05-16,4.1,4.17,4.19,4.06,164362,67999207.0,3.18,1.96,0.08,1.55
2013-05-17,4.19,4.24,4.26,4.16,224617,94716401.0,2.4,1.68,0.07,2.12
2013-05-20,4.22,4.22,4.25,4.19,161444,68113525.0,1.42,-0.47,-0.02,1.53
2013-05-21,4.21,4.32,4.36,4.19,249072,106371653.0,4.03,2.37,0.1,2.35
2013-05-22,4.3,4.29,4.35,4.27,158832,68336903.0,1.85,-0.69,-0.03,1.5
2013-05-23,4.42,4.32,4.5,4.31,275269,121331363.0,4.43,0.7,0.03,2.6
2013-05-24,4.3,4.34,4.34,4.27,138773,59818287.0,1.62,0.46,0.02,1.31
2013-05-27,4.35,4.32,4.36,4.28,87743,37865710.0,1.84,-0.46,-0.02,0.83
2013-05-28,4.35,4.39,4.4,4.27,147835,64332751.0,3.01,1.62,0.07,1.4
2013-05-29,4.38,4.38,4.41,4.34,113225,49541197.0,1.59,-0.23,-0.01,1.07
2013-05-30,4.34,4.31,4.36,4.28,98457,42511396.0,1.83,-1.6,-0.07,0.93
2013-05-31,4.31,4.28,4.35,4.28,70424,30345831.0,1.62,-0.7,-0.03,0.67
2013-06-03,4.26,4.25,4.29,4.24,62746,26791990.0,1.17,-0.7,-0.03,0.59
2013-06-04,4.26,4.15,4.26,4.14,76314,32037229.0,2.82,-2.35,-0.1,0.72
2013-06-05,4.16,4.13,4.16,4.12,44750,18517211.0,0.96,-0.48,-0.02,0.42
2013-06-06,4.12,4.06,4.13,4.05,51823,21191238.0,1.94,-1.69,-0.07,0.49
2013-06-07,4.1,4.02,4.11,3.99,59103,23852844.0,2.96,-0.99,-0.04,0.56
2013-06-13,4.02,3.93,4.03,3.88,56091,22008656.0,3.73,-2.24,-0.09,0.53
2013-06-14,3.93,3.98,3.99,3.92,32432,12858935.0,1.78,1.27,0.05,0.31
2013-06-17,4.0,3.99,4.06,3.97,31940,12790614.0,2.26,0.25,0.01,0.3
2013-06-18,3.99,4.0,4.02,3.94,34412,13667485.0,2.01,0.25,0.01,0.33
2013-06-19,3.97,4.05,4.08,3.89,64973,25696484.0,4.75,1.25,0.05,0.61
2013-06-20,4.07,4.05,4.17,4.01,129031,53010622.0,3.95,0.0,0.0,1.22
2013-06-21,3.94,3.95,3.99,3.83,61128,23916568.0,3.95,-2.47,-0.1,0.58
2013-06-24,3.97,3.69,3.98,3.6,75113,28646158.0,9.62,-6.58,-0.26,0.71
2013-06-25,3.68,3.56,3.68,3.36,88527,31290288.0,8.67,-3.52,-0.13,0.84
2013-06-26,3.57,3.55,3.62,3.49,53723,19004190.0,3.65,-0.28,-0.01,0.51
2013-06-27,3.55,3.52,3.66,3.51,63817,22860701.0,4.23,-0.85,-0.03,0.6
2013-06-28,3.53,3.55,3.62,3.47,49295,17594883.0,4.26,0.85,0.03,0.47
2013-07-01,3.55,3.57,3.6,3.5,34617,12252300.0,2.82,0.56,0.02,0.33
2013-07-02,3.56,3.59,3.6,3.46,50166,17769714.0,3.92,0.56,0.02,0.47
2013-07-03,3.55,3.51,3.56,3.47,42088,14767978.0,2.51,-2.23,-0.08,0.4
2013-07-04,3.49,3.56,3.61,3.49,48119,17105989.0,3.42,1.42,0.05,0.45
2013-07-05,3.57,3.67,3.7,3.55,107843,39196959.0,4.21,3.09,0.11,1.02
2013-07-08,3.6,3.49,3.6,3.48,54575,19294130.0,3.27,-4.9,-0.18,0.52
2013-07-09,3.49,3.48,3.53,3.46,24858,8668306.0,2.01,-0.29,-0.01,0.23
2013-07-10,3.48,3.56,3.58,3.48,45533,16066346.0,2.87,2.3,0.08,0.43
2013-07-11,3.56,3.67,3.71,3.55,109987,40088789.0,4.49,3.09,0.11,1.04
2013-07-12,3.69,3.6,3.7,3.59,54976,20052538.0,3.0,-1.91,-0.07,0.52
2013-07-15,3.6,3.77,3.85,3.58,123489,46171607.0,7.5,4.72,0.17,1.17
2013-07-16,3.71,3.73,3.75,3.67,79899,29608360.0,2.12,-1.06,-0.04,0.76
2013-07-17,3.72,3.71,3.79,3.69,76718,28704637.0,2.68,-0.54,-0.02,0.73
2013-07-18,3.72,3.63,3.74,3.61,59036,21627442.0,3.5,-2.16,-0.08,0.56
2013-07-19,3.64,3.53,3.7,3.52,72351,26135927.0,4.96,-2.75,-0.1,0.68
2013-07-22,3.52,3.54,3.56,3.49,38317,13474008.0,1.98,0.28,0.01,0.36
2013-07-23,3.55,3.61,3.62,3.51,72548,26006512.0,3.11,1.98,0.07,0.69
2013-07-24,3.61,3.57,3.61,3.52,53579,19071761.0,2.49,-1.11,-0.04,0.51
2013-07-25,3.57,3.54,3.59,3.53,43647,15513996.0,1.68,-0.84,-0.03,0.41
2013-07-26,3.54,3.52,3.55,3.51,29931,10549216.0,1.13,-0.56,-0.02,0.28
2013-07-29,3.51,3.45,3.52,3.42,57331,19882792.0,2.84,-1.99,-0.07,0.54
2013-07-30,3.46,3.47,3.48,3.41,29271,10099707.0,2.03,0.58,0.02,0.28
2013-07-31,3.49,3.47,3.57,3.43,47945,16753952.0,4.03,0.0,0.0,0.45
2013-08-01,3.48,3.52,3.53,3.45,46984,16445563.0,2.31,1.44,0.05,0.44
2013-08-02,3.57,3.56,3.69,3.54,81799,29388741.0,4.26,1.14,0.04,0.77
2013-08-05,3.56,3.58,3.59,3.54,38967,13885683.0,1.4,0.56,0.02,0.37
2013-08-06,3.57,3.6,3.63,3.55,70949,25479423.0,2.23,0.56,0.02,0.67
2013-08-07,3.58,3.67,3.75,3.58,150877,55333040.0,4.72,1.94,0.07,1.43
2013-08-08,3.62,3.61,3.65,3.58,84971,30684897.0,1.91,-1.63,-0.06,0.8
2013-08-09,3.6,3.6,3.63,3.56,61063,21951838.0,1.94,-0.28,-0.01,0.58
2013-08-12,3.6,3.66,3.66,3.58,73666,26758195.0,2.22,1.67,0.06,0.7
2013-08-13,3.65,3.71,3.82,3.63,153876,57280817.0,5.19,1.37,0.05,1.45
2013-08-14,3.69,3.69,3.73,3.65,99381,36709878.0,2.16,-0.54,-0.02,0.94
2013-08-15,3.69,3.63,3.7,3.62,65720,24007318.0,2.17,-1.63,-0.06,0.62
2013-08-16,3.61,3.64,3.99,3.6,115864,43027627.0,10.74,0.28,0.01,1.1
2013-08-19,3.63,3.67,3.7,3.6,52543,19244240.0,2.75,0.82,0.03,0.5
2013-08-20,3.67,3.63,3.7,3.6,53719,19610502.0,2.72,-1.09,-0.04,0.51
2013-08-21,3.65,3.66,3.67,3.6,40095,14574735.0,1.93,0.83,0.03,0.38
2013-08-22,3.66,3.67,3.72,3.63,78811,29003511.0,2.46,0.27,0.01,0.74
2013-08-23,3.67,3.64,3.71,3.6,68398,24980245.0,3.0,-0.82,-0.03,0.65
2013-08-26,3.64,3.74,3.75,3.63,116769,43269585.0,3.3,2.75,0.1,1.1
2013-08-27,3.73,3.78,3.8,3.71,106144,39922982.0,2.41,1.07,0.04,1.0
2013-08-28,3.73,3.81,3.9,3.71,173380,66004796.0,5.03,0.79,0.03,1.64
2013-08-29,3.84,3.96,3.97,3.8,251625,97927836.0,4.46,3.94,0.15,2.38
2013-08-30,4.0,4.05,4.11,3.92,372574,150342667.0,4.8,2.27,0.09,3.52
2013-09-02,4.03,3.89,4.03,3.83,171548,66919023.0,4.94,-3.95,-0.16,1.62
2013-09-03,3.89,3.92,3.97,3.86,75299,29470680.0,2.83,0.77,0.03,0.71
2013-09-04,3.9,3.99,4.06,3.87,162523,64645018.0,4.85,1.79,0.07,1.54
2013-09-05,4.18,4.03,4.25,4.02,299792,123950736.0,5.76,1.0,0.04,2.83
2013-09-06,3.99,4.06,4.15,3.95,160672,65152965.0,4.96,0.74,0.03,1.52
2013-09-09,4.05,4.15,4.2,4.0,237839,97565945.0,4.93,2.22,0.09,2.25
2013-09-10,4.13,4.21,4.28,4.08,215280,89928389.0,4.82,1.45,0.06,2.04
2013-09-11,4.18,4.12,4.2,4.07,183149,75631408.0,3.09,-2.14,-0.09,1.73
2013-09-12,4.12,4.17,4.37,4.08,224174,94786283.0,7.04,1.21,0.05,2.12
2013-09-13,4.15,4.23,4.33,4.13,226403,95986215.0,4.8,1.44,0.06,2.14
2013-09-16,4.2,4.21,4.25,4.13,155534,64950487.0,2.84,-0.47,-0.02,1.47
2013-09-17,4.22,4.06,4.25,4.05,144381,59719493.0,4.75,-3.56,-0.15,1.36
2013-09-18,4.05,4.04,4.09,4.0,81542,32935780.0,2.22,-0.49,-0.02,0.77
2013-09-23,4.06,4.1,4.1,4.04,78789,32045306.0,1.49,1.49,0.06,0.74
2013-09-24,4.1,4.15,4.27,4.08,151809,63309429.0,4.63,1.22,0.05,1.44
2013-09-25,4.12,4.05,4.23,4.04,157836,64981972.0,4.58,-2.41,-0.1,1.49
2013-09-26,4.05,3.85,4.05,3.83,179642,70179911.0,5.43,-4.94,-0.2,1.7
2013-09-27,3.85,3.92,3.95,3.82,125808,48828779.0,3.38,1.82,0.07,1.19
2013-09-30,3.9,3.86,3.93,3.8,91838,35590415.0,3.32,-1.53,-0.06,0.87
2013-10-08,3.87,3.97,3.97,3.83,78808,30986304.0,3.63,2.85,0.11,0.74
2013-10-09,3.97,3.98,4.0,3.93,77981,30924324.0,1.76,0.25,0.01,0.74
2013-10-10,3.98,3.99,4.09,3.94,132379,53056729.0,3.77,0.25,0.01,1.25
2013-10-11,4.01,4.03,4.05,3.99,103541,41590336.0,1.5,1.0,0.04,0.98
2013-10-14,4.03,4.01,4.06,3.99,94072,37677226.0,1.74,-0.5,-0.02,0.89
2013-10-15,4.01,4.06,4.07,3.95,136585,54818224.0,2.99,1.25,0.05,1.29
2013-10-16,4.0,3.91,4.04,3.89,101543,40115885.0,3.69,-3.69,-0.15,0.96
2013-10-17,3.95,3.92,3.98,3.9,59316,23343568.0,2.05,0.26,0.01,0.56
2013-10-18,3.91,3.92,3.94,3.9,47115,18450850.0,1.02,0.0,0.0,0.45
2013-10-21,3.93,3.98,4.0,3.9,83630,33062198.0,2.55,1.53,0.06,0.79
2013-10-22,3.97,3.93,3.99,3.9,82638,32467730.0,2.26,-1.26,-0.05,0.78
2013-10-23,3.95,3.89,3.98,3.85,92052,36061549.0,3.31,-1.02,-0.04,0.87
2013-10-24,3.96,4.05,4.06,3.86,214494,85436707.0,5.14,4.11,0.16,2.03
2013-10-25,4.07,4.03,4.19,4.0,341252,140327337.0,4.69,-0.49,-0.02,3.23
2013-10-28,3.98,3.91,3.99,3.85,125374,48952073.0,3.47,-2.98,-0.12,1.19
2013-10-29,3.9,3.77,3.92,3.71,131805,50235923.0,5.37,-3.58,-0.14,1.25
2013-10-30,3.76,3.81,3.82,3.75,58165,21986077.0,1.86,1.06,0.04,0.55
2013-10-31,3.77,3.8,3.86,3.77,49182,18780869.0,2.36,-0.26,-0.01,0.46
2013-11-01,3.84,3.84,3.9,3.75,69417,26556726.0,3.95,1.05,0.04,0.66
2013-11-04,3.83,3.82,3.85,3.79,50405,19205244.0,1.56,-0.52,-0.02,0.48
2013-11-05,3.84,3.93,3.94,3.8,102945,39845940.0,3.66,2.88,0.11,0.97
2013-11-06,3.92,3.87,3.96,3.86,91281,35739964.0,2.54,-1.53,-0.06,0.86
2013-11-07,3.87,3.84,3.9,3.82,54438,21090071.0,2.07,-0.78,-0.03,0.51
2013-11-08,3.82,3.76,3.85,3.7,75201,28362868.0,3.91,-2.08,-0.08,0.71
2013-11-11,3.76,3.78,3.79,3.72,31302,11775297.0,1.86,0.53,0.02,0.3
2013-11-12,3.79,3.92,3.98,3.79,122595,47934962.0,5.03,3.7,0.14,1.16
2013-11-13,3.85,3.75,3.87,3.75,78497,29953542.0,3.06,-4.34,-0.17,0.74
2013-11-14,3.76,3.83,3.84,3.75,47809,18227574.0,2.4,2.13,0.08,0.45
2013-11-15,3.85,4.0,4.0,3.85,175754,69142778.0,3.92,4.44,0.17,1.66
2013-11-18,4.08,4.04,4.13,3.97,201414,81258482.0,4.0,1.0,0.04,1.9
2013-11-19,4.04,4.02,4.07,3.97,108985,43675907.0,2.48,-0.5,-0.02,1.03
2013-11-20,4.03,4.05,4.06,3.99,102641,41357826.0,1.74,0.75,0.03,0.97
2013-11-21,4.02,4.05,4.07,3.97,99217,39982060.0,2.47,0.0,0.0,0.94
2013-11-22,4.08,4.04,4.11,4.03,119571,48576934.0,1.98,-0.25,-0.01,1.13
2013-11-25,3.99,3.95,4.01,3.91,102958,40785886.0,2.48,-2.23,-0.09,0.97
2013-11-26,3.94,3.94,3.98,3.91,53941,21236255.0,1.77,-0.25,-0.01,0.51
2013-11-27,3.94,3.96,3.99,3.91,59643,23568849.0,2.03,0.51,0.02,0.56
2013-11-28,3.98,4.02,4.05,3.94,108646,43550260.0,2.78,1.52,0.06,1.03
2013-11-29,4.03,4.08,4.09,3.96,166707,67183584.0,3.23,1.49,0.06,1.58
2013-12-02,4.12,4.49,4.49,3.98,792971,341113728.0,12.5,10.05,0.41,7.5
2013-12-03,4.4,4.45,4.47,4.22,724897,316787040.0,5.57,-0.89,-0.04,6.85
2013-12-04,4.36,4.45,4.59,4.34,595508,265904103.0,5.62,0.0,0.0,5.63
2013-12-05,4.4,4.44,4.56,4.38,430598,192830628.0,4.04,-0.22,-0.01,4.07
2013-12-06,4.44,4.48,4.54,4.33,326536,145264339.0,4.73,0.9,0.04,3.09
2013-12-09,4.43,4.36,4.47,4.33,260610,114361396.0,3.13,-2.68,-0.12,2.46
2013-12-10,4.35,4.37,4.41,4.31,170044,74034287.0,2.29,0.23,0.01,1.61
2013-12-11,4.36,4.41,4.45,4.24,300476,131057628.0,4.81,0.92,0.04,2.84
2013-12-12,4.38,4.52,4.58,4.36,371071,166699831.0,4.99,2.49,0.11,3.51
2013-12-13,4.62,4.59,4.73,4.48,568748,261809644.0,5.53,1.55,0.07,5.38
2013-12-16,4.58,4.38,4.74,4.36,403660,182599815.0,8.28,-4.58,-0.21,3.82
2013-12-17,4.32,4.23,4.36,4.2,196202,83903275.0,3.65,-3.42,-0.15,1.85
2013-12-18,4.23,4.2,4.26,4.15,108312,45549605.0,2.6,-0.71,-0.03,1.02
2013-12-19,4.18,4.12,4.23,4.1,105579,43947854.0,3.1,-1.9,-0.08,1.0
2013-12-20,4.1,4.04,4.16,4.02,109698,44786351.0,3.4,-1.94,-0.08,1.04
2013-12-23,4.02,4.03,4.09,3.99,74720,30177357.0,2.48,-0.25,-0.01,0.71
2013-12-24,4.0,4.01,4.09,3.95,84264,34022627.0,3.47,-0.5,-0.02,0.8
2013-12-25,4.04,4.06,4.06,3.99,71821,28930919.0,1.75,1.25,0.05,0.68
2013-12-26,4.06,3.91,4.06,3.89,120076,47495323.0,4.19,-3.69,-0.15,1.14
2013-12-27,3.91,3.98,4.0,3.9,73278,29013358.0,2.56,1.79,0.07,0.69
2013-12-30,4.02,4.05,4.09,3.94,126706,51056666.0,3.77,1.76,0.07,1.2
2013-12-31,4.02,4.04,4.09,4.0,80962,32687683.0,2.22,-0.25,-0.01,0.77
2014-01-02,4.0,3.97,4.03,3.95,88090,35040353.0,1.98,-1.73,-0.07,0.83
2014-01-03,3.96,3.87,3.97,3.85,105365,41045358.0,3.02,-2.52,-0.1,1.0
2014-01-06,3.87,3.72,3.87,3.7,89721,33742014.0,4.39,-3.88,-0.15,0.85
2014-01-07,3.7,3.73,3.77,3.68,48496,18099924.0,2.42,0.27,0.01,0.46
2014-01-08,3.73,3.72,3.76,3.7,44638,16637858.0,1.61,-0.27,-0.01,0.42
2014-01-09,3.71,3.72,3.8,3.7,64522,24159354.0,2.69,0.0,0.0,0.61
2014-01-10,3.7,3.59,3.73,3.57,75098,27203007.0,4.3,-3.49,-0.13,0.71
2014-01-13,3.58,3.59,3.62,3.56,40125,14436242.0,1.67,0.0,0.0,0.38
2014-01-14,3.6,3.67,3.68,3.57,46045,16732775.0,3.06,2.23,0.08,0.44
2014-01-15,3.7,3.73,3.79,3.63,60600,22572839.0,4.36,1.63,0.06,0.57
2014-01-16,3.73,3.75,3.78,3.68,62274,23284530.0,2.68,0.54,0.02,0.59
2014-01-17,3.76,3.72,3.76,3.69,48855,18152956.0,1.87,-0.8,-0.03,0.46
2014-01-20,3.7,3.68,3.73,3.62,41559,15274825.0,2.96,-1.08,-0.04,0.39
2014-01-21,3.63,3.71,3.73,3.63,41015,15172153.0,2.72,0.82,0.03,0.39
2014-01-22,3.72,3.8,3.8,3.7,86974,32768787.0,2.7,2.43,0.09,0.82
2014-01-23,3.78,3.79,3.82,3.75,63581,24056001.0,1.84,-0.26,-0.01,0.6
2014-01-24,3.82,4.04,4.16,3.79,242117,95984446.0,9.76,6.6,0.25,2.29
2014-01-27,3.95,3.9,3.99,3.89,134615,52878276.0,2.48,-3.47,-0.14,1.27
2014-01-28,3.91,3.87,3.94,3.83,78777,30629252.0,2.82,-0.77,-0.03,0.74
2014-01-29,3.87,3.88,3.92,3.85,57160,22188293.0,1.81,0.26,0.01,0.54
2014-01-30,3.89,3.87,3.9,3.85,33763,13075520.0,1.29,-0.26,-0.01,0.32
2014-02-07,3.84,3.89,3.91,3.81,48098,18586355.0,2.58,0.52,0.02,0.45
2014-02-10,3.89,3.94,3.96,3.89,107991,42465590.0,1.8,1.29,0.05,1.02
2014-02-11,3.95,3.94,3.98,3.92,103802,40902117.0,1.52,0.0,0.0,0.98
2014-02-12,3.94,4.04,4.07,3.93,177818,71180463.0,3.55,2.54,0.1,1.68
2014-02-13,4.0,3.96,4.02,3.94,114221,45546065.0,1.98,-1.98,-0.08,1.08
2014-02-14,3.94,4.04,4.12,3.93,163163,65809252.0,4.8,2.02,0.08,1.54
2014-02-17,4.03,4.05,4.06,4.0,101685,40974908.0,1.49,0.25,0.01,0.96
2014-02-18,4.05,4.02,4.08,3.97,155668,62670258.0,2.72,-0.74,-0.03,1.47
2014-02-19,3.99,4.05,4.11,3.97,181725,73512929.0,3.48,0.75,0.03,1.72
2014-02-20,4.03,3.95,4.06,3.94,119566,47780827.0,2.96,-2.47,-0.1,1.13
2014-02-21,3.94,3.9,4.0,3.88,89080,35082245.0,3.04,-1.27,-0.05,0.84
2014-02-24,3.89,3.76,3.89,3.72,111029,41905890.0,4.36,-3.59,-0.14,1.05
2014-02-25,3.76,3.62,3.78,3.6,100905,37343872.0,4.79,-3.72,-0.14,0.95
2014-02-26,3.68,3.73,3.78,3.65,107022,39723519.0,3.59,3.04,0.11,1.01
2014-02-27,3.8,3.7,3.83,3.64,99064,37086702.0,5.09,-0.8,-0.03,0.94
2014-02-28,3.66,3.72,3.73,3.63,60116,22078590.0,2.7,0.54,0.02,0.57
2014-03-03,3.7,3.75,3.76,3.67,64298,23993087.0,2.42,0.81,0.03,0.61
2014-03-04,3.75,3.77,3.79,3.72,58163,21846262.0,1.87,0.53,0.02,0.55
2014-03-05,3.76,3.74,3.77,3.73,43660,16369798.0,1.06,-0.8,-0.03,0.41
2014-03-06,3.73,3.79,3.82,3.71,67572,25413739.0,2.94,1.34,0.05,0.64
2014-03-07,3.8,3.74,3.81,3.73,52272,19654362.0,2.11,-1.32,-0.05,0.49
2014-03-10,3.71,3.59,3.72,3.59,64712,23567455.0,3.48,-4.01,-0.15,0.61
2014-03-11,3.62,3.64,3.67,3.59,40300,14626176.0,2.23,1.39,0.05,0.38
2014-03-12,3.65,3.67,3.71,3.61,47060,17275909.0,2.75,0.82,0.03,0.44
2014-03-13,3.69,3.68,3.7,3.65,38094,13978292.0,1.36,0.27,0.01,0.36
2014-03-14,3.67,3.65,3.69,3.62,25511,9324884.0,1.9,-0.82,-0.03,0.24
2014-03-17,3.66,3.69,3.7,3.65,31981,11774759.0,1.37,1.1,0.04,0.3
2014-03-18,3.72,3.7,3.73,3.67,41464,15346929.0,1.63,0.27,0.01,0.39
2014-03-19,3.69,3.69,3.69,3.65,33472,12278627.0,1.08,-0.27,-0.01,0.32
2014-03-20,3.73,3.65,3.76,3.65,48655,18077391.0,2.98,-1.08,-0.04,0.46
2014-03-21,3.63,3.73,3.75,3.61,81010,30065602.0,3.84,2.19,0.08,0.77
2014-03-24,3.74,3.85,3.9,3.74,167200,64244204.0,4.29,3.22,0.12,1.58
2014-03-25,3.82,3.86,3.91,3.8,108846,41940116.0,2.86,0.26,0.01,1.03
2014-03-26,3.85,3.8,3.86,3.77,67217,25574308.0,2.33,-1.55,-0.06,0.64
2014-03-27,3.8,3.75,3.84,3.72,79982,30268369.0,3.16,-1.32,-0.05,0.76
2014-03-28,3.75,3.83,3.88,3.75,133457,51151371.0,3.47,2.13,0.08,1.26
2014-03-31,3.83,3.92,3.93,3.77,136710,52745816.0,4.18,2.35,0.09,1.29
2014-04-01,3.98,3.9,4.02,3.88,187136,73717253.0,3.57,-0.51,-0.02,1.77
2014-04-02,3.87,4.08,4.29,3.87,434829,178410173.0,10.77,4.62,0.18,4.11
2014-04-03,4.02,4.01,4.06,3.92,221540,88509222.0,3.43,-1.72,-0.07,2.09
2014-04-04,4.0,3.98,4.03,3.94,99241,39468502.0,2.24,-0.75,-0.03,0.94
2014-04-08,3.95,3.99,4.04,3.94,104916,41842828.0,2.51,0.25,0.01,0.99
2014-04-09,4.0,4.04,4.07,3.96,151589,60955786.0,2.76,1.25,0.05,1.43
2014-04-10,4.04,4.0,4.05,3.95,105311,41992498.0,2.48,-0.99,-0.04,1.0
2014-04-11,3.98,3.93,3.99,3.93,79529,31377153.0,1.5,-1.75,-0.07,0.75
2014-04-14,3.94,3.95,3.96,3.9,48362,19028940.0,1.53,0.51,0.02,0.46
2014-04-15,3.94,3.89,3.95,3.88,60812,23787268.0,1.77,-1.52,-0.06,0.57
2014-04-16,3.9,3.86,3.92,3.85,75062,29138264.0,1.8,-0.77,-0.03,0.71
2014-04-17,3.86,3.87,3.91,3.84,46331,17942335.0,1.81,0.26,0.01,0.44
2014-04-18,3.87,3.89,3.9,3.85,33499,12985852.0,1.29,0.52,0.02,0.32
2014-04-21,3.94,4.0,4.05,3.91,288797,115475151.0,3.6,2.83,0.11,2.73
2014-04-22,3.95,4.02,4.03,3.93,132193,52630942.0,2.5,0.5,0.02,1.25
2014-04-23,4.0,4.0,4.07,3.97,93553,37561137.0,2.49,-0.5,-0.02,0.88
2014-04-24,4.02,3.92,4.02,3.91,78551,31151993.0,2.75,-2.0,-0.08,0.74
2014-04-25,3.89,3.75,3.93,3.73,125687,48105004.0,5.1,-4.34,-0.17,1.19
2014-04-28,3.73,3.69,3.75,3.66,67226,24780855.0,2.4,-1.6,-0.06,0.64
2014-04-29,3.68,3.74,3.74,3.68,37885,14052400.0,1.63,1.36,0.05,0.36
2014-04-30,3.72,3.73,3.75,3.7,36061,13433119.0,1.34,-0.27,-0.01,0.34
2014-05-05,3.72,3.72,3.73,3.68,39121,14467668.0,1.34,-0.27,-0.01,0.37
2014-05-06,3.72,3.75,3.77,3.71,30313,11345626.0,1.61,0.81,0.03,0.29
2014-05-07,3.72,3.69,3.74,3.67,29590,10946665.0,1.87,-1.6,-0.06,0.28
2014-05-08,3.68,3.69,3.74,3.67,30508,11297019.0,1.9,0.0,0.0,0.29
2014-05-09,3.71,3.64,3.71,3.6,44803,16338383.0,2.98,-1.36,-0.05,0.42
2014-05-12,3.67,3.72,3.73,3.66,37992,14058702.0,1.92,2.2,0.08,0.36
2014-05-13,3.72,3.73,3.76,3.71,32393,12079095.0,1.34,0.27,0.01,0.31
2014-05-14,3.75,3.82,3.92,3.74,122074,46951339.0,4.83,2.41,0.09,1.15
2014-05-15,3.77,3.68,3.77,3.68,77316,28742654.0,2.36,-3.66,-0.14,0.73
2014-05-16,3.68,3.7,3.71,3.67,23307,8601394.0,1.09,0.54,0.02,0.22
2014-05-19,3.7,3.69,3.7,3.67,18848,6938430.0,0.81,-0.27,-0.01,0.18
2014-05-20,3.71,3.7,3.74,3.68,23589,8738752.0,1.63,0.27,0.01,0.22
2014-05-21,3.69,3.72,3.73,3.67,24462,9037010.0,1.62,0.54,0.02,0.23
2014-05-22,3.71,3.69,3.76,3.69,28915,10762393.0,1.88,-0.81,-0.03,0.27
2014-05-23,3.7,3.74,3.74,3.69,28872,10727239.0,1.36,1.36,0.05,0.27
2014-05-26,3.7,3.73,3.76,3.7,34315,12791956.0,1.6,-0.27,-0.01,0.32
2014-05-27,3.73,3.72,3.74,3.71,30703,11429253.0,0.8,-0.27,-0.01,0.29
2014-05-28,3.7,3.74,3.74,3.7,41273,15364998.0,1.08,0.54,0.02,0.39
2014-05-29,3.73,3.71,3.76,3.7,28399,10568205.0,1.6,-0.8,-0.03,0.27
2014-05-30,3.7,3.67,3.71,3.65,38534,14154582.0,1.62,-1.08,-0.04,0.36
2014-06-03,3.68,3.69,3.72,3.67,24518,9070402.0,1.36,0.54,0.02,0.23
2014-06-04,3.68,3.61,3.69,3.59,50832,18409604.0,2.71,-2.17,-0.08,0.48
2014-06-05,3.61,3.65,3.65,3.59,30946,11188902.0,1.66,1.11,0.04,0.29
2014-06-06,3.65,3.61,3.65,3.6,31755,11464572.0,1.37,-1.1,-0.04,0.3
2014-06-09,3.61,3.59,3.63,3.58,28996,10444024.0,1.39,-0.55,-0.02,0.27
2014-06-10,3.59,3.61,3.62,3.56,36474,13085986.0,1.67,0.56,0.02,0.34
2014-06-11,3.6,3.63,3.63,3.59,30531,11020510.0,1.11,0.55,0.02,0.29
2014-06-12,3.62,3.58,3.63,3.56,48927,17579746.0,1.93,-1.38,-0.05,0.46
2014-06-13,3.61,3.61,3.63,3.58,39145,14116050.0,1.4,0.84,0.03,0.37
2014-06-16,3.62,3.66,3.66,3.61,49558,18020392.0,1.39,1.39,0.05,0.47
2014-06-17,3.61,3.56,3.61,3.55,34221,12211387.0,1.64,-2.73,-0.1,0.32
2014-06-18,3.56,3.51,3.57,3.5,47210,16581053.0,1.97,-1.4,-0.05,0.45
2014-06-19,3.51,3.42,3.52,3.4,41858,14474572.0,3.42,-2.56,-0.09,0.4
2014-06-20,3.42,3.43,3.47,3.42,24855,8535656.0,1.46,0.29,0.01,0.23
2014-06-23,3.45,3.45,3.47,3.43,19516,6741385.0,1.17,0.58,0.02,0.18
2014-06-24,3.46,3.47,3.48,3.43,13489,4674471.0,1.45,0.58,0.02,0.13
2014-06-25,3.46,3.47,3.47,3.41,16804,5780013.0,1.73,0.0,0.0,0.16
2014-06-26,3.48,3.82,3.82,3.46,297881,112713270.0,10.37,10.09,0.35,2.82
2014-06-27,3.99,4.04,4.08,3.83,845699,334579312.0,6.54,5.76,0.22,7.99
2014-06-30,3.98,3.89,4.0,3.86,378430,148462820.0,3.47,-3.71,-0.15,3.58
2014-07-01,3.88,3.91,3.93,3.84,195824,76028727.0,2.31,0.51,0.02,1.85
2014-07-02,3.88,3.82,3.88,3.78,206383,78819008.0,2.56,-2.3,-0.09,1.95
2014-07-03,3.82,3.79,3.82,3.77,137115,52084082.0,1.31,-0.79,-0.03,1.3
2014-07-04,3.79,3.82,3.86,3.78,125459,47832017.0,2.11,0.79,0.03,1.19
2014-07-07,3.82,3.77,3.84,3.76,88252,33468015.0,2.09,-1.31,-0.05,0.83
2014-07-08,3.77,3.79,3.83,3.73,89354,33789931.0,2.65,0.53,0.02,0.84
2014-07-09,3.78,3.69,3.79,3.68,117124,43707709.0,2.9,-2.64,-0.1,1.11
2014-07-10,3.7,3.72,3.73,3.68,58645,21725510.0,1.36,0.81,0.03,0.55
2014-07-11,3.71,3.73,3.76,3.7,58207,21751732.0,1.61,0.27,0.01,0.55
2014-07-14,3.75,3.75,3.76,3.68,82080,30609057.0,2.14,0.54,0.02,0.78
2014-07-15,3.74,3.79,3.8,3.74,89811,33932011.0,1.6,1.07,0.04,0.85
2014-07-16,3.78,3.8,3.84,3.75,109621,41625522.0,2.37,0.26,0.01,1.04
2014-07-17,3.79,3.75,3.81,3.73,64858,24366264.0,2.11,-1.32,-0.05,0.61
2014-07-18,3.74,3.75,3.78,3.71,49378,18517512.0,1.87,0.0,0.0,0.47
2014-07-21,3.76,3.81,3.84,3.72,97058,36681214.0,3.2,1.6,0.06,0.92
2014-07-22,3.79,3.8,3.83,3.78,82270,31289808.0,1.31,-0.26,-0.01,0.78
2014-07-23,3.79,3.74,3.8,3.72,81158,30547961.0,2.11,-1.58,-0.06,0.77
2014-07-24,3.74,3.8,3.81,3.74,99063,37529709.0,1.87,1.6,0.06,0.94
2014-07-25,3.8,3.81,3.82,3.78,85559,32535246.0,1.05,0.26,0.01,0.81
2014-07-28,3.82,3.89,3.93,3.82,191986,74367961.0,2.89,2.1,0.08,1.81
2014-07-29,3.92,3.89,3.96,3.87,145688,56855777.0,2.31,0.0,0.0,1.38
2014-07-30,3.9,3.91,4.01,3.87,162061,63793873.0,3.6,0.51,0.02,1.53
2014-07-31,3.89,3.93,3.96,3.88,116037,45443354.0,2.05,0.51,0.02,1.1
2014-08-01,3.91,3.85,3.94,3.85,106084,41381143.0,2.29,-2.04,-0.08,1.0
2014-08-04,3.85,3.92,3.93,3.85,105522,41097335.0,2.08,1.82,0.07,1.0
2014-08-05,3.92,3.95,3.98,3.91,121409,47825346.0,1.79,0.77,0.03,1.15
2014-08-06,3.92,3.93,3.94,3.88,116438,45597598.0,1.52,-0.51,-0.02,1.1
2014-08-07,3.93,3.87,3.95,3.86,93281,36400255.0,2.29,-1.53,-0.06,0.88
2014-08-08,3.88,3.89,3.91,3.86,61898,24054128.0,1.29,0.52,0.02,0.59
2014-08-11,3.89,3.95,3.97,3.88,105363,41538651.0,2.31,1.54,0.06,1.0
2014-08-12,3.95,3.97,3.98,3.93,127601,50510998.0,1.27,0.51,0.02,1.21
2014-08-13,3.97,3.95,3.98,3.92,88215,34802958.0,1.51,-0.5,-0.02,0.83
2014-08-14,3.95,3.92,3.99,3.9,114485,45229019.0,2.28,-0.76,-0.03,1.08
2014-08-15,3.92,3.93,3.96,3.91,79147,31140425.0,1.28,0.26,0.01,0.75
2014-08-18,3.96,4.02,4.03,3.94,195660,78128011.0,2.29,2.29,0.09,1.85
2014-08-19,4.02,4.1,4.17,3.97,238379,96689193.0,4.98,1.99,0.08,2.25
2014-08-20,4.07,4.07,4.11,4.02,166032,67557655.0,2.2,-0.73,-0.03,1.57
2014-08-21,4.08,4.13,4.19,4.06,260664,107549845.0,3.19,1.47,0.06,2.46
2014-08-22,4.12,4.23,4.24,4.1,245362,102265650.0,3.39,2.42,0.1,2.32
2014-08-25,4.2,4.09,4.27,4.09,246517,102614810.0,4.26,-3.31,-0.14,2.33
2014-08-26,4.1,3.96,4.14,3.93,242053,97337603.0,5.13,-3.18,-0.13,2.29
2014-08-27,3.95,3.96,4.0,3.93,85585,33959719.0,1.77,0.0,0.0,0.81
2014-08-28,3.96,3.93,3.98,3.92,73201,28833856.0,1.52,-0.76,-0.03,0.69
2014-08-29,3.93,3.96,3.96,3.91,54902,21649064.0,1.27,0.76,0.03,0.52
2014-09-01,3.96,4.11,4.14,3.94,142857,57631846.0,5.05,3.79,0.15,1.35
2014-09-02,4.18,4.14,4.2,4.09,214595,88918833.0,2.68,0.73,0.03,2.03
2014-09-03,4.12,4.13,4.16,4.1,154651,63869537.0,1.45,-0.24,-0.01,1.46
2014-09-04,4.13,4.14,4.16,4.11,122450,50660102.0,1.21,0.24,0.01,1.16
2014-09-05,4.14,4.18,4.22,4.11,180913,75300310.0,2.66,0.97,0.04,1.71
2014-09-09,4.18,4.16,4.18,4.12,117727,48827572.0,1.44,-0.48,-0.02,1.11
2014-09-10,4.15,4.15,4.17,4.09,141443,58468627.0,1.92,-0.24,-0.01,1.34
2014-09-11,4.15,4.19,4.24,4.13,237835,99447436.0,2.65,0.96,0.04,2.25
2014-09-12,4.16,4.25,4.31,4.13,253273,106846362.0,4.3,1.43,0.06,2.39
2014-09-15,4.24,4.29,4.33,4.2,280274,119561849.0,3.06,0.94,0.04,2.65
2014-09-16,4.27,4.31,4.52,4.24,562781,245118161.0,6.53,0.47,0.02,5.32
2014-09-17,4.31,4.53,4.58,4.28,714970,319017296.0,6.96,5.1,0.22,6.76
2014-09-18,4.5,4.5,4.64,4.4,515099,231230527.0,5.3,-0.66,-0.03,4.87
2014-09-19,4.5,4.45,4.51,4.41,277975,123834986.0,2.22,-1.11,-0.05,2.63
2014-09-22,4.41,4.3,4.42,4.26,270437,116840502.0,3.6,-3.37,-0.15,2.56
2014-09-23,4.3,4.4,4.5,4.28,219973,96388294.0,5.12,2.33,0.1,2.08
2014-09-24,4.36,4.51,4.54,4.3,360390,160498290.0,5.45,2.5,0.11,3.41
2014-09-25,4.52,4.48,4.59,4.44,290932,130706716.0,3.33,-0.67,-0.03,2.75
2014-09-26,4.45,4.46,4.47,4.41,150191,66696227.0,1.34,-0.45,-0.02,1.42
2014-09-29,4.47,4.48,4.52,4.45,178067,79814870.0,1.57,0.45,0.02,1.68
2014-09-30,4.49,4.48,4.51,4.45,139226,62376095.0,1.34,0.0,0.0,1.32
2014-10-08,4.5,4.52,4.54,4.47,179240,80692874.0,1.56,0.89,0.04,1.69
2014-10-09,4.52,4.48,4.54,4.44,183905,82583824.0,2.21,-0.88,-0.04,1.74
2014-10-10,4.51,4.56,4.67,4.51,439756,200988799.0,3.57,1.79,0.08,4.16
2014-10-13,4.54,4.52,4.55,4.43,228253,102107109.0,2.63,-0.88,-0.04,2.16
2014-10-14,4.5,4.7,4.74,4.44,446042,204501145.0,6.64,3.98,0.18,4.22
2014-10-15,4.63,4.74,4.79,4.58,497526,233697052.0,4.47,0.85,0.04,4.7
2014-10-16,4.65,4.77,4.96,4.58,644735,308340048.0,8.02,0.63,0.03,6.09
2014-10-17,4.71,4.83,4.94,4.66,667310,320839248.0,5.87,1.26,0.06,6.31
2014-10-20,4.86,5.19,5.31,4.86,1394236,724553552.0,9.32,7.45,0.36,13.18
2014-10-21,5.04,5.24,5.33,5.0,881901,456063552.0,6.36,0.96,0.05,8.34
2014-10-22,5.18,5.03,5.24,4.91,505127,256275380.0,6.3,-4.01,-0.21,4.77
2014-10-23,4.98,4.78,5.02,4.74,417677,202653361.0,5.57,-4.97,-0.25,3.95
2014-10-24,4.77,4.84,4.9,4.68,279389,134014962.0,4.6,1.26,0.06,2.64
2014-10-27,4.79,4.76,4.86,4.69,178911,85166889.0,3.51,-1.65,-0.08,1.69
2014-10-28,4.82,4.94,4.95,4.76,273564,133127190.0,3.99,3.78,0.18,2.59
2014-10-29,4.99,5.05,5.17,4.86,498503,249339164.0,6.28,2.23,0.11,4.71
2014-10-30,4.98,4.98,5.07,4.96,294717,147484117.0,2.18,-1.39,-0.07,2.79
2014-10-31,5.48,5.48,5.48,5.26,1219818,667149904.0,4.42,10.04,0.5,11.53
2014-11-03,5.48,5.36,5.48,5.28,1025091,549608384.0,3.65,-2.19,-0.12,9.69
2014-11-04,5.28,5.17,5.36,5.14,532172,278183744.0,4.1,-3.54,-0.19,5.03
2014-11-05,5.16,5.17,5.28,5.12,340146,176740986.0,3.09,0.0,0.0,3.22
2014-11-06,5.17,5.25,5.29,5.12,347507,181660161.0,3.29,1.55,0.08,3.28
2014-11-07,5.22,5.12,5.26,5.05,363182,187625186.0,4.0,-2.48,-0.13,3.43
2014-11-10,5.13,5.14,5.16,5.08,222138,113610369.0,1.56,0.39,0.02,2.1
2014-11-11,5.15,4.88,5.15,4.83,353664,176634592.0,6.23,-5.06,-0.26,3.34
2014-11-12,4.86,4.99,4.99,4.85,150562,74304317.0,2.87,2.25,0.11,1.42
2014-11-13,5.0,4.93,5.0,4.89,141770,69971729.0,2.2,-1.2,-0.06,1.34
2014-11-14,4.9,4.86,4.93,4.83,115893,56509264.0,2.03,-1.42,-0.07,1.1
2014-11-17,4.88,5.02,5.09,4.85,274047,137378118.0,4.94,3.29,0.16,2.59
2014-11-18,4.99,5.06,5.15,4.94,237910,120337368.0,4.18,0.8,0.04,2.25
2014-11-19,5.05,5.07,5.11,5.0,141776,71549270.0,2.17,0.2,0.01,1.34
2014-11-20,5.11,5.16,5.35,5.07,438000,227609994.0,5.52,1.78,0.09,4.14
2014-11-21,5.07,5.24,5.27,5.01,369684,190770877.0,5.04,1.55,0.08,3.49
2014-11-24,5.31,5.26,5.41,5.23,507004,268557840.0,3.44,0.38,0.02,4.79
2014-11-25,5.25,5.36,5.47,5.21,440305,235234190.0,4.94,1.9,0.1,4.16
2014-11-26,5.36,5.34,5.46,5.24,411334,219348933.0,4.1,-0.37,-0.02,3.89
2014-11-27,5.35,5.28,5.37,5.24,301622,159408487.0,2.43,-1.12,-0.06,2.85
2014-11-28,5.28,5.45,5.46,5.23,632608,339068096.0,4.36,3.22,0.17,5.98
2014-12-01,5.7,5.61,6.0,5.57,1010444,586383056.0,7.89,2.94,0.16,9.55
2014-12-02,5.56,5.76,5.85,5.5,781824,447318336.0,6.24,2.67,0.15,7.39
2014-12-03,5.84,6.28,6.32,5.78,1140876,689643920.0,9.38,9.03,0.52,10.78
2014-12-04,6.27,6.59,6.77,6.1,1179388,765527360.0,10.67,4.94,0.31,11.15
2014-12-05,6.45,6.08,6.47,5.93,942738,583232112.0,8.19,-7.74,-0.51,8.91
2014-12-08,5.95,6.04,6.26,5.75,589886,354325632.0,8.39,-0.66,-0.04,5.58
2014-12-09,5.94,5.6,6.07,5.57,554567,325357312.0,8.28,-7.28,-0.44,5.24
2014-12-10,5.54,5.82,5.86,5.52,304198,174536733.0,6.07,3.93,0.22,2.88
2014-12-11,5.8,6.01,6.07,5.71,367817,218412719.0,6.19,3.26,0.19,3.48
2014-12-12,6.11,6.06,6.22,6.02,410397,250834237.0,3.33,0.83,0.05,3.88
2014-12-15,6.03,6.09,6.15,5.85,372481,225106158.0,4.95,0.5,0.03,3.52
2014-12-16,6.1,6.04,6.11,5.91,402649,241082403.0,3.28,-0.82,-0.05,3.81
2014-12-17,6.0,5.88,6.07,5.78,372534,220720990.0,4.8,-2.65,-0.16,3.52
2014-12-18,5.86,5.87,5.98,5.84,241711,142551184.0,2.38,-0.17,-0.01,2.28
2014-12-19,5.88,5.8,5.99,5.73,317919,185536910.0,4.43,-1.19,-0.07,3.01
2014-12-22,5.77,5.42,5.77,5.37,388991,215778873.0,6.9,-6.55,-0.38,3.68
2014-12-23,5.42,5.43,5.59,5.39,159506,87581309.0,3.69,0.18,0.01,1.51
2014-12-24,5.47,5.5,5.53,5.42,132144,72253113.0,2.03,1.29,0.07,1.25
2014-12-25,5.5,5.59,5.63,5.5,141689,78904134.0,2.36,1.64,0.09,1.34
2014-12-26,5.6,5.76,5.8,5.6,250350,143406485.0,3.58,3.04,0.17,2.37
2014-12-29,5.88,5.93,6.0,5.75,450805,266908727.0,4.34,2.95,0.17,4.26
2014-12-30,5.92,5.72,5.93,5.7,242452,140081889.0,3.88,-3.54,-0.21,2.29
2014-12-31,5.7,5.77,5.78,5.57,205950,116504698.0,3.67,0.87,0.05,1.95
2015-01-05,5.78,5.86,5.98,5.76,309975,182228710.0,3.81,1.56,0.09,2.93
2015-01-06,5.82,5.77,5.82,5.67,211622,121406209.0,2.56,-1.54,-0.09,2.0
2015-01-07,5.75,5.7,5.77,5.65,153906,87916166.0,2.08,-1.21,-0.07,1.45
2015-01-08,5.71,5.56,5.72,5.5,208222,116146179.0,3.86,-2.46,-0.14,1.97
2015-01-09,5.54,5.53,5.61,5.51,135389,75350265.0,1.8,-0.54,-0.03,1.28
2015-01-12,5.5,5.62,5.68,5.43,252656,140808016.0,4.52,1.63,0.09,2.39
2015-01-13,5.55,5.76,5.77,5.45,278050,155496259.0,5.69,2.49,0.14,2.63
2015-01-14,5.69,5.85,5.9,5.67,448899,260064312.0,3.99,1.56,0.09,4.24
2015-01-15,5.82,5.85,5.89,5.73,302483,176119150.0,2.74,0.0,0.0,2.86
2015-01-16,5.8,5.72,5.84,5.68,233721,134644419.0,2.74,-2.22,-0.13,2.21
2015-01-19,5.58,5.23,5.65,5.15,311331,169378886.0,8.74,-8.57,-0.49,2.94
2015-01-20,5.29,5.39,5.43,5.24,194168,103673415.0,3.63,3.06,0.16,1.84
2015-01-21,5.4,5.56,5.59,5.35,198606,109543460.0,4.45,3.15,0.17,1.88
2015-01-22,5.55,5.67,5.73,5.48,243177,136545403.0,4.5,1.98,0.11,2.3
2015-01-23,5.73,5.63,5.73,5.63,234436,132993097.0,1.76,-0.71,-0.04,2.22
2015-01-26,5.63,5.91,5.98,5.51,489694,283771984.0,8.35,4.97,0.28,4.63
2015-01-27,5.89,5.84,5.91,5.74,296612,172649196.0,2.88,-1.18,-0.07,2.8
2015-01-28,5.81,6.0,6.04,5.75,522451,310375088.0,4.97,2.74,0.16,4.94
2015-01-29,5.93,5.85,5.99,5.8,320922,189215390.0,3.17,-2.5,-0.15,3.03
2015-01-30,5.86,5.7,5.88,5.68,208340,120023751.0,3.42,-2.56,-0.15,1.97
2015-02-02,5.61,5.58,5.65,5.53,123296,68932246.0,2.11,-2.11,-0.12,1.17
2015-02-03,5.61,5.63,5.65,5.51,154137,86052088.0,2.51,0.9,0.05,1.46
2015-02-04,5.63,5.53,5.65,5.52,131032,73032852.0,2.31,-1.78,-0.1,1.24
2015-02-05,5.61,5.45,5.63,5.41,151398,83650842.0,3.98,-1.45,-0.08,1.43
2015-02-06,5.45,5.33,5.48,5.27,147124,79417142.0,3.85,-2.2,-0.12,1.39
2015-02-09,5.33,5.4,5.42,5.33,87134,46996160.0,1.69,1.31,0.07,0.82
2015-02-10,5.4,5.5,5.51,5.37,73035,39987583.0,2.59,1.85,0.1,0.69
2015-02-11,5.5,5.54,5.55,5.46,77909,42943996.0,1.64,0.73,0.04,0.74
2015-02-12,5.53,5.55,5.58,5.52,76694,42582526.0,1.08,0.18,0.01,0.72
2015-02-13,5.58,5.6,5.65,5.55,109207,61301186.0,1.8,0.9,0.05,1.03
2015-02-16,5.61,5.75,5.75,5.6,204217,115937924.0,2.68,2.68,0.15,1.93
2015-02-17,5.75,5.71,5.78,5.69,118431,67837980.0,1.57,-0.7,-0.04,1.12
2015-02-25,5.71,5.79,5.94,5.65,237813,137943479.0,5.08,1.4,0.08,2.25
2015-02-26,5.77,5.81,5.85,5.75,169217,98032642.0,1.73,0.35,0.02,1.6
2015-02-27,5.82,5.89,5.93,5.81,244053,143535441.0,2.07,1.38,0.08,2.31
2015-03-02,5.95,6.09,6.11,5.89,504107,303456272.0,3.74,3.4,0.2,4.77
2015-03-03,6.06,6.29,6.54,6.01,923876,581712960.0,8.7,3.28,0.2,8.73
2015-03-04,6.26,6.42,6.49,6.15,541099,343136880.0,5.41,2.07,0.13,5.11
2015-03-05,6.4,6.52,6.66,6.26,563827,362556848.0,6.23,1.56,0.1,5.33
2015-03-06,6.48,6.29,6.6,6.26,378148,241526539.0,5.21,-3.53,-0.23,3.57
2015-03-09,6.32,6.35,6.45,6.22,325301,206991548.0,3.66,0.95,0.06,3.08
2015-03-10,6.28,6.42,6.54,6.28,326880,209849465.0,4.09,1.1,0.07,3.09
2015-03-11,6.46,6.58,6.65,6.41,535090,348704576.0,3.74,2.49,0.16,5.06
2015-03-12,6.58,6.65,6.84,6.52,581496,387537504.0,4.86,1.06,0.07,5.5
2015-03-13,6.65,6.53,6.79,6.48,424857,278573104.0,4.66,-1.8,-0.12,4.02
2015-03-16,6.65,6.97,7.01,6.55,767061,519654576.0,7.04,6.74,0.44,7.25
2015-03-17,7.0,6.95,7.09,6.84,609878,423369408.0,3.59,-0.29,-0.02,5.77
2015-03-18,6.93,7.1,7.15,6.85,579997,407220880.0,4.32,2.16,0.15,5.48
2015-03-19,7.1,7.5,7.8,7.0,835422,623710192.0,11.27,5.63,0.4,7.9
2015-03-20,7.44,7.65,7.87,7.4,586900,448592128.0,6.27,2.0,0.15,5.55
2015-03-23,7.6,7.67,7.82,7.58,461986,354244736.0,3.14,0.26,0.02,4.37
2015-03-24,7.68,7.5,7.76,7.11,740620,550017056.0,8.47,-2.22,-0.17,7.0
2015-03-25,7.45,7.5,7.67,7.3,548495,408983552.0,4.93,0.0,0.0,5.18
2015-03-26,7.5,7.43,7.66,7.31,357937,267495538.0,4.67,-0.93,-0.07,3.38
2015-03-27,7.43,7.8,7.88,7.35,574009,438000864.0,7.13,4.98,0.37,5.43
2015-03-30,7.8,7.97,8.14,7.69,665298,522983984.0,5.77,2.18,0.17,6.29
2015-03-31,8.13,7.77,8.13,7.71,489928,386515648.0,5.27,-2.51,-0.2,4.63
2015-04-01,7.72,7.79,7.85,7.71,316555,246399385.0,1.8,0.26,0.02,2.99
2015-04-02,7.85,7.76,7.87,7.65,379265,294288656.0,2.82,-0.39,-0.03,3.59
2015-04-03,7.7,7.76,7.77,7.57,553460,424565312.0,2.58,0.0,0.0,5.23
2015-04-07,7.84,8.08,8.15,7.77,761104,607840176.0,4.9,4.12,0.32,7.19
2015-04-08,8.12,7.88,8.15,7.75,483979,383264800.0,4.95,-2.48,-0.2,4.57
2015-04-09,7.89,7.76,7.93,7.53,418619,322873008.0,5.08,-1.52,-0.12,3.96
2015-04-10,7.75,7.82,7.94,7.66,395888,309606720.0,3.61,0.77,0.06,3.74
2015-04-13,7.82,8.6,8.6,7.82,730556,608567104.0,9.97,9.97,0.78,6.91
2015-04-14,8.7,8.79,9.03,8.54,952559,838204240.0,5.7,2.21,0.19,9.0
2015-04-15,8.68,8.27,8.78,8.2,435403,369025168.0,6.6,-5.92,-0.52,4.12
2015-04-16,8.23,8.46,8.6,8.05,338496,283858512.0,6.65,2.3,0.19,3.2
2015-04-17,8.53,8.39,8.64,8.28,413795,347593840.0,4.26,-0.83,-0.07,3.91
2015-04-20,8.44,8.13,8.55,8.06,510009,424046816.0,5.84,-3.1,-0.26,4.82
2015-04-21,8.2,8.52,8.59,8.11,453098,379976560.0,5.9,4.8,0.39,4.28
2015-04-22,8.52,8.87,8.99,8.52,571084,500442160.0,5.52,4.11,0.35,5.4
2015-04-23,8.92,9.02,9.07,8.64,669685,594727312.0,4.85,1.69,0.15,6.33
2015-04-24,9.05,9.56,9.88,8.85,852733,810259408.0,11.42,5.99,0.54,8.06
2015-04-27,9.5,9.5,9.75,9.3,552227,524854896.0,4.71,-0.63,-0.06,5.22
2015-04-28,9.5,9.09,9.5,8.88,546562,498845856.0,6.53,-4.32,-0.41,5.17
2015-04-29,9.0,9.32,9.37,8.93,351583,323312000.0,4.84,2.53,0.23,3.32
2015-04-30,9.25,9.26,9.52,9.1,438326,410021680.0,4.51,-0.64,-0.06,4.14
2015-05-04,9.29,9.11,9.3,9.02,304607,277179008.0,3.02,-1.62,-0.15,2.88
2015-05-05,9.11,8.91,9.27,8.9,439560,399032432.0,4.06,-2.2,-0.2,4.16
2015-05-06,9.0,8.43,9.1,8.1,426546,371906160.0,11.22,-5.39,-0.48,4.03
2015-05-07,8.27,8.22,8.44,8.0,283533,233358391.0,5.22,-2.49,-0.21,2.68
2015-05-08,8.25,8.69,8.73,8.2,366905,307916464.0,6.45,5.72,0.47,3.47
2015-05-11,8.73,9.06,9.15,8.66,422685,379392272.0,5.64,4.26,0.37,4.0
2015-05-12,9.15,9.1,9.2,8.9,398859,360900304.0,3.31,0.44,0.04,3.77
2015-05-13,9.1,10.01,10.01,8.92,919259,890053712.0,11.98,10.0,0.91,8.69
2015-05-14,10.22,10.31,10.88,9.94,1050740,1090636464.0,9.39,3.0,0.3,9.93
2015-05-15,10.32,11.34,11.34,10.08,859827,926339664.0,12.22,9.99,1.03,8.13
2015-05-18,11.2,11.11,11.44,10.75,845233,932805120.0,6.08,-2.03,-0.23,7.99
2015-05-19,11.01,11.19,11.39,10.7,562918,620389200.0,6.21,0.72,0.08,5.32
2015-05-20,11.23,11.46,12.09,11.05,616024,719377680.0,9.29,2.41,0.27,5.82
2015-05-21,11.47,11.66,11.92,11.35,486841,568721264.0,4.97,1.75,0.2,4.6
2015-05-22,11.68,11.48,11.97,11.2,492421,564937232.0,6.6,-1.54,-0.18,4.65
2015-05-25,11.46,12.02,12.37,11.21,570269,674411280.0,10.1,4.7,0.54,5.39
2015-05-26,12.08,12.74,12.96,12.06,541298,677596720.0,7.49,5.99,0.72,5.12
2015-05-27,12.9,13.65,13.88,12.74,612984,811190944.0,8.95,7.14,0.91,5.79
2015-05-28,14.3,12.31,14.47,12.29,865140,1173755424.0,15.97,-9.82,-1.34,8.18
2015-05-29,12.05,12.66,13.09,11.29,753988,947375312.0,14.62,2.84,0.35,7.13
2015-06-01,12.68,13.93,13.93,12.61,606763,815139888.0,10.43,10.03,1.27,5.74
2015-06-02,14.0,15.03,15.06,14.0,666581,974066432.0,7.61,7.9,1.1,6.3
2015-06-03,15.04,14.78,15.4,14.05,648101,953724368.0,8.98,-1.66,-0.25,6.13
2015-06-04,14.68,14.54,15.06,13.4,535783,764167392.0,11.23,-1.62,-0.24,5.06
2015-06-05,15.25,14.87,15.6,14.35,678157,1014691968.0,8.6,2.27,0.33,6.41
2015-06-08,14.8,14.43,14.82,14.14,549341,788771840.0,4.57,-2.96,-0.44,5.19
2015-06-09,14.43,14.19,14.49,14.02,472464,669620048.0,3.26,-1.66,-0.24,4.47
2015-06-10,14.19,15.6,15.61,13.8,998669,1509617600.0,12.76,9.94,1.41,9.44
2015-06-11,15.59,15.88,16.5,15.45,837855,1338929312.0,6.73,1.79,0.28,7.92
2015-06-12,16.35,17.47,17.47,15.97,865937,1470700704.0,9.45,10.01,1.59,8.19
2015-06-15,17.47,16.88,17.47,16.01,943165,1594405680.0,8.36,-3.38,-0.59,8.92
2015-06-16,16.6,16.14,16.63,15.87,496152,803645648.0,4.5,-4.38,-0.74,4.69
2015-06-17,16.18,16.54,16.7,14.6,599497,953419232.0,13.01,2.48,0.4,5.67
2015-06-18,16.47,15.99,16.8,15.95,449380,731490352.0,5.14,-3.33,-0.55,4.25
2015-06-19,15.45,14.4,15.64,14.39,417774,622370768.0,7.82,-9.94,-1.59,3.95
2015-06-23,14.2,14.02,14.77,13.0,419131,577247216.0,12.29,-2.64,-0.38,3.96
2015-06-24,14.32,14.42,14.79,13.7,403402,577606208.0,7.77,2.85,0.4,3.81
2015-06-25,14.5,13.26,14.5,13.0,366388,508733680.0,10.4,-8.04,-1.16,3.46
2015-06-26,12.75,11.93,12.75,11.93,358808,438398256.0,6.18,-10.03,-1.33,3.39
2015-06-29,12.15,10.74,12.3,10.74,528521,592683856.0,13.08,-9.97,-1.19,5.0
2015-06-30,10.6,11.39,11.55,9.67,633809,662586656.0,17.5,6.05,0.65,5.99
2015-07-01,11.3,10.27,11.72,10.25,575150,642136000.0,12.91,-9.83,-1.12,5.44
2015-07-02,10.31,9.24,10.58,9.24,445602,431886560.0,13.05,-10.03,-1.03,4.21
2015-07-03,8.88,8.32,9.56,8.32,497041,427021216.0,13.42,-9.96,-0.92,4.7
2015-07-06,9.15,7.83,9.15,7.49,622271,503214896.0,19.95,-5.89,-0.49,5.88
2015-07-07,7.5,7.05,7.73,7.05,316119,227633235.0,8.68,-9.96,-0.78,2.99
2015-07-08,6.35,6.61,7.14,6.35,1089191,719034368.0,11.21,-6.24,-0.44,10.3
2015-07-09,6.65,7.27,7.27,6.62,392195,279022928.0,9.83,9.98,0.66,3.71
2015-07-10,7.92,8.0,8.0,7.6,111282,88244827.0,5.5,10.04,0.73,1.05
2015-07-13,8.8,8.8,8.8,8.61,274379,241046557.0,2.38,10.0,0.8,2.59
2015-07-14,9.36,9.54,9.68,8.9,838649,788346928.0,8.86,8.41,0.74,7.93
2015-07-15,9.2,8.59,9.32,8.59,387221,344558960.0,7.65,-9.96,-0.95,3.66
2015-07-16,8.59,8.92,9.24,7.88,415790,363376336.0,15.83,3.84,0.33,3.93
2015-07-17,8.96,9.48,9.63,8.96,408548,380979808.0,7.51,6.28,0.56,3.86
2015-07-20,9.49,9.53,9.97,9.3,443012,423834448.0,7.07,0.53,0.05,4.19
2015-07-21,9.33,9.5,9.65,9.18,308027,291667968.0,4.93,-0.31,-0.03,2.91
2015-07-22,9.53,9.7,9.92,9.35,370468,357275728.0,6.0,2.11,0.2,3.5
2015-07-23,9.74,9.99,10.1,9.6,488914,482913104.0,5.15,2.99,0.29,4.62
2015-07-24,10.08,9.98,10.65,9.7,637639,647751312.0,9.51,-0.1,-0.01,6.03
2015-07-27,9.66,8.98,9.98,8.98,465242,439656832.0,10.02,-10.02,-1.0,4.4
2015-07-28,8.65,8.31,9.03,8.08,446439,377380000.0,10.58,-7.46,-0.67,4.22
2015-07-29,8.5,8.92,8.95,8.14,269147,228114301.0,9.75,7.34,0.61,2.54
2015-07-30,8.85,8.79,9.28,8.51,335240,302405648.0,8.63,-1.46,-0.13,3.17
2015-07-31,8.63,8.52,8.89,8.3,233633,202433349.0,6.71,-3.07,-0.27,2.21
2015-08-03,8.35,7.95,8.51,7.75,244358,196797569.0,8.92,-6.69,-0.57,2.31
2015-08-04,7.95,8.63,8.67,7.95,231496,192513111.0,9.06,8.55,0.68,2.19
2015-08-05,8.63,8.51,8.87,8.37,257120,222896092.0,5.79,-1.39,-0.12,2.43
2015-08-06,8.3,8.53,8.71,8.18,206339,175719573.0,6.23,0.24,0.02,1.95
2015-08-07,8.56,8.86,8.9,8.56,255824,223552066.0,3.99,3.87,0.33,2.42
2015-08-10,8.91,9.29,9.46,8.75,481819,439648224.0,8.01,4.85,0.43,4.55
2015-08-11,9.36,9.62,9.99,9.25,530376,514258944.0,7.97,3.55,0.33,5.01
2015-08-12,9.31,9.32,9.68,9.3,441109,417296096.0,3.95,-3.12,-0.3,4.17
2015-08-13,9.2,9.63,9.73,9.15,321150,304642048.0,6.22,3.33,0.31,3.04
2015-08-14,10.06,10.59,10.59,10.03,386191,402563680.0,5.82,9.97,0.96,3.65
2015-08-17,11.19,11.48,11.65,11.01,945978,1073209056.0,6.04,8.4,0.89,8.94
2015-08-18,11.2,10.33,11.45,10.33,668487,721150896.0,9.76,-10.02,-1.15,6.32
2015-08-19,9.67,10.51,10.75,9.3,615355,610684752.0,14.04,1.74,0.18,5.82
2015-08-20,10.2,9.63,10.35,9.6,401810,402339808.0,7.14,-8.37,-0.88,3.8
2015-08-21,9.33,9.06,9.89,8.96,386645,364563408.0,9.66,-5.92,-0.57,3.65
2015-08-24,8.7,8.15,8.85,8.15,351201,291100240.0,7.73,-10.04,-0.91,3.32
2015-12-23,8.97,8.97,8.97,8.97,62591,56144190.0,0.0,10.06,0.82,0.59
2015-12-24,9.87,9.87,9.87,9.87,58836,58071408.0,0.0,10.03,0.9,0.56
2015-12-25,10.86,10.86,10.86,10.86,84619,91896701.0,0.0,10.03,0.99,0.8
2015-12-28,11.95,11.95,11.95,11.72,1039909,1242444816.0,2.12,10.04,1.09,9.83
2015-12-29,11.78,11.3,11.92,10.9,1132011,1291070448.0,8.54,-5.44,-0.65,10.7
2015-12-30,11.25,10.94,11.43,10.9,643685,711922496.0,4.69,-3.19,-0.36,6.08
2015-12-31,10.8,11.0,11.29,10.72,639931,708951680.0,5.21,0.55,0.06,6.05
2016-01-04,11.01,9.9,11.05,9.9,362048,374780528.0,10.45,-10.0,-1.1,3.42
2016-01-05,9.3,9.89,9.96,9.1,455222,433412816.0,8.69,-0.1,-0.01,4.3
2016-01-06,9.88,10.67,10.88,9.65,592959,606950768.0,12.44,7.89,0.78,5.61
2016-01-07,10.25,9.6,10.39,9.6,136646,136171633.0,7.4,-10.03,-1.07,1.29
2016-01-08,10.15,9.99,10.35,9.16,500500,502553808.0,12.4,4.06,0.39,4.73
2016-01-11,9.65,9.05,9.95,8.99,352403,334783296.0,9.61,-9.41,-0.94,3.33
2016-01-12,9.07,9.29,9.65,9.07,327080,305438944.0,6.41,2.65,0.24,3.09
2016-01-13,9.46,9.14,9.69,9.03,288934,271919728.0,7.1,-1.61,-0.15,2.73
2016-01-14,8.89,9.58,9.77,8.89,329569,307581856.0,9.63,4.81,0.44,3.12
2016-01-15,9.46,9.3,9.7,9.16,294451,277319696.0,5.64,-2.92,-0.28,2.78
2016-01-18,9.05,9.4,9.56,9.02,216352,202561981.0,5.81,1.08,0.1,2.05
2016-01-19,9.46,9.81,9.87,9.35,310118,299381984.0,5.53,4.36,0.41,2.93
2016-01-20,9.77,10.0,10.37,9.52,393060,388252416.0,8.66,1.94,0.19,3.72
2016-01-21,9.75,9.52,10.25,9.49,352355,348828880.0,7.6,-4.8,-0.48,3.33
2016-01-22,9.7,9.8,9.99,9.53,281525,275652832.0,4.83,2.94,0.28,2.66
2016-01-25,9.9,10.14,10.24,9.82,310127,312310496.0,4.29,3.47,0.34,2.93
2016-01-26,10.0,9.13,10.06,9.13,310349,297218160.0,9.17,-9.96,-1.01,2.93
2016-01-27,9.2,9.08,9.25,8.4,293320,261032070.0,9.31,-0.55,-0.05,2.77
2016-01-28,8.96,8.61,9.18,8.56,178894,159771540.0,6.83,-5.18,-0.47,1.69
2016-01-29,8.61,8.83,9.07,8.48,178000,156709391.0,6.85,2.56,0.22,1.68
2016-02-01,8.89,8.49,8.92,8.3,149150,129437300.0,7.02,-3.85,-0.34,1.41
2016-02-02,8.49,8.78,8.89,8.45,145385,127473055.0,5.18,3.42,0.29,1.37
2016-02-03,8.79,8.91,8.97,8.7,156291,138481286.0,3.08,1.48,0.13,1.48
2016-02-04,8.98,8.97,9.1,8.92,145799,131396116.0,2.02,0.67,0.06,1.38
2016-02-05,9.05,8.7,9.09,8.66,101538,90314396.0,4.79,-3.01,-0.27,0.96
2016-02-15,8.35,8.52,8.68,8.2,140398,119236034.0,5.52,-2.07,-0.18,1.33
2016-02-16,8.64,8.94,9.05,8.6,169978,150747738.0,5.28,4.93,0.42,1.61
2016-02-17,8.99,9.26,9.33,8.84,267411,241948061.0,5.48,3.58,0.32,2.53
2016-02-18,9.3,9.04,9.32,9.0,196845,179881767.0,3.46,-2.38,-0.22,1.86
2016-02-19,9.0,9.04,9.14,8.9,150098,135272666.0,2.65,0.0,0.0,1.42
2016-02-22,9.13,9.18,9.25,9.08,170915,156563609.0,1.88,1.55,0.14,1.62
2016-02-23,9.18,9.06,9.43,8.9,246355,225804267.0,5.77,-1.31,-0.12,2.33
2016-02-24,9.06,9.03,9.09,8.75,170177,152157101.0,3.75,-0.33,-0.03,1.61
2016-02-25,9.0,8.45,9.0,8.3,240733,209346518.0,7.75,-6.42,-0.58,2.28
2016-02-26,8.55,8.63,8.72,8.4,147735,126298657.0,3.79,2.13,0.18,1.4
2016-02-29,8.52,8.04,8.73,7.95,164297,134940331.0,9.04,-6.84,-0.59,1.55
2016-03-01,8.09,8.2,8.33,8.01,246743,200340452.0,3.98,1.99,0.16,2.33
2016-03-02,8.1,8.77,8.86,8.0,425072,360107424.0,10.49,6.95,0.57,4.02
2016-03-03,8.7,8.81,9.2,8.62,484664,429665376.0,6.61,0.46,0.04,4.58
2016-03-04,8.7,8.81,9.1,8.55,399446,353304960.0,6.24,0.0,0.0,3.78
2016-03-07,8.92,8.82,9.05,8.7,250985,222141675.0,3.97,0.11,0.01,2.37
2016-03-08,8.71,8.59,8.77,8.23,229113,193999754.0,6.12,-2.61,-0.23,2.17
2016-03-09,8.39,8.26,8.44,8.19,141440,117648826.0,2.91,-3.84,-0.33,1.34
2016-03-10,8.35,8.06,8.4,8.05,142973,117091008.0,4.24,-2.42,-0.2,1.35
2016-03-11,8.02,8.12,8.2,8.02,111506,90469613.0,2.23,0.74,0.06,1.05
2016-03-14,8.22,8.3,8.44,8.18,150434,125313393.0,3.2,2.22,0.18,1.42
2016-03-15,8.29,8.13,8.31,8.09,110099,89997908.0,2.65,-2.05,-0.17,1.04
2016-03-16,8.19,8.06,8.22,8.04,98976,80205419.0,2.21,-0.86,-0.07,0.94
2016-03-17,8.07,8.23,8.27,8.07,142494,116719799.0,2.48,2.11,0.17,1.35
2016-03-18,8.26,8.82,8.97,8.22,422666,360907456.0,9.11,7.17,0.59,4.0
2016-03-21,8.82,8.9,8.92,8.69,366906,324058944.0,2.61,0.91,0.08,3.47
2016-03-22,8.84,8.72,8.87,8.7,211521,185606320.0,1.91,-2.02,-0.18,2.0
2016-03-23,8.7,8.79,8.8,8.63,144591,126184591.0,1.95,0.8,0.07,1.37
2016-03-24,8.7,8.52,8.7,8.51,163525,141330031.0,2.16,-3.07,-0.27,1.55
2016-03-25,8.54,8.61,8.67,8.51,112722,96831100.0,1.88,1.06,0.09,1.07
2016-03-28,8.63,8.83,8.91,8.6,235756,206680407.0,3.6,2.56,0.22,2.23
2016-03-29,8.72,8.68,8.82,8.33,174768,149577396.0,5.55,-1.7,-0.15,1.65
2016-03-30,8.69,8.81,8.85,8.63,178132,155779253.0,2.53,1.5,0.13,1.68
2016-03-31,8.88,8.94,8.94,8.79,272022,241467600.0,1.7,1.48,0.13,2.57
2016-04-01,9.0,8.78,9.05,8.65,156265,138011458.0,4.47,-1.79,-0.16,1.48
2016-04-05,8.81,8.9,8.97,8.63,206725,182805234.0,3.87,1.37,0.12,1.95
2016-04-06,8.86,8.9,8.92,8.77,196090,173272468.0,1.69,0.0,0.0,1.85
2016-04-07,8.9,8.91,9.15,8.89,254996,229394874.0,2.92,0.11,0.01,2.41
2016-04-08,8.81,8.8,8.89,8.69,130707,114655046.0,2.24,-1.23,-0.11,1.24
2016-04-11,8.95,8.94,9.03,8.87,159162,142460979.0,1.82,1.59,0.14,1.5
2016-04-12,8.94,8.83,9.01,8.73,135281,119907454.0,3.13,-1.23,-0.11,1.28
2016-04-13,8.95,8.93,9.04,8.88,223148,200461017.0,1.81,1.13,0.1,2.11
2016-04-14,8.95,9.09,9.15,8.95,209468,190088982.0,2.24,1.79,0.16,1.98
2016-04-15,9.12,9.09,9.15,9.0,151304,137110641.0,1.65,0.0,0.0,1.43
2016-04-18,9.05,8.95,9.08,8.9,121263,108456369.0,1.98,-1.54,-0.14,1.15
2016-04-19,8.99,9.1,9.1,8.9,177384,159886479.0,2.23,1.68,0.15,1.68
2016-04-20,9.04,8.74,9.12,8.66,254092,224199988.0,5.05,-3.96,-0.36,2.4
2016-04-21,8.69,8.6,8.8,8.6,117947,102542960.0,2.29,-1.6,-0.14,1.11
2016-04-22,8.5,8.61,8.66,8.5,69676,59825132.0,1.86,0.12,0.01,0.66
2016-04-25,8.56,8.64,8.68,8.5,70431,60532848.0,2.09,0.35,0.03,0.67
2016-04-26,8.65,8.68,8.7,8.58,61050,52745119.0,1.39,0.46,0.04,0.58
2016-04-27,8.7,8.74,8.9,8.66,128431,112431647.0,2.76,0.69,0.06,1.21
2016-04-28,8.74,8.79,8.86,8.71,117421,103011744.0,1.72,0.57,0.05,1.11
2016-04-29,8.8,9.14,9.38,8.74,249276,227202579.0,7.28,3.98,0.35,2.36
2016-05-03,9.1,9.34,9.42,9.08,268753,249985671.0,3.72,2.19,0.2,2.54
2016-05-04,9.33,9.24,9.39,9.17,140133,129783353.0,2.36,-1.07,-0.1,1.32
2016-05-05,9.23,9.29,9.42,9.16,130420,121463984.0,2.81,0.54,0.05,1.23
2016-05-06,9.31,9.01,9.36,8.92,176486,160269894.0,4.74,-3.01,-0.28,1.67
2016-05-09,8.92,8.69,8.92,8.66,120119,105367915.0,2.89,-3.55,-0.32,1.14
2016-05-10,8.69,8.63,8.77,8.52,84328,72965239.0,2.88,-0.69,-0.06,0.8
2016-05-11,8.67,8.64,8.71,8.56,64160,55434855.0,1.74,0.12,0.01,0.61
2016-05-12,8.52,8.73,8.75,8.43,69411,59618243.0,3.7,1.04,0.09,0.66
2016-05-13,8.72,8.72,8.81,8.66,57158,49891397.0,1.72,-0.11,-0.01,0.54
2016-05-16,8.71,8.76,8.77,8.58,57273,49668107.0,2.18,0.46,0.04,0.54
2016-05-17,8.79,8.72,8.79,8.62,57859,50391588.0,1.94,-0.46,-0.04,0.55
2016-05-18,8.6,8.57,8.68,8.48,69985,60011619.0,2.29,-1.72,-0.15,0.66
2016-05-19,8.6,8.56,8.68,8.5,49672,42718051.0,2.1,-0.12,-0.01,0.47
2016-05-20,8.49,8.57,8.58,8.4,44418,37694779.0,2.1,0.12,0.01,0.42
2016-05-23,8.53,8.61,8.66,8.53,53437,45982719.0,1.52,0.47,0.04,0.51
2016-05-24,8.61,8.45,8.61,8.4,56384,47794221.0,2.44,-1.86,-0.16,0.53
2016-05-25,8.53,8.39,8.55,8.35,56771,47983392.0,2.37,-0.71,-0.06,0.54
2016-05-26,8.38,8.38,8.39,8.12,81744,67273900.0,3.22,-0.12,-0.01,0.77
2016-05-27,8.32,8.52,8.59,8.28,70278,59365370.0,3.7,1.67,0.14,0.62
2016-05-30,8.47,8.43,8.53,8.37,42527,35948169.0,1.88,-1.06,-0.09,0.37
2016-05-31,8.39,8.78,8.85,8.39,118771,102716040.0,5.46,4.15,0.35,1.04
2016-06-01,8.79,8.73,8.8,8.68,88054,76955362.0,1.37,-0.57,-0.05,0.77
2016-06-02,8.73,8.69,8.75,8.61,69595,60305830.0,1.6,-0.46,-0.04,0.61
2016-06-03,8.71,8.8,8.82,8.6,112236,97965211.0,2.53,1.27,0.11,0.99
2016-06-06,8.72,8.73,8.78,8.68,58967,51493831.0,1.14,-0.8,-0.07,0.52
2016-06-07,8.72,8.7,8.75,8.64,60971,52962978.0,1.26,-0.34,-0.03,0.54
2016-06-08,8.7,8.7,8.73,8.63,59750,51916689.0,1.15,0.0,0.0,0.52
2016-06-13,8.6,8.36,8.66,8.35,79985,68029148.0,3.56,-3.91,-0.34,0.7
2016-06-14,8.32,8.38,8.42,8.25,47566,39672385.0,2.03,0.24,0.02,0.42
2016-06-15,8.39,8.52,8.6,8.3,87653,74263862.0,3.58,1.67,0.14,0.77
2016-06-16,8.54,8.59,8.6,8.45,79220,67409680.0,1.76,0.82,0.07,0.7
2016-06-24,8.72,8.89,9.12,8.61,528765,468623648.0,5.94,3.49,0.3,4.64
2016-06-27,8.71,8.83,8.87,8.65,241578,211833113.0,2.47,-0.67,-0.06,2.12
2016-06-28,8.83,8.83,8.89,8.71,162391,142638353.0,2.04,0.0,0.0,1.43
2016-06-29,8.85,9.09,9.24,8.82,329825,299473664.0,4.76,2.94,0.26,2.9
2016-06-30,9.05,9.13,9.2,8.96,204719,185599981.0,2.64,0.44,0.04,1.8
2016-07-01,9.09,9.1,9.2,9.05,154731,141052402.0,1.64,-0.33,-0.03,1.36
2016-07-04,8.98,9.07,9.17,8.88,153167,139207064.0,3.19,-0.33,-0.03,1.34
2016-07-05,9.11,9.08,9.15,9.04,111375,101054038.0,1.21,0.11,0.01,0.98
2016-07-06,9.08,9.08,9.14,9.02,107198,97396603.0,1.32,0.0,0.0,0.94
2016-07-07,9.06,9.07,9.1,9.0,102136,92425135.0,1.1,-0.11,-0.01,0.9
2016-07-08,9.07,9.11,9.12,9.01,100825,91515926.0,1.21,0.44,0.04,0.89
2016-07-11,9.12,9.31,9.45,9.08,354059,328964896.0,4.06,2.2,0.2,3.11
2016-07-12,9.25,9.33,9.34,9.16,129253,119673655.0,1.93,0.21,0.02,1.13
2016-07-13,9.4,9.41,9.54,9.33,161989,152539045.0,2.25,0.86,0.08,1.42
2016-07-14,9.41,9.49,9.6,9.41,137185,130369974.0,2.02,0.85,0.08,1.2
2016-07-15,9.51,9.44,9.58,9.36,94958,89585823.0,2.32,-0.53,-0.05,0.83
2016-07-18,9.47,9.32,9.5,9.28,81040,75780559.0,2.33,-1.27,-0.12,0.71
2016-07-19,9.39,9.61,9.62,9.3,141057,133594295.0,3.43,3.11,0.29,1.24
2016-07-20,9.59,9.39,9.62,9.38,115425,109628426.0,2.5,-2.29,-0.22,1.01
2016-07-21,9.36,9.5,9.52,9.34,101639,95798017.0,1.92,1.17,0.11,0.89
2016-07-22,9.49,9.71,9.79,9.42,168001,161006851.0,3.89,2.21,0.21,1.48
2016-07-25,9.7,9.71,9.78,9.63,162414,157851429.0,1.54,0.0,0.0,1.43
2016-07-26,9.73,9.79,9.95,9.73,135571,133595917.0,2.27,0.82,0.08,1.19
2016-07-27,9.77,9.45,9.86,9.1,184689,175683353.0,7.76,-3.47,-0.34,1.62
2016-07-28,9.35,9.33,9.44,9.18,106338,99029072.0,2.75,-1.27,-0.12,0.93
2016-07-29,9.32,9.39,9.41,9.23,86581,80806014.0,1.93,0.64,0.06,0.76
2016-08-01,9.38,9.1,9.38,8.99,106515,97324477.0,4.15,-3.09,-0.29,0.94
2016-08-02,9.1,9.17,9.19,9.02,50810,46339009.0,1.87,0.77,0.07,0.45
2016-08-03,9.15,9.33,9.38,9.13,83901,77942934.0,2.73,1.74,0.16,0.74
2016-08-04,9.32,9.4,9.44,9.21,91675,85589240.0,2.47,0.75,0.07,0.8
2016-08-05,9.42,9.59,9.6,9.3,156473,148128668.0,3.19,2.02,0.19,1.37
2016-08-08,9.41,9.46,9.49,9.3,132432,124679743.0,1.98,-1.36,-0.13,1.16
2016-08-09,9.46,9.43,9.47,9.36,73124,68832654.0,1.16,-0.32,-0.03,0.64
2016-08-10,9.39,9.27,9.5,9.25,97072,90883295.0,2.65,-1.7,-0.16,0.85
2016-08-11,9.27,9.29,9.45,9.2,166513,155450707.0,2.7,0.22,0.02,1.46
2016-08-12,9.3,9.55,9.56,9.23,239009,224424779.0,3.55,2.8,0.26,2.1
2016-08-15,9.51,9.79,9.86,9.47,334100,323586496.0,4.08,2.51,0.24,2.93
2016-08-16,9.93,9.76,10.04,9.74,320953,316287440.0,3.06,-0.31,-0.03,2.82
2016-08-17,9.76,9.68,9.8,9.59,212216,204834162.0,2.15,-0.82,-0.08,1.86
2016-08-18,9.68,9.88,10.22,9.68,322331,320549200.0,5.58,2.07,0.2,2.83
2016-08-19,9.9,9.95,10.06,9.81,198636,197323852.0,2.53,0.71,0.07,1.74
2016-08-22,9.79,9.74,9.86,9.63,227817,221842191.0,2.31,-2.11,-0.21,2.0
2016-08-23,9.76,9.64,9.76,9.59,98849,95678727.0,1.75,-1.03,-0.1,0.87
2016-08-24,9.64,9.99,10.18,9.61,293332,291828112.0,5.91,3.63,0.35,2.58
2016-08-25,9.84,9.87,9.92,9.61,191513,187322274.0,3.1,-1.2,-0.12,1.68
2016-08-26,9.91,9.86,9.98,9.74,111625,109866225.0,2.43,-0.1,-0.01,0.98
2016-08-29,9.81,9.83,9.85,9.7,82310,80533345.0,1.52,-0.3,-0.03,0.72
2016-08-30,9.82,9.72,9.87,9.7,77208,75419424.0,1.73,-1.12,-0.11,0.68
2016-08-31,9.72,9.76,9.83,9.67,75683,73712265.0,1.65,0.41,0.04,0.66
2016-09-01,9.77,9.83,9.91,9.72,134711,132165650.0,1.95,0.72,0.07,1.18
2016-09-02,9.81,9.86,9.94,9.77,134432,132508044.0,1.73,0.31,0.03,1.18
2016-09-05,9.81,9.95,10.06,9.77,164323,163148686.0,2.94,0.91,0.09,1.44
2016-09-06,9.97,10.17,10.22,9.89,240035,242828375.0,3.32,2.21,0.22,2.11
2016-09-07,10.13,10.04,10.24,10.0,174612,176708549.0,2.36,-1.28,-0.13,1.53
2016-09-08,9.97,10.33,10.35,9.97,212565,217085445.0,3.78,2.89,0.29,1.87
2016-09-09,10.1,10.16,10.31,10.1,125627,128070075.0,2.03,-1.65,-0.17,1.1
2016-09-12,9.9,9.65,10.0,9.61,201156,197072384.0,3.84,-5.02,-0.51,1.77
2016-09-13,9.73,9.67,9.76,9.5,151973,146066098.0,2.69,0.21,0.02,1.33
2016-09-14,9.55,9.68,9.71,9.54,85816,82715178.0,1.76,0.1,0.01,0.75
2016-09-19,9.75,9.8,9.91,9.68,75659,74149386.0,2.38,1.24,0.12,0.66
2016-09-20,9.8,9.72,9.82,9.66,50669,49276128.0,1.63,-0.82,-0.08,0.44
2016-09-21,9.74,9.81,9.85,9.71,59210,57993299.0,1.44,0.93,0.09,0.52
2016-09-22,9.87,9.95,10.05,9.82,106509,105930034.0,2.34,1.43,0.14,0.94
2016-09-23,9.93,9.82,9.97,9.8,58427,57635443.0,1.71,-1.31,-0.13,0.51
2016-09-26,9.72,9.5,9.76,9.48,125513,119924794.0,2.85,-3.26,-0.32,1.1
2016-09-27,9.46,9.58,9.58,9.43,60107,57173340.0,1.58,0.84,0.08,0.53
2016-09-28,9.57,9.48,9.58,9.43,38039,36113936.0,1.57,-1.04,-0.1,0.33
2016-09-29,9.46,9.49,9.56,9.46,42595,40491939.0,1.05,0.11,0.01,0.37
2016-09-30,9.46,9.51,9.57,9.44,37510,35677343.0,1.37,0.21,0.02,0.33
2016-10-10,9.51,9.27,9.51,8.9,155199,142209119.0,6.41,-2.52,-0.24,1.36
2016-10-11,9.32,9.35,9.43,9.26,101386,94811600.0,1.83,0.86,0.08,0.89
2016-10-12,9.32,9.34,9.39,9.22,71704,66701681.0,1.82,-0.11,-0.01,0.63
2016-10-13,9.32,9.3,9.35,9.27,47357,44055953.0,0.86,-0.43,-0.04,0.42
2016-10-14,9.32,9.38,9.41,9.26,94309,88025546.0,1.61,0.86,0.08,0.83
2016-10-17,9.27,9.1,9.34,9.01,141364,130575376.0,3.52,-2.99,-0.28,1.24
2016-10-18,9.1,9.25,9.28,9.08,72353,66614195.0,2.2,1.65,0.15,0.64
2016-10-19,9.25,9.2,9.32,9.19,52162,48214391.0,1.41,-0.54,-0.05,0.46
2016-10-20,9.22,9.17,9.24,9.08,118309,108195484.0,1.74,-0.33,-0.03,1.04
2016-10-21,9.15,9.18,9.26,9.1,81451,74795538.0,1.74,0.11,0.01,0.72
2016-10-24,9.13,9.29,9.31,9.13,99135,91825928.0,1.96,1.2,0.11,0.87
2016-10-25,9.28,9.25,9.3,9.15,63385,58489591.0,1.61,-0.43,-0.04,0.56
2016-10-26,9.26,9.34,9.35,9.22,103022,95924002.0,1.41,0.97,0.09,0.9
2016-10-27,9.33,9.33,9.37,9.29,60043,55973957.0,0.86,-0.11,-0.01,0.53
2016-10-28,9.33,9.27,9.42,9.24,83116,77292976.0,1.93,-0.64,-0.06,0.73
2016-10-31,9.1,9.19,9.23,9.1,74990,68531756.0,1.4,-0.86,-0.08,0.66
2016-11-01,9.19,9.19,9.2,9.12,74986,68632511.0,0.87,0.0,0.0,0.66
2016-11-02,9.19,9.06,9.19,9.02,83493,75928838.0,1.85,-1.41,-0.13,0.73
2016-11-03,9.06,9.11,9.14,9.0,60209,54751914.0,1.55,0.55,0.05,0.53
2016-11-04,9.08,9.12,9.15,9.07,50836,46322253.0,0.88,0.11,0.01,0.45
2016-11-07,9.15,9.1,9.15,9.0,37855,34401880.0,1.64,-0.22,-0.02,0.33
2016-11-08,9.14,9.12,9.14,9.06,51819,47088373.0,0.88,0.22,0.02,0.45
2016-11-09,9.13,9.05,9.14,9.02,67882,61575272.0,1.32,-0.77,-0.07,0.6
2016-11-10,9.08,9.11,9.12,9.08,58267,53074684.0,0.44,0.66,0.06,0.51
2016-11-11,9.15,9.23,9.26,9.08,77947,71290132.0,1.98,1.32,0.12,0.68
2016-11-14,9.16,9.16,9.21,9.12,68293,62532121.0,0.98,-0.76,-0.07,0.6
2016-11-15,9.18,9.17,9.19,9.13,45062,41232114.0,0.66,0.11,0.01,0.4
2016-11-16,9.16,9.25,9.26,9.16,79135,72996267.0,1.09,0.87,0.08,0.69
2016-11-17,9.28,9.34,9.39,9.23,141717,132194211.0,1.73,0.97,0.09,1.24
2016-11-18,9.28,9.27,9.39,9.25,76951,71429452.0,1.5,-0.75,-0.07,0.68
2016-11-21,9.26,9.2,9.31,9.17,78382,72527931.0,1.51,-0.76,-0.07,0.69
2016-11-22,9.18,9.19,9.22,9.14,66909,61383908.0,0.87,-0.11,-0.01,0.59
2016-11-23,9.19,9.17,9.24,9.12,83193,76325693.0,1.31,-0.22,-0.02,0.73
2016-11-24,9.15,9.09,9.18,9.05,85794,78035951.0,1.42,-0.87,-0.08,0.75
2016-11-25,9.09,9.14,9.16,9.01,72607,65956976.0,1.65,0.55,0.05,0.64
2016-11-28,9.15,9.13,9.19,9.12,75530,69163001.0,0.77,-0.11,-0.01,0.66
2016-11-29,9.12,9.12,9.16,9.05,91418,83180495.0,1.2,-0.11,-0.01,0.8
2016-11-30,9.08,9.12,9.15,9.06,74326,67664191.0,0.99,0.0,0.0,0.65
2016-12-01,9.12,9.15,9.17,9.09,89038,81380039.0,0.88,0.33,0.03,0.78
2016-12-02,9.15,9.04,9.16,9.01,98754,89654092.0,1.64,-1.2,-0.11,0.87
2016-12-05,8.98,8.94,9.06,8.93,75758,68075011.0,1.44,-1.11,-0.1,0.67
2016-12-06,8.95,8.89,9.0,8.88,51289,45780444.0,1.34,-0.56,-0.05,0.45
2016-12-07,8.88,8.92,8.93,8.81,69875,61848538.0,1.35,0.34,0.03,0.61
2016-12-08,8.91,8.97,9.05,8.86,58764,52743071.0,2.13,0.56,0.05,0.52
2016-12-09,8.99,8.98,9.03,8.94,41143,36970981.0,1.0,0.11,0.01,0.36
2016-12-12,9.0,8.82,9.1,8.77,105758,95268295.0,3.67,-1.78,-0.16,0.93
2016-12-13,8.8,8.85,8.9,8.75,46811,41310891.0,1.7,0.34,0.03,0.41
2016-12-14,8.84,8.79,8.88,8.7,49802,43748267.0,2.03,-0.68,-0.06,0.44
2016-12-15,8.79,8.85,8.87,8.73,52957,46647370.0,1.59,0.68,0.06,0.46
2016-12-16,8.83,8.88,8.89,8.79,50544,44601203.0,1.13,0.34,0.03,0.44
2016-12-19,8.85,8.78,8.86,8.77,30503,26826075.0,1.01,-1.13,-0.1,0.27
2016-12-20,8.77,8.71,8.81,8.67,46678,40755616.0,1.59,-0.8,-0.07,0.41
2016-12-21,8.76,8.8,8.82,8.7,42660,37465978.0,1.38,1.03,0.09,0.37
2016-12-22,8.82,8.76,8.84,8.74,48365,42460932.0,1.14,-0.45,-0.04,0.42
2016-12-23,8.77,8.77,8.85,8.75,35327,31062834.0,1.14,0.11,0.01,0.31
2016-12-26,8.68,8.84,8.86,8.56,64112,56003652.0,3.42,0.8,0.07,0.56
2016-12-27,8.88,8.8,8.88,8.76,41279,36352522.0,1.36,-0.45,-0.04,0.36
2016-12-28,8.81,8.69,8.81,8.69,55637,48494470.0,1.36,-1.25,-0.11,0.49
2016-12-29,8.68,9.0,9.01,8.6,84393,74531231.0,4.72,3.57,0.31,0.74
2016-12-30,8.95,9.03,9.08,8.83,120110,107704529.0,2.78,0.33,0.03,1.05
2017-01-03,8.97,8.94,8.98,8.84,80115,71231511.0,1.55,-1.0,-0.09,0.7
2017-01-04,8.9,8.9,8.92,8.77,68977,60937877.0,1.68,-0.45,-0.04,0.61
2017-01-05,8.87,8.84,8.92,8.82,47811,42338048.0,1.12,-0.67,-0.06,0.42
2017-01-06,8.82,8.77,8.84,8.73,42895,37590148.0,1.24,-0.79,-0.07,0.38
2017-01-09,8.75,8.84,8.89,8.74,62225,54962965.0,1.71,0.8,0.07,0.55
2017-01-10,8.81,8.86,8.95,8.7,75677,67123924.0,2.83,0.23,0.02,0.66
2017-01-11,8.85,8.81,8.87,8.79,47571,42018116.0,0.9,-0.56,-0.05,0.42
2017-01-12,8.82,8.74,8.85,8.72,40001,35233742.0,1.48,-0.79,-0.07,0.35
2017-01-13,8.72,8.64,8.77,8.62,32268,28049373.0,1.72,-1.14,-0.1,0.28
2017-01-16,8.65,8.41,8.67,8.21,56924,48251604.0,5.32,-2.66,-0.23,0.5
2017-01-17,8.46,8.49,8.52,8.35,22925,19354701.0,2.02,0.95,0.08,0.2
2017-01-18,8.42,8.5,8.56,8.42,30661,26079325.0,1.65,0.12,0.01,0.27
2017-01-19,8.48,8.47,8.52,8.41,22273,18851052.0,1.29,-0.35,-0.03,0.2
2017-01-20,8.43,8.51,8.56,8.43,41231,35119985.0,1.53,0.47,0.04,0.36
2017-03-28,8.99,8.91,9.35,8.71,236239,213783204.0,7.52,4.7,0.4,2.07
2017-03-29,8.81,8.72,8.92,8.59,138575,120448859.0,3.7,-2.13,-0.19,1.22
2017-03-30,8.63,8.44,8.72,8.32,106566,90425739.0,4.59,-3.21,-0.28,0.94
2017-03-31,8.5,8.46,8.55,8.39,48437,40991253.0,1.9,0.24,0.02,0.43
2017-04-05,8.43,8.48,8.53,8.41,65386,55440550.0,1.42,0.24,0.02,0.57
2017-04-06,8.5,8.47,8.52,8.43,58242,49339952.0,1.06,-0.12,-0.01,0.51
2017-04-07,8.5,8.45,8.5,8.36,59037,49812811.0,1.65,-0.24,-0.02,0.52
2017-04-10,8.47,8.3,8.48,8.26,94306,79104893.0,2.6,-1.78,-0.15,0.83
2017-04-11,8.31,8.29,8.36,8.11,93923,77292640.0,3.01,-0.12,-0.01,0.82
2017-04-12,8.3,8.32,8.35,8.2,57692,47824195.0,1.81,0.36,0.03,0.51
2017-04-13,8.3,8.55,8.88,8.3,114531,97790344.0,6.97,2.76,0.23,1.01
2017-04-14,8.52,8.35,8.63,8.33,68325,57617433.0,3.51,-2.34,-0.2,0.6
2017-04-17,8.4,8.35,8.4,8.21,39086,32300049.0,2.28,0.0,0.0,0.34
2017-04-18,8.39,8.25,8.39,8.05,70123,57597116.0,4.07,-1.2,-0.1,0.62
2017-04-19,8.2,8.11,8.2,8.02,42191,34157274.0,2.18,-1.7,-0.14,0.37
2017-04-20,8.13,8.09,8.14,8.05,25401,20557692.0,1.11,-0.25,-0.02,0.22
2017-04-21,8.1,8.06,8.15,8.03,24788,20015130.0,1.48,-0.37,-0.03,0.22
2017-04-24,8.06,7.83,8.06,7.82,45471,35945178.0,2.98,-2.85,-0.23,0.4
2017-04-25,7.85,7.83,7.89,7.75,24498,19185609.0,1.79,0.0,0.0,0.22
2017-04-26,7.87,7.91,7.95,7.83,40671,32115705.0,1.53,1.02,0.08,0.36
2017-04-27,7.91,7.88,7.91,7.62,32764,25555641.0,3.67,-0.38,-0.03,0.29
2017-04-28,7.91,7.87,7.91,7.85,25147,19822129.0,0.76,-0.13,-0.01,0.22
2017-05-02,7.84,7.84,7.93,7.82,33422,26317575.0,1.4,-0.38,-0.03,0.29
2017-05-03,7.86,7.91,7.91,7.86,27904,22029026.0,0.64,0.89,0.07,0.24
2017-05-04,7.98,7.88,7.98,7.88,34459,27259186.0,1.26,-0.38,-0.03,0.3
2017-05-05,7.8,7.86,7.92,7.8,39288,30922001.0,1.52,-0.25,-0.02,0.34
2017-05-08,7.84,7.86,7.92,7.83,29964,23566452.0,1.15,0.0,0.0,0.26
2017-05-09,7.86,7.79,7.89,7.7,27910,21698215.0,2.42,-0.89,-0.07,0.25
2017-05-10,7.79,7.74,7.83,7.62,30664,23728115.0,2.7,-0.64,-0.05,0.27
2017-05-11,7.73,7.42,7.73,7.39,51868,38903803.0,4.39,-4.13,-0.32,0.46
2017-05-12,7.39,7.35,7.4,7.18,48596,35263678.0,2.96,-0.94,-0.07,0.43
2017-05-15,7.3,7.46,7.47,7.28,36784,27227442.0,2.59,1.5,0.11,0.32
2017-05-16,7.46,7.25,7.49,7.18,138467,100393914.0,4.16,-2.82,-0.21,1.22
2017-05-17,7.24,7.28,7.31,7.22,55292,40196457.0,1.24,0.41,0.03,0.49
2017-05-18,7.18,7.19,7.24,7.1,60102,42977451.0,1.92,-1.24,-0.09,0.53
2017-05-19,7.18,7.53,7.69,7.08,123844,91499704.0,8.48,4.73,0.34,1.09
2017-05-22,7.38,7.19,7.38,7.17,95390,68914586.0,2.79,-4.52,-0.34,0.84
2017-05-23,7.16,6.92,7.16,6.8,79146,55302585.0,5.01,-3.76,-0.27,0.69
2017-05-24,6.83,6.87,6.92,6.8,42893,29328153.0,1.73,-0.72,-0.05,0.38
2017-05-25,6.86,6.99,7.08,6.8,46736,32389844.0,4.08,1.75,0.12,0.41
2017-05-26,6.99,6.94,7.05,6.92,22925,16007352.0,1.86,-0.72,-0.05,0.2
2017-05-31,7.04,6.88,7.08,6.86,42281,29554117.0,3.17,-0.86,-0.06,0.37
2017-06-01,6.88,6.72,6.91,6.69,39715,27016191.0,3.2,-2.33,-0.16,0.35
2017-06-02,6.67,6.8,6.82,6.63,37289,25084506.0,2.83,1.19,0.08,0.33
2017-06-05,6.82,6.84,6.89,6.81,26177,17915704.0,1.18,0.59,0.04,0.23
2017-06-06,6.82,6.83,6.87,6.79,35131,23967323.0,1.17,-0.15,-0.01,0.31
2017-06-07,6.84,6.94,6.97,6.82,59707,41258019.0,2.2,1.61,0.11,0.52
2017-06-08,6.95,6.93,6.98,6.89,43436,30100101.0,1.3,-0.14,-0.01,0.38
2017-06-09,6.91,6.96,6.98,6.88,58778,40760797.0,1.44,0.43,0.03,0.52
2017-06-12,6.92,6.85,6.93,6.83,37225,25626536.0,1.44,-1.58,-0.11,0.33
2017-06-13,6.84,6.9,6.92,6.82,25899,17850248.0,1.46,0.73,0.05,0.23
2017-06-14,6.91,6.9,6.91,6.86,26037,17929558.0,0.72,0.0,0.0,0.23
2017-06-15,6.89,6.94,6.96,6.87,41888,29042774.0,1.3,0.58,0.04,0.37
2017-06-16,6.95,6.95,6.97,6.92,30966,21519862.0,0.72,0.14,0.01,0.27
2017-06-19,6.97,7.01,7.01,6.95,45592,31854177.0,0.86,0.86,0.06,0.4
2017-06-20,7.01,7.01,7.04,6.97,32061,22474877.0,1.0,0.0,0.0,0.28
2017-06-21,7.03,6.99,7.04,6.96,31674,22150438.0,1.14,-0.29,-0.02,0.28
2017-06-22,6.99,6.95,7.05,6.93,54895,38480397.0,1.72,-0.57,-0.04,0.48
2017-06-23,6.95,6.95,6.99,6.86,36046,24966083.0,1.87,0.0,0.0,0.32
2017-06-26,6.9,7.06,7.06,6.9,41707,29234167.0,2.3,1.58,0.11,0.37
2017-06-27,7.06,7.02,7.1,7.0,37376,26351328.0,1.42,-0.57,-0.04,0.33
2017-06-28,7.01,7.04,7.06,7.0,25179,17724959.0,0.85,0.28,0.02,0.22
2017-06-29,7.05,7.03,7.08,7.0,36955,26021005.0,1.14,-0.14,-0.01,0.32
2017-06-30,7.03,7.07,7.08,7.0,23373,16463253.0,1.14,0.57,0.04,0.21
2017-07-03,7.07,7.12,7.13,7.02,34977,24760658.0,1.56,0.71,0.05,0.31
2017-07-04,7.11,7.07,7.12,7.06,23783,16856593.0,0.84,-0.7,-0.05,0.21
2017-07-05,7.07,7.13,7.15,7.05,32390,23010091.0,1.41,0.85,0.06,0.28
2017-07-06,7.13,7.12,7.15,7.04,37306,26464916.0,1.54,-0.14,-0.01,0.33
2017-07-07,7.1,7.14,7.16,7.07,42773,30420066.0,1.26,0.28,0.02,0.38
2017-07-10,7.13,7.13,7.14,7.08,33491,23810690.0,0.84,-0.14,-0.01,0.29
2017-07-11,7.13,7.08,7.13,7.08,33123,23498223.0,0.7,-0.7,-0.05,0.29
2017-07-12,7.07,7.02,7.08,6.96,43908,30809038.0,1.69,-0.85,-0.06,0.39
2017-07-13,7.01,7.11,7.14,6.96,31775,22324073.0,2.56,1.28,0.09,0.28
2017-07-14,7.1,7.01,7.11,7.0,23117,16263731.0,1.55,-1.41,-0.1,0.2
2017-07-17,7.01,6.7,7.03,6.66,55822,38080311.0,5.28,-4.42,-0.31,0.49
2017-07-18,6.72,6.76,6.8,6.67,25997,17508616.0,1.94,0.9,0.06,0.23
2017-07-19,6.76,6.84,6.85,6.7,40080,27178833.0,2.22,1.18,0.08,0.35
2017-07-20,6.82,6.91,6.97,6.79,30951,21336437.0,2.63,1.02,0.07,0.27
2017-07-21,6.9,6.91,6.95,6.87,24951,17234350.0,1.16,0.0,0.0,0.22
2017-07-24,6.91,6.99,7.0,6.87,31046,21622268.0,1.88,1.16,0.08,0.27
2017-07-25,7.02,6.98,7.08,6.92,40492,28359099.0,2.29,-0.14,-0.01,0.36
2017-07-26,6.93,6.96,7.02,6.92,23511,16349715.0,1.43,-0.29,-0.02,0.21
2017-07-27,6.96,7.03,7.05,6.92,31504,22036385.0,1.87,1.01,0.07,0.28
2017-07-28,7.03,7.01,7.05,7.0,22274,15642075.0,0.71,-0.28,-0.02,0.2
2017-07-31,7.02,7.04,7.06,6.97,34348,24096762.0,1.28,0.43,0.03,0.3
2017-08-01,6.99,7.06,7.07,6.99,42559,30010331.0,1.14,0.28,0.02,0.37
2017-08-02,7.05,6.96,7.07,6.95,64104,44831422.0,1.7,-1.42,-0.1,0.56
2017-08-03,6.94,6.97,7.0,6.9,34898,24293471.0,1.44,0.14,0.01,0.31
2017-08-04,6.98,6.9,6.98,6.87,44897,31086593.0,1.58,-1.0,-0.07,0.39
2017-08-07,6.99,7.08,7.15,6.97,104000,73475274.0,2.61,2.61,0.18,0.91
2017-08-08,7.03,7.01,7.11,6.96,83415,58523334.0,2.12,-0.99,-0.07,0.73
2017-08-09,7.01,6.95,7.02,6.94,36080,25117186.0,1.14,-0.86,-0.06,0.32
2017-08-10,6.95,6.89,6.96,6.86,37094,25633925.0,1.44,-0.86,-0.06,0.33
2017-08-11,6.87,6.81,6.91,6.8,41920,28682981.0,1.6,-1.16,-0.08,0.37
2017-08-14,6.79,6.93,6.95,6.79,37375,25656872.0,2.35,1.76,0.12,0.33
2017-08-15,6.91,7.07,7.1,6.84,99490,69523521.0,3.75,2.02,0.14,0.87
2017-08-16,7.04,7.31,7.45,7.03,276040,201633634.0,5.94,3.39,0.24,2.42
2017-08-17,7.31,7.39,7.42,7.17,142676,103614083.0,3.42,1.09,0.08,1.25
2017-08-18,7.34,7.38,7.85,7.26,172887,129363893.0,7.98,-0.14,-0.01,1.52
2017-08-21,7.37,7.3,7.37,7.25,91731,66878819.0,1.63,-1.08,-0.08,0.81
2017-08-22,7.28,7.17,7.31,7.15,84553,60902031.0,2.19,-1.78,-0.13,0.74
2017-08-23,7.18,7.21,7.23,7.14,44621,32022800.0,1.26,0.56,0.04,0.39
2017-08-24,7.24,7.12,7.25,7.11,46189,33082643.0,1.94,-1.25,-0.09,0.41
2017-08-25,7.13,7.17,7.2,7.13,40093,28730457.0,0.98,0.7,0.05,0.35
2017-08-28,7.17,7.21,7.27,7.15,57466,41483088.0,1.67,0.56,0.04,0.5
2017-08-29,7.21,7.27,7.33,7.21,54181,39370106.0,1.66,0.83,0.06,0.48
2017-08-30,7.29,7.23,7.33,7.23,50463,36599900.0,1.38,-0.55,-0.04,0.44
2017-08-31,7.21,7.21,7.26,7.2,38152,27552232.0,0.83,-0.28,-0.02,0.33
2017-09-01,7.21,7.28,7.31,7.2,65146,47317220.0,1.53,0.97,0.07,0.57
2017-09-04,7.28,7.23,7.3,7.22,45315,32827370.0,1.1,-0.69,-0.05,0.4
2017-09-05,7.26,7.16,7.26,7.14,72064,51697952.0,1.66,-0.97,-0.07,0.63
2017-09-06,7.14,7.18,7.19,7.12,35134,25134373.0,0.98,0.28,0.02,0.31
2017-09-07,7.18,7.2,7.24,7.14,56330,40452824.0,1.39,0.28,0.02,0.49
2017-09-08,7.18,7.17,7.2,7.15,34385,24660317.0,0.69,-0.42,-0.03,0.3
2017-09-11,7.18,7.19,7.19,7.14,44401,31817525.0,0.7,0.28,0.02,0.39
2017-09-12,7.17,7.17,7.2,7.15,45627,32722203.0,0.7,-0.28,-0.02,0.4
2017-09-13,7.17,7.16,7.18,7.13,29096,20816068.0,0.7,-0.14,-0.01,0.26
2017-09-14,7.16,7.18,7.2,7.12,52328,37465854.0,1.12,0.28,0.02,0.46
2017-09-15,7.17,7.28,7.3,7.15,98882,71650651.0,2.09,1.39,0.1,0.87
2017-09-19,7.5,8.01,8.01,7.43,295070,231110139.0,7.97,10.03,0.73,2.59
2017-09-20,8.06,7.98,8.08,7.85,449177,357382000.0,2.87,-0.37,-0.03,3.94
2017-09-21,7.85,7.69,7.85,7.67,242234,187358033.0,2.26,-3.63,-0.29,2.13
2017-09-22,7.66,7.63,7.95,7.62,204639,159424236.0,4.29,-0.78,-0.06,1.8
2017-09-25,7.5,7.4,7.57,7.33,144188,107030007.0,3.15,-3.01,-0.23,1.27
2017-09-26,7.4,7.41,7.44,7.32,65945,48697953.0,1.62,0.14,0.01,0.58
2017-09-27,7.43,7.46,7.54,7.36,76963,57352467.0,2.43,0.67,0.05,0.68
2017-09-28,7.41,7.34,7.46,7.33,78833,58166348.0,1.74,-1.61,-0.12,0.69
2017-09-29,7.34,7.35,7.38,7.32,56917,41796209.0,0.82,0.14,0.01,0.5
2017-10-09,7.5,7.46,7.55,7.39,81482,60806311.0,2.18,1.5,0.11,0.72
2017-10-10,7.46,7.52,7.52,7.4,65940,49288179.0,1.61,0.8,0.06,0.58
2017-10-11,7.52,7.59,7.6,7.45,67242,50655968.0,1.99,0.93,0.07,0.59
2017-10-12,7.55,7.52,7.63,7.5,53605,40521079.0,1.71,-0.92,-0.07,0.47
2017-10-13,7.53,7.52,7.57,7.46,37784,28367350.0,1.46,0.0,0.0,0.33
2017-10-16,7.5,7.29,7.52,7.27,62485,46050481.0,3.32,-3.06,-0.23,0.55
2017-10-17,7.27,7.29,7.38,7.25,30581,22338203.0,1.78,0.0,0.0,0.27
2017-10-18,7.29,7.29,7.35,7.26,27362,19993453.0,1.23,0.0,0.0,0.24
2017-10-19,7.31,7.22,7.34,7.19,34489,25062451.0,2.06,-0.96,-0.07,0.3
2017-10-20,7.23,7.28,7.29,7.23,32719,23777415.0,0.83,0.83,0.06,0.29
2017-10-23,7.29,7.34,7.36,7.25,32588,23819536.0,1.51,0.82,0.06,0.29
2017-10-24,7.35,7.35,7.41,7.27,34679,25473714.0,1.91,0.14,0.01,0.3
2017-10-25,7.32,7.35,7.36,7.3,28707,21032107.0,0.82,0.0,0.0,0.25
2017-10-26,7.33,7.37,7.4,7.32,31210,22953181.0,1.09,0.27,0.02,0.27
2017-10-27,7.36,7.22,7.39,7.2,38853,28308901.0,2.58,-2.04,-0.15,0.34
2017-10-30,7.23,7.1,7.25,7.02,46749,33128523.0,3.19,-1.66,-0.12,0.41
2017-10-31,7.1,7.11,7.15,7.07,28044,19935367.0,1.13,0.14,0.01,0.25
2017-11-01,7.11,7.16,7.18,7.1,26609,19019059.0,1.13,0.7,0.05,0.23
2017-11-02,7.13,7.14,7.16,7.05,32301,22981300.0,1.54,-0.28,-0.02,0.28
2017-11-03,7.11,7.06,7.15,7.02,33422,23611972.0,1.82,-1.12,-0.08,0.29
2017-11-06,7.05,7.09,7.13,6.98,33589,23615170.0,2.12,0.42,0.03,0.29
2017-11-07,7.08,7.1,7.1,7.01,31919,22481249.0,1.27,0.14,0.01,0.28
2017-11-08,7.1,7.08,7.14,7.05,29070,20644859.0,1.27,-0.28,-0.02,0.26
2017-11-09,7.08,7.11,7.14,7.05,28209,19994455.0,1.27,0.42,0.03,0.25
2017-11-10,7.09,7.13,7.13,7.04,28168,19966361.0,1.27,0.28,0.02,0.25
2017-11-13,7.1,7.07,7.12,7.06,19468,13792024.0,0.84,-0.84,-0.06,0.17
2017-11-14,7.07,6.95,7.07,6.92,51482,35966086.0,2.12,-1.7,-0.12,0.45
2017-11-15,6.92,6.91,6.96,6.88,25788,17831001.0,1.15,-0.58,-0.04,0.23
2017-11-16,6.87,6.83,6.9,6.8,33855,23249919.0,1.45,-1.16,-0.08,0.3
2017-11-17,6.85,6.67,6.94,6.63,39590,26878764.0,4.54,-2.34,-0.16,0.35
2017-11-20,6.68,6.71,6.72,6.57,27583,18332426.0,2.25,0.6,0.04,0.24
2017-11-21,6.74,6.68,6.79,6.62,37211,24883208.0,2.53,-0.45,-0.03,0.33
2017-11-22,6.68,6.66,6.72,6.6,44328,29464334.0,1.8,-0.3,-0.02,0.39
2017-11-23,6.64,6.58,6.68,6.57,26123,17343479.0,1.65,-1.2,-0.08,0.23
2017-11-24,6.62,6.57,6.62,6.52,27387,17984904.0,1.52,-0.15,-0.01,0.24
2017-11-27,6.58,6.46,6.58,6.45,28462,18488531.0,1.98,-1.67,-0.11,0.25
2017-11-28,6.45,6.5,6.52,6.43,32831,21235534.0,1.39,0.62,0.04,0.29
2017-11-29,6.5,6.53,6.55,6.45,31458,20419476.0,1.54,0.46,0.03,0.28
2017-11-30,6.51,6.49,6.52,6.46,21454,13919574.0,0.92,-0.61,-0.04,0.19
2017-12-01,6.49,6.55,6.56,6.46,23959,15646748.0,1.54,0.92,0.06,0.21
2017-12-04,6.54,6.42,6.54,6.4,28125,18175130.0,2.14,-1.98,-0.13,0.25
2017-12-05,6.42,6.3,6.45,6.25,35614,22559776.0,3.12,-1.87,-0.12,0.31
2017-12-06,6.3,6.29,6.33,6.19,34074,21249342.0,2.22,-0.16,-0.01,0.3
2017-12-07,6.25,6.49,6.59,6.23,66282,42386854.0,5.72,3.18,0.2,0.58
2017-12-08,6.36,6.38,6.43,6.34,55278,35197632.0,1.39,-1.69,-0.11,0.49
2017-12-11,6.36,6.39,6.39,6.35,36680,23338517.0,0.63,0.16,0.01,0.32
2017-12-12,6.37,6.26,6.4,6.25,29719,18738867.0,2.35,-2.03,-0.13,0.26
2017-12-13,6.25,6.27,6.28,6.22,19037,11906247.0,0.96,0.16,0.01,0.17
2017-12-14,6.25,6.25,6.29,6.22,23931,14970166.0,1.12,-0.32,-0.02,0.21
2017-12-15,6.23,6.19,6.23,6.14,28801,17812656.0,1.44,-0.96,-0.06,0.25
2017-12-18,6.2,6.15,6.23,6.13,21264,13142204.0,1.62,-0.65,-0.04,0.19
2017-12-19,6.15,6.2,6.2,6.15,15543,9616466.0,0.81,0.81,0.05,0.14
2017-12-20,6.18,6.12,6.21,6.12,18194,11196283.0,1.45,-1.29,-0.08,0.16
2017-12-21,6.13,6.15,6.16,6.09,23290,14257843.0,1.14,0.49,0.03,0.2
2017-12-22,6.12,6.12,6.15,6.07,27831,16977623.0,1.3,-0.49,-0.03,0.24
2017-12-25,6.12,5.99,6.13,5.94,44859,27062199.0,3.1,-2.12,-0.13,0.39
2017-12-26,5.94,6.03,6.04,5.94,17400,10433564.0,1.67,0.67,0.04,0.15
2017-12-27,5.97,6.04,6.09,5.97,18326,11072883.0,1.99,0.17,0.01,0.16
2017-12-28,6.03,6.09,6.15,6.02,39032,23754222.0,2.15,0.83,0.05,0.34
2017-12-29,6.09,5.91,6.09,5.86,103350,61682506.0,3.78,-2.96,-0.18,0.91
2018-01-02,5.92,6.06,6.06,5.91,70445,42193250.0,2.54,2.54,0.15,0.62
2018-01-03,6.03,6.18,6.19,6.02,76837,46911009.0,2.81,1.98,0.12,0.67
2018-01-04,6.18,6.19,6.2,6.11,49388,30346040.0,1.46,0.16,0.01,0.43
2018-01-05,6.19,6.31,6.39,6.13,92778,58397498.0,4.2,1.94,0.12,0.81
2018-01-08,6.29,6.36,6.44,6.25,81889,52130406.0,3.01,0.79,0.05,0.72
2018-01-09,6.32,6.39,6.43,6.29,70627,45015266.0,2.2,0.47,0.03,0.62
2018-01-10,6.37,6.29,6.37,6.23,57632,36258160.0,2.19,-1.56,-0.1,0.51
2018-01-11,6.27,6.28,6.32,6.19,40611,25327645.0,2.07,-0.16,-0.01,0.36
2018-01-12,6.28,6.41,6.57,6.23,104402,67436549.0,5.41,2.07,0.13,0.92
2018-01-15,6.35,6.23,6.4,6.17,63973,40002611.0,3.59,-2.81,-0.18,0.56
2018-01-16,6.35,6.62,6.66,6.35,172852,112509039.0,4.98,6.26,0.39,1.52
2018-01-17,6.65,6.55,6.85,6.51,163866,109006903.0,5.14,-1.06,-0.07,1.44
2018-01-18,6.5,6.57,6.63,6.42,67171,43868107.0,3.21,0.31,0.02,0.59
2018-01-19,6.55,6.57,6.65,6.48,57253,37588839.0,2.59,0.0,0.0,0.5
2018-01-22,6.55,6.57,6.58,6.5,45227,29593307.0,1.22,0.0,0.0,0.4
2018-01-23,6.58,6.6,6.71,6.57,46918,31091657.0,2.13,0.46,0.03,0.41
2018-01-24,6.57,6.62,6.72,6.54,55160,36479879.0,2.73,0.3,0.02,0.48
2018-01-25,6.62,6.57,6.62,6.56,42259,27821731.0,0.91,-0.76,-0.05,0.37
2018-01-26,6.56,6.55,6.62,6.54,33734,22166585.0,1.22,-0.3,-0.02,0.3
2018-01-29,6.54,6.4,6.55,6.39,58007,37499497.0,2.44,-2.29,-0.15,0.51
2018-01-30,6.38,6.46,6.47,6.36,36936,23714136.0,1.72,0.94,0.06,0.32
2018-01-31,6.49,6.38,6.49,6.34,41309,26443529.0,2.32,-1.24,-0.08,0.36
2018-02-01,6.32,5.97,6.39,5.92,101766,62132631.0,7.37,-6.43,-0.41,0.89
2018-02-02,5.99,5.98,5.99,5.86,58934,34884751.0,2.18,0.17,0.01,0.52
2018-02-05,5.92,6.05,6.09,5.87,37189,22215816.0,3.68,1.17,0.07,0.33
2018-02-06,6.05,5.72,6.05,5.63,81508,47491265.0,6.94,-5.45,-0.33,0.72
2018-02-07,5.8,5.76,5.85,5.6,46014,26514508.0,4.37,0.7,0.04,0.4
2018-02-08,5.8,5.81,5.83,5.62,29938,17287707.0,3.65,0.87,0.05,0.26
2018-02-09,5.69,5.65,5.76,5.5,50835,28567589.0,4.48,-2.75,-0.16,0.45
2018-02-12,5.66,5.69,5.73,5.66,24064,13712986.0,1.24,0.71,0.04,0.21
2018-02-13,5.7,5.8,5.83,5.7,31268,18086158.0,2.28,1.93,0.11,0.27
2018-02-14,5.78,5.81,5.82,5.73,14591,8427163.0,1.55,0.17,0.01,0.13
2018-02-22,5.81,5.84,5.85,5.81,22214,12951229.0,0.69,0.52,0.03,0.2
2018-02-23,5.84,5.84,5.86,5.81,22258,12981521.0,0.86,0.0,0.0,0.2
2018-02-26,5.85,5.89,5.91,5.82,25298,14841190.0,1.54,0.86,0.05,0.22
2018-02-27,5.89,5.94,5.97,5.86,33583,19914857.0,1.87,0.85,0.05,0.29
2018-02-28,5.9,5.94,5.97,5.85,25228,14953348.0,2.02,0.0,0.0,0.22
2018-03-01,5.9,6.11,6.11,5.88,54988,33246821.0,3.87,2.86,0.17,0.48
2018-03-02,6.06,6.12,6.12,5.97,31550,19161299.0,2.45,0.16,0.01,0.28
2018-03-05,6.08,6.25,6.32,6.08,53116,33094421.0,3.92,2.12,0.13,0.47
2018-03-06,6.23,6.26,6.27,6.15,40744,25302330.0,1.92,0.16,0.01,0.36
2018-03-07,6.21,6.19,6.26,6.18,28269,17531798.0,1.28,-1.12,-0.07,0.25
2018-03-08,6.2,6.22,6.27,6.18,27347,17005848.0,1.45,0.48,0.03,0.24
2018-03-09,6.2,6.29,6.31,6.19,39834,24992039.0,1.93,1.13,0.07,0.35
2018-03-12,6.29,6.37,6.38,6.29,45899,29091076.0,1.43,1.27,0.08,0.4
2018-03-13,6.35,6.25,6.37,6.24,32744,20581875.0,2.04,-1.88,-0.12,0.29
2018-03-14,6.25,6.26,6.3,6.2,35662,22271310.0,1.6,0.16,0.01,0.31
2018-03-15,6.26,6.23,6.32,6.18,40962,25636413.0,2.24,-0.48,-0.03,0.36
2018-03-16,6.2,6.46,6.5,6.2,108893,69549011.0,4.82,3.69,0.23,0.96
2018-03-19,6.56,6.5,6.77,6.49,142281,94123828.0,4.33,0.62,0.04,1.25
2018-03-20,6.44,6.37,6.44,6.27,70434,44737734.0,2.62,-2.0,-0.13,0.62
2018-03-21,6.34,6.61,6.74,6.33,118194,77529107.0,6.44,3.77,0.24,1.04
2018-03-22,6.95,6.67,7.19,6.66,227149,155988796.0,8.02,0.91,0.06,1.99
2018-03-23,6.4,6.4,6.54,6.22,142309,91242411.0,4.8,-4.05,-0.27,1.25
2018-03-26,6.28,6.54,6.55,6.25,82821,53505502.0,4.69,2.19,0.14,0.73
2018-03-27,6.55,6.62,6.67,6.54,62106,41079006.0,1.99,1.22,0.08,0.55
2018-03-28,6.48,6.61,6.73,6.47,53688,35321696.0,3.93,-0.15,-0.01,0.47
2018-03-29,6.61,6.64,6.71,6.57,48227,32004719.0,2.12,0.45,0.03,0.42
2018-03-30,6.62,6.67,6.7,6.62,53577,35722756.0,1.2,0.45,0.03,0.47
2018-04-02,6.7,6.9,6.92,6.69,104805,71858490.0,3.45,3.45,0.23,0.92
2018-04-03,6.83,6.9,7.08,6.8,84109,58277302.0,4.06,0.0,0.0,0.74
2018-04-04,6.9,6.81,6.95,6.75,73267,50246230.0,2.9,-1.3,-0.09,0.64
2018-04-09,6.79,6.76,6.83,6.71,49476,33385504.0,1.76,-0.73,-0.05,0.43
2018-04-10,6.74,6.89,6.9,6.73,48363,33033866.0,2.51,1.92,0.13,0.42
2018-04-11,6.91,6.84,6.97,6.8,47176,32409938.0,2.47,-0.73,-0.05,0.41
2018-04-12,6.77,6.82,6.88,6.77,39574,27022167.0,1.61,-0.29,-0.02,0.35
2018-04-13,6.71,6.75,6.88,6.71,40926,27801829.0,2.49,-1.03,-0.07,0.36
2018-04-16,6.73,6.74,6.8,6.67,58257,39147373.0,1.93,-0.15,-0.01,0.51
2018-04-17,6.75,6.7,6.81,6.7,43112,29142495.0,1.63,-0.59,-0.04,0.38
2018-04-18,6.77,6.63,6.77,6.54,50236,33199372.0,3.43,-1.04,-0.07,0.44
2018-04-19,6.6,6.63,6.69,6.56,24375,16187662.0,1.96,0.0,0.0,0.21
2018-04-20,6.63,6.41,6.68,6.4,38131,24817172.0,4.22,-3.32,-0.22,0.33
2018-04-23,6.4,6.43,6.51,6.38,27236,17558311.0,2.03,0.31,0.02,0.24
2018-04-24,6.42,6.54,6.58,6.42,40390,26353514.0,2.49,1.71,0.11,0.35
2018-04-25,6.51,6.68,6.73,6.51,47115,31208742.0,3.36,2.14,0.14,0.41
2018-04-26,6.71,6.59,6.74,6.48,42985,28516088.0,3.89,-1.35,-0.09,0.38
2018-04-27,6.53,6.63,6.64,6.46,35577,23353826.0,2.73,0.61,0.04,0.31
2018-05-02,6.6,6.65,6.68,6.52,47452,31450891.0,2.41,0.3,0.02,0.42
2018-05-03,6.65,6.63,6.66,6.53,41357,27320690.0,1.95,-0.3,-0.02,0.36
2018-05-04,6.63,6.61,6.63,6.58,21941,14481303.0,0.75,-0.3,-0.02,0.19
2018-05-07,6.6,6.67,6.68,6.58,36781,24422150.0,1.51,0.91,0.06,0.32
2018-05-08,6.68,6.79,6.79,6.66,43917,29587419.0,1.95,1.8,0.12,0.39
2018-05-09,6.78,6.8,6.81,6.72,29529,19990067.0,1.33,0.15,0.01,0.26
2018-05-10,6.8,6.85,6.87,6.75,36668,25038741.0,1.76,0.74,0.05,0.32
2018-05-11,6.72,6.61,6.75,6.6,24848,16548308.0,2.19,-3.5,-0.24,0.22
2018-05-14,6.6,6.51,6.6,6.5,24864,16263207.0,1.51,-1.51,-0.1,0.22
2018-05-15,6.52,6.48,6.53,6.45,24039,15576711.0,1.23,-0.46,-0.03,0.21
2018-05-16,6.48,6.48,6.51,6.44,13648,8854868.0,1.08,0.0,0.0,0.12
2018-05-17,6.48,6.4,6.52,6.39,27581,17738488.0,2.01,-1.23,-0.08,0.24
2018-05-18,6.4,6.44,6.48,6.36,26546,17027226.0,1.88,0.63,0.04,0.23
2018-05-21,6.45,6.5,6.53,6.45,23073,14980981.0,1.24,0.93,0.06,0.2
2018-05-22,6.52,6.49,6.53,6.42,24118,15616473.0,1.69,-0.15,-0.01,0.21
2018-05-23,6.43,6.43,6.47,6.41,17047,10980640.0,0.92,-0.92,-0.06,0.15
2018-05-24,6.45,6.37,6.45,6.34,26166,16742613.0,1.71,-0.93,-0.06,0.23
2018-05-25,6.39,6.32,6.42,6.3,30224,19172386.0,1.88,-0.78,-0.05,0.27
2018-05-28,6.29,6.15,6.31,6.12,45276,28120985.0,3.01,-2.69,-0.17,0.38
2018-05-29,6.24,6.35,6.39,6.22,33435,21162011.0,2.76,3.25,0.2,0.28
2018-05-30,6.29,6.13,6.34,6.12,44875,28071976.0,3.46,-3.46,-0.22,0.38
2018-05-31,6.25,6.37,6.43,6.23,48036,30514246.0,3.26,3.92,0.24,0.4
2018-06-01,6.31,6.34,6.4,6.28,28869,18280750.0,1.88,-0.47,-0.03,0.24
2018-06-04,6.44,6.61,6.69,6.36,120470,79210440.0,5.21,4.26,0.27,1.01
2018-06-05,6.62,6.63,6.7,6.56,56034,37059701.0,2.12,0.3,0.02,0.47
2018-06-06,6.61,6.59,6.65,6.53,44300,29123270.0,1.81,-0.6,-0.04,0.37
2018-06-07,6.58,6.59,6.65,6.57,39637,26234874.0,1.21,0.0,0.0,0.33
2018-06-08,6.69,6.61,6.83,6.61,88186,59432781.0,3.34,0.3,0.02,0.74
2018-06-11,6.6,6.51,6.65,6.47,48581,31713971.0,2.72,-1.51,-0.1,0.41
2018-06-12,6.55,6.64,6.67,6.49,41887,27627997.0,2.76,2.0,0.13,0.35
2018-06-13,6.65,6.52,6.68,6.49,39378,25948110.0,2.86,-1.81,-0.12,0.33
2018-06-14,6.5,6.49,6.59,6.47,28252,18416505.0,1.84,-0.46,-0.03,0.24
2018-06-15,6.49,6.37,6.55,6.33,34085,21902599.0,3.39,-1.85,-0.12,0.29
2018-06-19,6.33,5.87,6.35,5.73,71412,43110178.0,9.73,-7.85,-0.5,0.6
2018-06-20,5.85,5.92,5.96,5.73,42612,24964942.0,3.92,0.85,0.05,0.36
2018-06-21,5.88,5.91,6.09,5.85,43981,26182976.0,4.05,-0.17,-0.01,0.37
2018-06-22,5.92,6.08,6.12,5.8,57193,34461242.0,5.41,2.88,0.17,0.48
2018-06-25,6.17,6.09,6.21,6.05,29895,18259806.0,2.63,0.16,0.01,0.25
2018-06-26,6.07,6.09,6.1,5.97,15492,9370543.0,2.13,0.0,0.0,0.13
2018-06-27,6.1,6.01,6.13,5.93,26382,15864609.0,3.28,-1.31,-0.08,0.22
2018-06-28,5.93,5.93,6.03,5.92,21449,12815166.0,1.83,-1.33,-0.08,0.18
2018-06-29,5.92,6.05,6.06,5.91,15183,9114702.0,2.53,2.02,0.12,0.13
2018-07-02,6.05,5.88,6.08,5.83,27178,16104954.0,4.13,-2.81,-0.17,0.23
2018-07-03,5.87,6.02,6.06,5.85,30054,17989415.0,3.57,2.38,0.14,0.25
2018-07-04,6.07,5.99,6.07,5.91,11846,7093582.0,2.66,-0.5,-0.03,0.1
2018-07-05,5.97,5.96,6.03,5.93,15390,9220273.0,1.67,-0.5,-0.03,0.13
2018-07-06,5.95,6.23,6.55,5.8,112704,71023381.0,12.58,4.53,0.27,0.94
2018-07-09,6.21,6.28,6.31,6.21,27973,17510102.0,1.61,0.8,0.05,0.23
2018-07-10,6.29,6.26,6.3,6.2,24908,15559789.0,1.59,-0.32,-0.02,0.21
2018-07-11,6.23,6.0,6.23,5.99,45591,27674452.0,3.83,-4.15,-0.26,0.38
2018-07-12,6.05,6.14,6.17,6.01,23650,14485803.0,2.67,2.33,0.14,0.2
2018-07-13,6.15,6.14,6.16,6.1,18931,11614150.0,0.98,0.0,0.0,0.16
2018-07-16,6.16,6.15,6.19,6.11,16473,10148630.0,1.3,0.16,0.01,0.14
2018-07-17,6.13,6.11,6.15,6.06,13997,8543193.0,1.46,-0.65,-0.04,0.12
2018-07-18,6.1,6.07,6.16,6.07,11231,6860063.0,1.47,-0.65,-0.04,0.09
2018-07-19,6.1,6.01,6.12,5.97,18431,11117921.0,2.47,-0.99,-0.06,0.15
2018-07-20,6.0,6.08,6.1,5.99,12611,7622707.0,1.83,1.16,0.07,0.11
2018-07-23,6.03,6.09,6.11,6.0,15262,9238953.0,1.81,0.16,0.01,0.13
2018-07-24,6.1,6.17,6.19,6.08,24507,15094502.0,1.81,1.31,0.08,0.21
2018-07-25,6.17,6.15,6.2,6.13,15037,9262635.0,1.13,-0.32,-0.02,0.13
2018-07-26,6.13,6.15,6.19,6.12,14930,9183011.0,1.14,0.0,0.0,0.13
2018-07-27,6.13,6.04,6.15,6.03,33137,20166303.0,1.95,-1.79,-0.11,0.28
2018-07-30,6.03,6.02,6.09,6.01,21577,13012437.0,1.32,-0.33,-0.02,0.18
2018-07-31,6.01,6.03,6.06,6.0,9417,5677322.0,1.0,0.17,0.01,0.08
2018-08-01,6.03,5.96,6.07,5.95,17657,10600074.0,1.99,-1.16,-0.07,0.15
2018-08-02,5.94,5.84,5.99,5.76,25868,15070759.0,3.86,-2.01,-0.12,0.22
2018-08-03,5.82,5.82,5.87,5.81,9857,5753119.0,1.03,-0.34,-0.02,0.08
2018-08-06,5.82,5.77,5.85,5.72,12819,7421412.0,2.23,-0.86,-0.05,0.11
2018-08-07,5.78,5.86,5.86,5.73,15872,9244080.0,2.25,1.56,0.09,0.13
2018-08-08,5.86,5.81,5.87,5.79,10113,5882902.0,1.37,-0.85,-0.05,0.08
2018-08-09,5.88,5.88,5.91,5.81,18523,10887227.0,1.72,1.2,0.07,0.16
2018-08-10,5.87,5.89,5.96,5.84,18043,10643056.0,2.04,0.17,0.01,0.15
2018-08-13,5.89,5.82,5.89,5.75,20974,12153982.0,2.38,-1.19,-0.07,0.18
2018-08-14,5.8,5.85,5.87,5.77,10267,5979327.0,1.72,0.52,0.03,0.09
2018-08-15,5.86,5.78,5.86,5.75,10693,6181896.0,1.88,-1.2,-0.07,0.09
2018-08-16,5.76,5.72,5.77,5.68,13688,7827589.0,1.56,-1.04,-0.06,0.11
2018-08-17,5.72,5.65,5.77,5.64,12584,7171805.0,2.27,-1.22,-0.07,0.11
2018-08-20,5.63,5.65,5.67,5.51,23248,12983081.0,2.83,0.0,0.0,0.19
2018-08-21,5.63,5.83,5.91,5.61,44768,26127909.0,5.31,3.19,0.18,0.37
2018-08-22,5.8,5.82,5.89,5.79,18272,10669626.0,1.72,-0.17,-0.01,0.15
2018-08-23,5.77,5.79,5.84,5.77,9185,5332942.0,1.2,-0.52,-0.03,0.08
2018-08-24,5.81,5.79,5.81,5.75,7558,4377262.0,1.04,0.0,0.0,0.06
2018-08-27,5.79,5.83,5.84,5.78,14505,8436768.0,1.04,0.69,0.04,0.12
2018-08-28,5.84,5.79,5.87,5.78,9272,5392590.0,1.54,-0.69,-0.04,0.08
2018-08-29,5.81,5.8,5.84,5.77,8471,4910348.0,1.21,0.17,0.01,0.07
2018-08-30,5.82,5.77,5.85,5.74,15781,9162378.0,1.9,-0.52,-0.03,0.13
2018-08-31,5.76,5.75,5.82,5.75,10933,6327013.0,1.21,-0.35,-0.02,0.09
2018-09-03,5.79,5.76,5.81,5.68,16723,9612221.0,2.26,0.17,0.01,0.14
2018-09-04,5.75,5.87,5.92,5.74,38730,22641051.0,3.13,1.91,0.11,0.32
2018-09-05,5.87,5.83,5.91,5.83,20516,12046183.0,1.36,-0.68,-0.04,0.17
2018-09-06,5.82,5.86,5.9,5.79,16674,9784699.0,1.89,0.51,0.03,0.14
2018-09-07,5.87,5.87,5.9,5.83,11262,6611057.0,1.19,0.17,0.01,0.09
2018-09-10,5.87,5.77,5.89,5.77,17027,9895743.0,2.04,-1.7,-0.1,0.14
2018-09-11,5.79,5.83,5.88,5.73,18032,10473562.0,2.6,1.04,0.06,0.15
2018-09-12,5.82,5.93,6.2,5.8,86910,52040118.0,6.86,1.72,0.1,0.73
2018-09-13,5.92,5.88,5.97,5.84,35311,20776148.0,2.19,-0.84,-0.05,0.3
2018-09-14,5.88,5.85,5.91,5.8,40138,23514939.0,1.87,-0.51,-0.03,0.34
2018-09-17,5.85,5.76,5.85,5.74,14664,8471683.0,1.88,-1.54,-0.09,0.12
2018-09-18,5.79,5.83,5.84,5.72,38508,22346490.0,2.08,1.22,0.07,0.32
2018-09-19,5.81,5.88,5.93,5.77,48878,28795077.0,2.74,0.86,0.05,0.41
2018-09-20,5.87,5.88,5.92,5.75,58164,33989369.0,2.89,0.0,0.0,0.49
2018-09-21,5.82,5.91,5.95,5.82,64652,38133174.0,2.21,0.51,0.03,0.54
2018-09-25,5.86,5.89,5.91,5.83,24458,14393533.0,1.35,-0.34,-0.02,0.2
2018-09-26,5.88,5.88,5.92,5.8,59427,34848396.0,2.04,-0.17,-0.01,0.5
2018-09-27,5.85,5.74,5.88,5.72,37896,22046919.0,2.72,-2.38,-0.14,0.32
2018-09-28,5.75,5.75,5.85,5.73,34302,19809109.0,2.09,0.17,0.01,0.29
2018-10-08,5.71,5.64,5.72,5.6,27458,15566736.0,2.09,-1.91,-0.11,0.23
2018-10-09,5.69,5.57,5.69,5.55,21324,11940829.0,2.48,-1.24,-0.07,0.18
2018-10-10,5.58,5.5,5.6,5.48,34544,19135588.0,2.15,-1.26,-0.07,0.29
2018-10-11,5.38,4.97,5.4,4.95,53698,27470207.0,8.18,-9.64,-0.53,0.45
2018-10-12,4.91,4.89,4.98,4.71,35989,17507815.0,5.43,-1.61,-0.08,0.3
2018-10-15,4.82,4.65,4.93,4.65,27413,13208394.0,5.73,-4.91,-0.24,0.24
2018-10-16,4.7,4.56,4.73,4.53,25855,11964214.0,4.3,-1.94,-0.09,0.22
2018-10-17,4.59,4.57,4.63,4.45,24799,11283753.0,3.95,0.22,0.01,0.22
2018-10-18,4.52,4.49,4.58,4.45,16496,7449998.0,2.84,-1.75,-0.08,0.14
2018-10-19,4.42,4.58,4.64,4.4,31138,14104987.0,5.35,2.0,0.09,0.27
2018-10-22,4.6,4.87,5.04,4.59,89007,43496390.0,9.83,6.33,0.29,0.77
2018-10-23,4.87,4.72,4.9,4.69,34200,16377454.0,4.31,-3.08,-0.15,0.3
2018-10-24,4.66,4.77,4.84,4.66,18905,9018772.0,3.81,1.06,0.05,0.16
2018-10-25,4.7,4.78,4.78,4.61,17840,8387025.0,3.56,0.21,0.01,0.15
2018-10-26,4.78,4.83,4.98,4.77,37403,18256986.0,4.39,1.05,0.05,0.32
2018-10-29,4.83,4.78,4.9,4.77,22296,10757335.0,2.69,-1.04,-0.05,0.19
2018-10-30,4.83,4.83,4.85,4.74,16891,8113646.0,2.3,1.05,0.05,0.15
2018-10-31,4.8,4.86,4.91,4.8,25902,12628501.0,2.28,0.62,0.03,0.22
2018-11-01,4.89,4.9,4.98,4.86,39991,19727463.0,2.47,0.82,0.04,0.35
2018-11-02,4.91,5.01,5.02,4.9,39730,19748403.0,2.45,2.24,0.11,0.35
2018-11-05,5.0,5.51,5.51,4.95,250182,135006424.0,11.18,9.98,0.5,2.17
2018-11-06,5.71,5.99,6.06,5.71,433987,257603413.0,6.35,8.71,0.48,3.77
2018-11-07,5.75,5.6,5.8,5.52,303010,171229447.0,4.67,-6.51,-0.39,2.63
2018-11-08,5.55,5.54,5.7,5.47,179729,100153017.0,4.11,-1.07,-0.06,1.56
2018-11-09,5.5,5.84,6.09,5.46,439034,258409390.0,11.37,5.42,0.3,3.81
2018-11-12,5.77,5.87,5.99,5.66,281696,164268321.0,5.65,0.51,0.03,2.45
2018-11-13,5.78,5.86,6.15,5.71,311021,185202696.0,7.5,-0.17,-0.01,2.7
2018-11-14,5.81,5.98,6.17,5.77,315453,189204134.0,6.83,2.05,0.12,2.74
2018-11-15,6.01,6.58,6.58,6.0,618253,397247296.0,9.7,10.03,0.6,5.37
2018-11-16,6.58,6.9,7.22,6.42,701992,477844000.0,12.16,4.86,0.32,6.1
2018-11-19,6.8,6.54,6.97,6.44,446703,297672496.0,7.68,-5.22,-0.36,3.88
2018-11-20,6.35,6.22,6.4,6.18,272316,171372666.0,3.36,-4.89,-0.32,2.37
2018-11-21,6.14,6.27,6.44,6.1,267173,167974461.0,5.47,0.8,0.05,2.32
2018-11-22,6.29,6.31,6.43,6.13,243995,153012366.0,4.78,0.64,0.04,2.12
2018-11-23,6.13,5.81,6.15,5.79,259785,154627338.0,5.71,-7.92,-0.5,2.26
2018-11-26,5.81,5.97,5.98,5.77,189660,111707738.0,3.61,2.75,0.16,1.65
2018-11-27,6.5,6.3,6.57,6.19,579490,373477920.0,6.37,5.53,0.33,5.03
2018-11-28,6.27,5.99,6.27,5.8,483055,288810592.0,7.46,-4.92,-0.31,4.2
2018-11-29,5.97,5.84,6.08,5.84,267588,159591149.0,4.01,-2.5,-0.15,2.32
2018-11-30,5.87,5.75,5.88,5.62,180708,103558599.0,4.45,-1.54,-0.09,1.57
2018-12-03,5.89,5.88,5.97,5.8,243910,143801922.0,2.96,2.26,0.13,2.12
2018-12-04,5.88,6.0,6.07,5.82,260318,155337249.0,4.25,2.04,0.12,2.26
2018-12-05,5.74,5.76,5.8,5.66,203024,116368054.0,2.33,-4.0,-0.24,1.76
2018-12-06,5.71,5.63,5.76,5.6,107126,60676561.0,2.78,-2.26,-0.13,0.93
2018-12-07,5.66,5.63,5.68,5.6,57257,32274203.0,1.42,0.0,0.0,0.5
2018-12-10,5.58,5.49,5.6,5.41,108709,59858631.0,3.37,-2.49,-0.14,0.94
2018-12-11,5.53,5.51,5.57,5.44,72946,40064611.0,2.37,0.36,0.02,0.63
2018-12-12,5.51,5.58,5.62,5.51,90206,50141888.0,2.0,1.27,0.07,0.78
2018-12-13,5.63,5.59,5.64,5.55,83397,46720071.0,1.61,0.18,0.01,0.72
2018-12-14,5.57,5.37,5.59,5.35,93648,51196467.0,4.29,-3.94,-0.22,0.81
2018-12-17,5.39,5.48,5.53,5.36,119353,64917738.0,3.17,2.05,0.11,1.04
2018-12-18,5.47,5.47,5.51,5.38,68763,37487045.0,2.37,-0.18,-0.01,0.6
2018-12-19,5.49,5.44,5.52,5.4,64710,35302545.0,2.19,-0.55,-0.03,0.56
2018-12-20,5.42,5.61,5.66,5.41,156636,87259314.0,4.6,3.13,0.17,1.36
2018-12-21,5.55,5.43,5.55,5.37,114889,62623992.0,3.21,-3.21,-0.18,1.0
2018-12-24,5.4,5.39,5.43,5.33,60885,32720409.0,1.84,-0.74,-0.04,0.53
2018-12-25,5.32,5.36,5.42,5.17,121054,63925147.0,4.64,-0.56,-0.03,1.05
2018-12-26,5.32,5.5,5.6,5.26,157073,84972627.0,6.34,2.61,0.14,1.36
2018-12-27,5.52,5.27,5.52,5.27,113518,61356560.0,4.55,-4.18,-0.23,0.99
2018-12-28,5.26,5.26,5.34,5.23,64663,34202333.0,2.09,-0.19,-0.01,0.56
2019-01-02,5.28,5.29,5.35,5.21,81224,42959990.0,2.66,0.57,0.03,0.71
2019-01-03,5.26,5.11,5.36,5.08,115395,60008496.0,5.29,-3.4,-0.18,1.0
2019-01-04,5.08,5.25,5.25,5.03,114507,59355155.0,4.31,2.74,0.14,0.99
2019-01-07,5.29,5.31,5.34,5.24,99025,52497582.0,1.9,1.14,0.06,0.86
2019-01-08,5.31,5.31,5.39,5.29,76604,40876091.0,1.88,0.0,0.0,0.67
2019-01-09,5.33,5.37,5.47,5.25,127151,68246625.0,4.14,1.13,0.06,1.1
2019-01-10,5.36,5.32,5.4,5.31,73373,39276813.0,1.68,-0.93,-0.05,0.64
2019-01-11,5.33,5.67,5.67,5.25,217569,118585034.0,7.89,6.58,0.35,1.89
2019-01-14,5.55,5.56,5.75,5.54,244167,137884854.0,3.7,-1.94,-0.11,2.12
2019-01-15,5.55,5.6,5.62,5.43,125820,69582293.0,3.42,0.72,0.04,1.09
2019-01-16,5.66,5.76,5.83,5.59,236244,135361365.0,4.29,2.86,0.16,2.05
2019-01-17,5.7,5.81,5.89,5.68,251257,145600480.0,3.65,0.87,0.05,2.18
2019-01-18,5.77,5.67,5.77,5.6,167681,94862846.0,2.93,-2.41,-0.14,1.46
2019-01-21,5.62,5.64,5.69,5.58,81998,46207271.0,1.94,-0.53,-0.03,0.71
2019-01-22,5.65,5.55,5.69,5.52,92127,51677017.0,3.01,-1.6,-0.09,0.8
2019-01-23,5.55,5.62,5.66,5.49,99873,55667143.0,3.06,1.26,0.07,0.87
2019-01-24,5.72,5.61,5.79,5.6,148064,84420446.0,3.38,-0.18,-0.01,1.29
2019-01-25,5.55,5.5,5.66,5.5,101985,56784169.0,2.85,-1.96,-0.11,0.89
2019-01-28,5.55,5.51,5.6,5.49,72099,39871441.0,2.0,0.18,0.01,0.63
2019-01-29,5.51,5.3,5.51,5.22,94282,50123640.0,5.26,-3.81,-0.21,0.82
2019-01-30,5.28,5.23,5.34,5.21,51433,27123405.0,2.45,-1.32,-0.07,0.45
2019-01-31,5.27,5.14,5.31,5.06,66511,34572717.0,4.78,-1.72,-0.09,0.58
2019-02-01,5.17,5.28,5.28,5.14,49397,25767597.0,2.72,2.72,0.14,0.43
2019-02-11,5.29,5.4,5.42,5.26,69617,37257228.0,3.03,2.27,0.12,0.6
2019-02-12,5.41,5.42,5.48,5.36,88824,48126726.0,2.22,0.37,0.02,0.77
2019-02-13,5.46,5.59,5.62,5.44,128449,71201071.0,3.32,3.14,0.17,1.12
2019-02-14,5.62,5.7,5.84,5.59,234716,134429336.0,4.47,1.97,0.11,2.04
2019-02-15,5.68,5.68,5.9,5.62,156581,89644612.0,4.91,-0.35,-0.02,1.36
2019-02-18,5.7,5.8,5.82,5.69,165811,95527271.0,2.29,2.11,0.12,1.44
2019-02-19,5.8,5.83,5.93,5.74,202494,118043718.0,3.28,0.52,0.03,1.76
2019-02-20,5.79,5.77,5.81,5.67,126410,72689427.0,2.4,-1.03,-0.06,1.1
2019-02-21,5.75,5.77,5.96,5.73,198626,115938969.0,3.99,0.0,0.0,1.73
2019-02-22,5.75,6.06,6.06,5.72,270257,160723803.0,5.89,5.03,0.29,2.35
2019-02-25,6.27,6.42,6.47,6.14,424039,268099288.0,5.45,5.94,0.36,3.68
2019-02-26,6.39,6.19,6.39,6.16,414387,260320460.0,3.58,-3.58,-0.23,3.6
2019-02-27,6.21,6.55,6.59,6.19,445033,284467056.0,6.46,5.82,0.36,3.87
2019-02-28,6.52,6.25,6.52,6.19,311703,197747996.0,5.04,-4.58,-0.3,2.71
2019-03-01,6.24,6.26,6.29,6.14,193297,120164619.0,2.4,0.16,0.01,1.68
2019-03-04,6.38,6.35,6.53,6.29,331818,212064422.0,3.83,1.44,0.09,2.88
2019-03-05,6.31,6.68,6.77,6.29,464308,303372544.0,7.56,5.2,0.33,4.03
2019-03-06,6.73,6.66,6.85,6.51,395966,262802988.0,5.09,-0.3,-0.02,3.44
2019-03-07,6.67,7.33,7.33,6.59,838986,598674560.0,11.11,10.06,0.67,7.29
2019-03-08,7.21,7.46,8.05,7.01,898487,680158624.0,14.19,1.77,0.13,7.8
2019-03-11,7.42,7.76,7.9,7.36,545354,418835552.0,7.24,4.02,0.3,4.74
2019-03-12,7.76,8.32,8.48,7.6,819968,663084288.0,11.34,7.22,0.56,7.12
2019-03-13,8.3,8.06,8.75,7.88,927192,780341744.0,10.46,-3.13,-0.26,8.05
2019-03-14,7.83,7.52,8.12,7.33,564221,430308304.0,9.8,-6.7,-0.54,4.9
2019-03-15,7.5,7.81,7.95,7.46,744805,576973072.0,6.52,3.86,0.29,6.47
2019-03-18,8.12,7.84,8.13,7.61,471359,369100640.0,6.66,0.38,0.03,4.09
2019-03-19,7.78,8.27,8.36,7.67,637562,508340816.0,8.8,5.48,0.43,5.54
2019-03-20,8.12,8.24,8.57,8.05,621368,515197632.0,6.29,-0.36,-0.03,5.4
2019-03-21,8.18,8.33,8.54,8.06,705914,589941536.0,5.83,1.09,0.09,6.13
2019-03-22,8.27,8.47,8.47,8.04,566847,468952144.0,5.16,1.68,0.14,4.92
2019-03-25,8.26,8.15,8.53,8.1,520195,431945552.0,5.08,-3.78,-0.32,4.52
2019-03-26,8.19,7.62,8.24,7.5,499017,388436864.0,9.08,-6.5,-0.53,4.33
2019-03-27,7.7,7.52,7.71,7.43,248586,187726242.0,3.67,-1.31,-0.1,2.16
2019-03-28,7.52,7.27,7.56,7.21,271245,200575032.0,4.65,-3.32,-0.25,2.36
2019-03-29,7.3,7.5,7.52,7.16,278296,205765247.0,4.95,3.16,0.23,2.42
2019-04-01,7.52,7.66,7.73,7.52,319356,244375926.0,2.8,2.13,0.16,2.77
2019-04-02,7.71,7.76,7.94,7.6,398038,309298432.0,4.44,1.31,0.1,3.46
2019-04-03,7.67,7.89,7.92,7.64,300621,235211573.0,3.61,1.68,0.13,2.61
2019-04-04,7.97,8.16,8.27,7.75,530002,424666448.0,6.59,3.42,0.27,4.6
2019-04-08,8.25,7.89,8.25,7.81,345201,276807472.0,5.39,-3.31,-0.27,3.0
2019-04-09,7.84,7.97,8.03,7.82,215533,171112307.0,2.66,1.01,0.08,1.87
2019-04-10,7.97,8.77,8.77,7.9,810911,693764336.0,10.92,10.04,0.8,7.04
2019-04-11,9.65,9.65,9.65,9.21,1624863,1559093040.0,5.02,10.03,0.88,14.11
2019-04-12,8.99,9.2,9.63,8.79,1233865,1136933328.0,8.7,-4.66,-0.45,10.72
2019-04-15,9.01,9.31,9.76,9.0,1060817,996180368.0,8.26,1.2,0.11,9.21
2019-04-16,9.03,9.09,9.17,8.67,731350,654705200.0,5.37,-2.36,-0.22,6.35
2019-04-17,9.03,9.24,9.72,8.87,849570,791680880.0,9.35,1.65,0.15,7.38
2019-04-18,9.02,8.86,9.2,8.8,596685,534998688.0,4.33,-4.11,-0.38,5.18
2019-04-19,8.74,8.69,8.86,8.46,457224,394828160.0,4.51,-1.92,-0.17,3.97
2019-04-22,8.72,8.61,8.94,8.44,419440,365895808.0,5.75,-0.92,-0.08,3.64
2019-04-23,8.58,8.93,9.16,8.51,655431,585025792.0,7.55,3.72,0.32,5.69
2019-04-24,8.88,8.71,8.89,8.48,355469,308553472.0,4.59,-2.46,-0.22,3.09
2019-04-25,8.56,8.61,8.95,8.51,466816,406564448.0,5.05,-1.15,-0.1,4.05
2019-04-26,8.54,8.82,8.87,8.53,445404,390151888.0,3.95,2.44,0.21,3.87
2019-04-29,8.89,7.94,8.95,7.94,576669,474748352.0,11.45,-9.98,-0.88,5.01
2019-04-30,7.66,8.08,8.15,7.66,275816,220448696.0,6.17,1.76,0.14,2.4
2019-05-06,7.52,7.27,7.73,7.27,314743,234554962.0,5.69,-10.02,-0.81,2.73
2019-05-07,7.35,7.07,7.4,6.82,339872,240857402.0,7.98,-2.75,-0.2,2.95
2019-05-08,6.83,7.11,7.35,6.77,295819,209487768.0,8.2,0.57,0.04,2.57
2019-05-09,7.0,7.01,7.24,6.94,214843,151999682.0,4.22,-1.41,-0.1,1.87
2019-05-10,7.13,7.39,7.42,6.98,383631,278318896.0,6.28,5.42,0.38,3.33
2019-05-13,7.3,7.76,8.05,7.23,439733,341650032.0,11.1,5.01,0.37,3.82
2019-05-14,7.66,7.69,8.05,7.58,389336,304234448.0,6.06,-0.9,-0.07,3.38
2019-05-15,7.79,7.89,8.04,7.73,396533,313570768.0,4.03,2.6,0.2,3.44
2019-05-16,7.81,7.78,7.88,7.65,306730,237794343.0,2.92,-1.39,-0.11,2.66
2019-05-17,7.78,7.47,7.87,7.35,298832,228547575.0,6.68,-3.98,-0.31,2.6
2019-05-20,7.43,7.59,7.72,6.98,311948,229213986.0,9.91,1.61,0.12,2.71
2019-05-21,7.53,7.65,7.78,7.53,261776,200956611.0,3.29,0.79,0.06,2.27
2019-05-22,7.66,7.62,7.78,7.51,269572,206180568.0,3.53,-0.39,-0.03,2.34
2019-05-23,7.46,7.73,8.24,7.35,469593,365449792.0,11.68,1.44,0.11,4.08
2019-05-24,7.6,7.36,7.63,7.31,274990,205497838.0,4.14,-4.79,-0.37,2.39
2019-05-27,7.34,7.55,7.61,7.28,192035,143294124.0,4.48,2.58,0.19,1.67
2019-05-28,7.89,8.31,8.31,7.82,387888,316501792.0,6.49,10.07,0.76,3.37
2019-05-29,9.14,8.32,9.14,8.28,1093277,954463584.0,10.35,0.12,0.01,9.5
2019-05-30,8.09,8.51,8.82,7.96,880256,734465920.0,10.34,2.28,0.19,7.65
2019-05-31,8.36,8.6,8.69,8.16,712581,601427808.0,6.23,1.06,0.09,6.19
2019-06-03,8.43,8.35,8.95,8.27,613709,529094080.0,7.91,-2.91,-0.25,5.33
2019-06-04,8.22,9.19,9.19,8.08,1346188,1198484480.0,13.29,10.06,0.84,11.69
2019-06-05,9.19,8.83,9.23,8.76,985395,881687824.0,5.11,-3.92,-0.36,8.56
2019-06-06,8.69,8.4,8.73,8.13,621131,523619312.0,6.8,-4.87,-0.43,5.4
2019-06-10,8.4,8.42,8.66,8.28,384926,325544736.0,4.52,0.24,0.02,3.34
2019-06-11,8.45,8.95,9.06,8.33,734870,643714528.0,8.67,6.29,0.53,6.38
2019-06-12,8.81,8.61,8.94,8.57,576726,505103920.0,4.13,-3.8,-0.34,5.01
2019-06-13,8.54,8.91,9.14,8.46,729494,644753648.0,7.9,3.48,0.3,6.34
2019-06-14,8.8,8.41,8.9,8.4,559498,482387680.0,5.61,-5.61,-0.5,4.86
2019-06-17,8.37,8.12,8.5,8.1,346156,285326752.0,4.76,-3.45,-0.29,3.01
2019-06-18,8.11,7.94,8.22,7.9,278308,223650089.0,3.94,-2.22,-0.18,2.42
2019-06-19,8.36,8.13,8.4,8.12,327927,269679664.0,3.53,2.39,0.19,2.85
2019-06-20,8.15,8.36,8.43,8.11,354201,294030864.0,3.94,2.83,0.23,3.08
2019-06-21,8.39,8.38,8.57,8.28,358371,302405680.0,3.47,0.24,0.02,3.11
2019-06-24,8.34,8.22,8.36,8.18,264872,218362765.0,2.15,-1.91,-0.16,2.3
2019-06-25,8.44,8.48,8.67,8.33,456011,386094352.0,4.14,3.16,0.26,3.96
2019-06-26,8.3,8.3,8.37,8.23,200171,166240352.0,1.65,-2.12,-0.18,1.74
2019-06-27,8.27,8.32,8.52,8.26,243587,204053855.0,3.13,0.24,0.02,2.12
2019-06-28,8.32,8.2,8.33,7.99,279724,227835672.0,4.09,-1.44,-0.12,2.43
2019-07-01,8.37,8.38,8.42,8.25,298609,248815235.0,2.07,2.2,0.18,2.59
2019-07-02,8.41,8.24,8.41,8.18,242262,200220351.0,2.74,-1.67,-0.14,2.1
2019-07-03,8.13,8.13,8.25,8.11,145030,118351616.0,1.7,-1.33,-0.11,1.26
2019-07-04,8.15,8.03,8.19,7.98,167249,135264049.0,2.58,-1.23,-0.1,1.45
2019-07-05,8.02,8.07,8.14,8.0,96448,77738949.0,1.74,0.5,0.04,0.84
2019-07-08,8.1,7.94,8.24,7.92,250742,202823863.0,3.97,-1.61,-0.13,2.18
2019-07-09,7.9,7.77,7.96,7.45,299561,229913664.0,6.42,-2.14,-0.17,2.6
2019-07-10,7.77,7.55,7.77,7.51,166551,126448528.0,3.35,-2.83,-0.22,1.45
2019-07-11,7.6,7.63,7.88,7.52,200634,153720438.0,4.77,1.06,0.08,1.74
2019-07-12,7.59,7.61,7.67,7.56,95484,72682023.0,1.44,-0.26,-0.02,0.83
2019-07-15,7.6,7.64,7.68,7.42,124376,94103996.0,3.42,0.39,0.03,1.08
2019-07-16,7.62,7.66,7.74,7.61,107696,82752775.0,1.7,0.26,0.02,0.94
2019-07-17,7.62,7.83,7.88,7.59,226399,175987696.0,3.79,2.22,0.17,1.97
2019-07-18,7.8,7.73,7.82,7.7,124856,96870938.0,1.53,-1.28,-0.1,1.08
2019-07-19,7.75,7.95,7.97,7.74,215106,169388089.0,2.98,2.85,0.22,1.87
2019-07-22,7.98,7.31,7.98,7.16,315217,236094642.0,10.31,-8.05,-0.64,2.74
2019-07-23,7.26,7.32,7.36,7.19,102684,74917933.0,2.33,0.14,0.01,0.89
2019-07-24,7.39,7.4,7.46,7.34,109767,81274847.0,1.64,1.09,0.08,0.95
2019-07-25,7.4,7.29,7.4,7.2,162835,118364979.0,2.7,-1.49,-0.11,1.41
2019-07-26,7.24,7.23,7.29,7.05,170918,122614262.0,3.29,-0.82,-0.06,1.48
2019-07-29,7.2,7.11,7.23,7.09,90779,64738510.0,1.94,-1.66,-0.12,0.79
2019-07-30,7.15,7.13,7.24,7.13,105065,75438796.0,1.55,0.28,0.02,0.91
2019-07-31,7.11,6.98,7.11,6.97,136519,95906260.0,1.96,-2.1,-0.15,1.19
2019-08-01,6.98,6.89,7.04,6.89,102276,70979048.0,2.15,-1.29,-0.09,0.89
2019-08-02,6.65,6.64,6.74,6.56,170447,113346791.0,2.61,-3.63,-0.25,1.48
2019-08-05,6.6,6.52,6.65,6.51,101303,66617473.0,2.11,-1.81,-0.12,0.88
2019-08-06,6.38,6.19,6.38,5.91,214616,132305257.0,7.21,-5.06,-0.33,1.86
2019-08-07,6.26,6.2,6.37,6.2,134037,84225146.0,2.75,0.16,0.01,1.16
2019-08-08,6.27,6.24,6.36,6.21,99847,62692538.0,2.42,0.65,0.04,0.87
2019-08-09,6.29,6.09,6.33,6.08,134135,82833526.0,4.01,-2.4,-0.15,1.17
2019-08-12,6.16,6.23,6.23,6.1,103160,63859205.0,2.13,2.3,0.14,0.9
2019-08-13,6.18,6.15,6.29,6.12,94886,58662305.0,2.73,-1.28,-0.08,0.82
2019-08-14,6.25,6.14,6.29,6.12,92352,57268886.0,2.76,-0.16,-0.01,0.8
2019-08-15,6.04,6.17,6.2,5.94,117683,71535347.0,4.23,0.49,0.03,1.02
2019-08-16,6.2,6.13,6.24,6.11,109005,67382386.0,2.11,-0.65,-0.04,0.95
2019-08-19,6.18,6.34,6.35,6.18,172532,108423150.0,2.77,3.43,0.21,1.5
2019-08-20,6.36,6.39,6.51,6.31,187401,120150060.0,3.15,0.79,0.05,1.63
2019-08-21,6.37,6.56,6.64,6.35,291429,190808001.0,4.54,2.66,0.17,2.53
2019-08-22,6.62,6.52,6.62,6.43,154906,100661515.0,2.9,-0.61,-0.04,1.35
2019-08-23,6.54,6.69,6.78,6.5,246118,164271955.0,4.29,2.61,0.17,2.14
2019-08-26,6.49,6.54,6.7,6.44,263774,172237888.0,3.89,-2.24,-0.15,2.29
2019-08-27,6.59,6.55,6.67,6.52,258107,169870511.0,2.29,0.15,0.01,2.24
2019-08-28,6.49,6.33,6.51,6.31,188392,120303450.0,3.05,-3.36,-0.22,1.64
2019-08-29,6.35,6.24,6.37,6.23,122669,77126493.0,2.21,-1.42,-0.09,1.07
2019-08-30,6.26,6.28,6.35,6.21,159567,100029601.0,2.24,0.64,0.04,1.39
2019-09-02,6.24,6.3,6.34,6.19,152289,95514629.0,2.39,0.32,0.02,1.32
2019-09-03,6.3,6.24,6.3,6.2,127462,79537554.0,1.59,-0.95,-0.06,1.11
2019-09-04,6.21,6.32,6.32,6.18,164837,103074605.0,2.24,1.28,0.08,1.43
2019-09-05,6.39,6.43,6.52,6.35,292626,188357043.0,2.69,1.74,0.11,2.54
2019-09-06,6.43,6.39,6.46,6.34,135663,86745226.0,1.87,-0.62,-0.04,1.18
2019-09-09,6.46,6.52,6.52,6.44,218560,141778488.0,1.25,2.03,0.13,1.9
2019-09-10,6.51,6.53,6.6,6.47,146430,95544975.0,1.99,0.15,0.01,1.27
2019-09-11,6.53,6.48,6.59,6.47,164253,107090583.0,1.84,-0.77,-0.05,1.43
2019-09-12,6.55,6.66,6.77,6.53,336662,225072637.0,3.7,2.78,0.18,2.92
2019-09-16,6.65,6.58,6.65,6.53,190858,125806466.0,1.8,-1.2,-0.08,1.66
2019-09-17,6.57,6.33,6.57,6.31,187383,119975808.0,3.95,-3.8,-0.25,1.63
2019-09-18,6.4,6.37,6.44,6.35,91519,58523114.0,1.42,0.63,0.04,0.79
2019-09-19,6.35,6.37,6.39,6.27,118988,75348481.0,1.88,0.0,0.0,1.03
2019-09-20,6.36,6.34,6.39,6.33,91538,58180241.0,0.94,-0.47,-0.03,0.8
2019-09-23,6.3,6.2,6.32,6.15,116936,72611617.0,2.68,-2.21,-0.14,1.02
2019-09-24,6.2,6.19,6.24,6.18,74528,46256063.0,0.97,-0.16,-0.01,0.65
2019-09-25,6.18,6.08,6.18,6.06,103693,63192307.0,1.94,-1.78,-0.11,0.9
2019-09-26,6.11,5.99,6.11,5.99,98932,59621414.0,1.97,-1.48,-0.09,0.86
2019-09-27,6.0,6.05,6.06,6.0,45139,27241809.0,1.0,1.0,0.06,0.39
2019-09-30,6.05,6.0,6.08,5.99,39779,23966238.0,1.49,-0.83,-0.05,0.35
2019-10-08,5.98,6.0,6.03,5.98,38207,22933081.0,0.83,0.0,0.0,0.33
2019-10-09,5.96,6.07,6.07,5.96,55053,33213937.0,1.83,1.17,0.07,0.48
2019-10-10,6.06,6.04,6.06,5.99,122334,73701497.0,1.15,-0.49,-0.03,1.06
2019-10-11,6.05,6.01,6.06,5.98,73310,44076591.0,1.32,-0.5,-0.03,0.64
2019-10-14,6.05,6.11,6.12,6.02,119837,72884908.0,1.66,1.66,0.1,1.04
2019-10-15,6.1,6.04,6.1,6.03,60675,36713679.0,1.15,-1.15,-0.07,0.53
2019-10-16,6.04,5.99,6.07,5.98,66018,39781334.0,1.49,-0.83,-0.05,0.57
2019-10-17,5.98,5.96,6.02,5.94,58582,35005991.0,1.34,-0.5,-0.03,0.51
2019-10-18,5.96,5.82,5.99,5.8,80606,47567340.0,3.19,-2.35,-0.14,0.7
2019-10-21,5.82,5.73,5.84,5.65,70815,40513121.0,3.26,-1.55,-0.09,0.62
2019-10-22,5.74,5.75,5.78,5.7,40218,23109377.0,1.4,0.35,0.02,0.35
2019-10-23,5.77,5.73,5.78,5.71,37563,21550766.0,1.22,-0.35,-0.02,0.33
2019-10-24,5.75,5.9,5.99,5.75,112045,66131610.0,4.19,2.97,0.17,0.97
2019-10-25,5.88,6.06,6.1,5.82,151017,90400320.0,4.75,2.71,0.16,1.31
2019-10-28,6.0,6.06,6.09,5.93,124692,75155360.0,2.64,0.0,0.0,1.08
2019-10-29,5.98,5.94,6.03,5.93,94926,56720655.0,1.65,-1.98,-0.12,0.82
2019-10-30,5.95,5.84,5.96,5.78,78964,46168086.0,3.03,-1.68,-0.1,0.69
2019-10-31,5.84,5.71,5.85,5.71,64569,37180852.0,2.4,-2.23,-0.13,0.56
2019-11-01,5.71,5.75,5.78,5.66,47385,27135676.0,2.1,0.7,0.04,0.41
2019-11-04,5.76,5.76,5.84,5.74,43996,25459215.0,1.74,0.17,0.01,0.38
2019-11-05,5.81,5.79,5.86,5.76,64852,37652581.0,1.74,0.52,0.03,0.56
2019-11-06,5.79,5.69,5.79,5.66,61762,35269825.0,2.25,-1.73,-0.1,0.54
2019-11-07,5.67,5.68,5.73,5.65,50805,28860387.0,1.41,-0.18,-0.01,0.44
2019-11-08,5.7,5.73,5.73,5.65,70711,40237123.0,1.41,0.88,0.05,0.61
2019-11-11,5.72,5.5,5.72,5.49,96463,53615865.0,4.01,-4.01,-0.23,0.84
2019-11-12,5.5,5.45,5.53,5.4,43847,23916099.0,2.36,-0.91,-0.05,0.38
2019-11-13,5.47,5.4,5.47,5.38,43722,23671367.0,1.65,-0.92,-0.05,0.38
2019-11-14,5.4,5.39,5.42,5.38,36408,19653576.0,0.74,-0.19,-0.01,0.32
2019-11-15,5.4,5.28,5.4,5.26,59230,31453696.0,2.6,-2.04,-0.11,0.51
2019-11-18,5.28,5.28,5.3,5.24,48339,25482369.0,1.14,0.0,0.0,0.42
2019-11-19,5.28,5.36,5.37,5.26,45606,24286654.0,2.08,1.52,0.08,0.4
2019-11-20,5.35,5.31,5.35,5.31,32537,17325956.0,0.75,-0.93,-0.05,0.28
2019-11-21,5.28,5.26,5.31,5.25,33977,17912749.0,1.13,-0.94,-0.05,0.3
2019-11-22,5.27,5.21,5.32,5.2,41680,21880079.0,2.28,-0.95,-0.05,0.36
2019-11-25,5.28,5.4,5.54,5.27,120544,65283110.0,5.18,3.65,0.19,1.05
2019-11-26,5.36,5.37,5.39,5.32,46330,24820924.0,1.3,-0.56,-0.03,0.4
2019-11-27,5.34,5.3,5.35,5.28,40137,21335987.0,1.3,-1.3,-0.07,0.35
2019-11-28,5.29,5.27,5.33,5.26,23281,12313415.0,1.32,-0.57,-0.03,0.2
2019-11-29,5.25,5.24,5.27,5.21,46521,24346469.0,1.14,-0.57,-0.03,0.4
2019-12-02,5.41,5.33,5.5,5.33,96154,51944091.0,3.24,1.72,0.09,0.84
2019-12-03,5.27,5.36,5.38,5.25,50600,26820156.0,2.44,0.56,0.03,0.44
2019-12-04,5.34,5.37,5.38,5.31,37615,20140889.0,1.31,0.19,0.01,0.33
2019-12-05,5.38,5.41,5.42,5.36,48553,26205670.0,1.12,0.74,0.04,0.42
2019-12-06,5.41,5.44,5.45,5.39,49813,27053511.0,1.11,0.55,0.03,0.43
2019-12-09,5.45,5.42,5.48,5.42,49973,27228103.0,1.1,-0.37,-0.02,0.43
2019-12-10,5.43,5.42,5.44,5.38,48346,26154091.0,1.11,0.0,0.0,0.42
2019-12-11,5.43,5.5,5.61,5.42,99970,55230383.0,3.51,1.48,0.08,0.87
2019-12-12,5.49,5.43,5.5,5.42,50252,27397659.0,1.45,-1.27,-0.07,0.44
2019-12-13,5.44,5.49,5.5,5.44,64030,35086261.0,1.1,1.1,0.06,0.56
2019-12-16,5.52,5.57,5.57,5.47,78941,43601799.0,1.82,1.46,0.08,0.69
2019-12-17,5.59,5.66,5.69,5.57,122972,69434220.0,2.15,1.62,0.09,1.07
2019-12-18,5.66,5.64,5.71,5.62,83255,47187243.0,1.59,-0.35,-0.02,0.72
2019-12-19,5.67,5.72,5.74,5.64,87852,50064242.0,1.77,1.42,0.08,0.76
2019-12-20,5.71,5.65,5.75,5.65,80648,45951690.0,1.75,-1.22,-0.07,0.7
2019-12-23,5.66,5.47,5.68,5.46,81298,45357066.0,3.89,-3.19,-0.18,0.71
2019-12-24,5.49,5.53,5.54,5.46,61700,33900267.0,1.46,1.1,0.06,0.54
2019-12-25,5.52,5.5,5.53,5.47,62796,34502253.0,1.08,-0.54,-0.03,0.55
2019-12-26,5.52,5.57,5.58,5.49,70587,39119481.0,1.64,1.27,0.07,0.61
2019-12-27,5.56,5.61,5.64,5.55,91168,51041587.0,1.62,0.72,0.04,0.79
2019-12-30,5.63,5.76,5.79,5.61,169145,96764698.0,3.21,2.67,0.15,1.47
2019-12-31,5.74,5.83,5.87,5.69,170643,98546408.0,3.13,1.22,0.07,1.48
2020-01-02,5.85,5.84,5.98,5.83,158405,93254202.0,2.57,0.17,0.01,1.38
2020-01-03,5.83,5.8,5.86,5.77,118744,68940373.0,1.54,-0.68,-0.04,1.03
2020-01-06,5.74,5.77,5.83,5.7,106795,61584227.0,2.24,-0.52,-0.03,0.93
2020-01-07,5.77,5.83,5.83,5.76,111438,64703260.0,1.21,1.04,0.06,0.97
2020-01-08,5.79,5.66,5.81,5.66,126245,72271071.0,2.57,-2.92,-0.17,1.1
2020-01-09,5.71,5.73,5.74,5.69,65185,37260629.0,0.88,1.24,0.07,0.57
2020-01-10,5.75,5.85,5.85,5.71,161591,93610514.0,2.44,2.09,0.12,1.4
2020-01-13,5.81,5.81,5.84,5.7,148157,85482953.0,2.39,-0.68,-0.04,1.29
2020-01-14,5.8,5.87,5.9,5.78,186996,109419552.0,2.07,1.03,0.06,1.62
2020-01-15,5.83,5.95,5.97,5.75,223958,131165504.0,3.75,1.36,0.08,1.95
2020-01-16,5.9,5.81,5.95,5.81,125691,73883852.0,2.35,-2.35,-0.14,1.09
2020-01-17,5.82,5.76,5.85,5.75,90747,52571616.0,1.72,-0.86,-0.05,0.79
2020-01-20,5.75,5.78,5.78,5.72,69004,39727760.0,1.04,0.35,0.02,0.6
2020-01-21,5.75,5.64,5.76,5.64,101668,57782508.0,2.08,-2.42,-0.14,0.88
2020-01-22,5.63,5.6,5.63,5.48,88705,49369148.0,2.66,-0.71,-0.04,0.77
2020-01-23,5.57,5.38,5.57,5.33,112980,61621844.0,4.29,-3.93,-0.22,0.98
2020-02-03,4.84,4.84,4.84,4.84,41605,20136820.0,0.0,-10.04,-0.54,0.36
2020-02-04,4.51,4.69,4.79,4.51,158414,74350112.0,5.79,-3.1,-0.15,1.38
2020-02-05,4.71,4.74,4.83,4.7,117706,56148897.0,2.77,1.07,0.05,1.02
2020-02-06,4.74,4.85,4.93,4.7,149762,71998394.0,4.85,2.32,0.11,1.3
2020-02-07,4.85,5.34,5.34,4.82,328173,169269714.0,10.72,10.1,0.49,2.85
2020-02-10,5.55,5.48,5.81,5.45,518022,290254672.0,6.74,2.62,0.14,4.5
2020-02-11,5.39,5.25,5.46,5.22,266540,141193142.0,4.38,-4.2,-0.23,2.32
2020-02-12,5.19,5.27,5.29,5.17,149707,78153243.0,2.29,0.38,0.02,1.3
2020-02-13,5.27,5.16,5.3,5.13,145802,75802463.0,3.23,-2.09,-0.11,1.27
2020-02-14,5.14,5.24,5.26,5.11,202944,105621783.0,2.91,1.55,0.08,1.76
2020-02-17,5.23,5.42,5.44,5.22,207529,110882692.0,4.2,3.44,0.18,1.8
2020-02-18,5.33,5.57,5.62,5.33,269217,148223185.0,5.35,2.77,0.15,2.34
2020-02-19,5.51,5.44,5.56,5.41,251516,138023938.0,2.69,-2.33,-0.13,2.18
2020-02-20,5.41,5.48,5.48,5.33,174014,94309531.0,2.76,0.74,0.04,1.51
2020-02-21,5.44,5.54,5.58,5.42,212547,117205879.0,2.92,1.09,0.06,1.85
2020-02-24,5.59,5.68,5.78,5.51,281359,158656301.0,4.87,2.53,0.14,2.44
2020-02-25,5.51,5.6,5.65,5.38,240733,133334781.0,4.75,-1.41,-0.08,2.09
2020-02-26,5.52,5.59,5.75,5.47,247467,139768011.0,5.0,-0.18,-0.01,2.15
2020-02-27,5.59,5.54,5.64,5.53,135684,75602586.0,1.97,-0.89,-0.05,1.18
2020-02-28,5.39,5.13,5.43,5.12,204174,108019912.0,5.6,-7.4,-0.41,1.77
2020-03-02,5.2,5.43,5.47,5.2,197372,106333389.0,5.26,5.85,0.3,1.71
2020-03-03,5.5,5.59,5.69,5.42,294899,164162638.0,4.97,2.95,0.16,2.56
2020-03-04,5.7,5.74,5.85,5.61,387832,221219734.0,4.29,2.68,0.15,3.37
2020-03-05,5.75,5.82,5.89,5.68,419859,244070317.0,3.66,1.39,0.08,3.65
2020-03-06,5.77,5.66,5.78,5.65,222350,126848028.0,2.23,-2.75,-0.16,1.93
2020-03-09,5.83,6.06,6.23,5.66,1007285,608733648.0,10.07,7.07,0.4,8.75
2020-03-10,5.8,5.88,5.9,5.45,796326,454539584.0,7.43,-2.97,-0.18,6.92
2020-03-11,5.78,6.16,6.44,5.77,850291,519463056.0,11.39,4.76,0.28,7.39
2020-03-12,6.01,5.87,6.18,5.8,523060,311298144.0,6.17,-4.71,-0.29,4.54
2020-03-13,5.48,5.73,5.83,5.46,342484,193941185.0,6.3,-2.39,-0.14,2.97
2020-03-16,5.83,5.79,6.14,5.67,496841,293997312.0,8.2,1.05,0.06,4.32
2020-03-17,5.76,6.0,6.09,5.48,505139,294244752.0,10.54,3.63,0.21,4.39
2020-03-18,5.95,5.66,6.14,5.66,472038,280605840.0,8.0,-5.67,-0.34,4.1
2020-03-19,5.6,5.56,5.75,5.4,310584,172725823.0,6.18,-1.77,-0.1,2.7
2020-03-20,5.62,5.55,5.66,5.44,183712,101906575.0,3.96,-0.18,-0.01,1.6
2020-03-23,5.36,5.12,5.4,5.07,246777,129157444.0,5.95,-7.75,-0.43,2.14
2020-03-24,5.25,5.17,5.27,5.03,123382,63630365.0,4.69,0.98,0.05,1.07
2020-03-25,5.28,5.33,5.45,5.23,171128,90936378.0,4.26,3.09,0.16,1.49
2020-03-26,5.3,5.37,5.44,5.2,186301,98993438.0,4.5,0.75,0.04,1.62
2020-03-27,5.35,5.28,5.44,5.27,151065,81003634.0,3.17,-1.68,-0.09,1.31
2020-03-30,5.17,5.12,5.21,5.08,103877,53342639.0,2.46,-3.03,-0.16,0.9
2020-03-31,5.18,5.15,5.27,5.11,93911,48738890.0,3.13,0.59,0.03,0.82
2020-04-01,5.12,5.11,5.2,5.09,70817,36445585.0,2.14,-0.78,-0.04,0.62
2020-04-02,5.08,5.21,5.24,5.06,94926,48969762.0,3.52,1.96,0.1,0.82
2020-04-03,5.22,5.28,5.33,5.14,115441,60176162.0,3.65,1.34,0.07,1.0
2020-04-07,5.36,5.38,5.45,5.28,170545,91378627.0,3.22,1.89,0.1,1.48
2020-04-08,5.33,5.31,5.37,5.28,116224,61788778.0,1.67,-1.3,-0.07,1.01
2020-04-09,5.33,5.35,5.37,5.3,107171,57216627.0,1.32,0.75,0.04,0.93
2020-04-10,5.5,5.32,5.5,5.29,141690,76229171.0,3.93,-0.56,-0.03,1.23
2020-04-13,5.26,5.21,5.31,5.19,78167,40805646.0,2.26,-2.07,-0.11,0.68
2020-04-14,5.24,5.26,5.28,5.17,96777,50724868.0,2.11,0.96,0.05,0.84
2020-04-15,5.25,5.2,5.26,5.2,69172,36148626.0,1.14,-1.14,-0.06,0.6
2020-04-16,5.18,5.39,5.41,5.16,161480,85572907.0,4.81,3.65,0.19,1.4
2020-04-17,5.38,5.28,5.41,5.25,136666,72631543.0,2.97,-2.04,-0.11,1.19
2020-04-20,5.31,5.29,5.33,5.25,65458,34558513.0,1.52,0.19,0.01,0.57
2020-04-21,5.26,5.19,5.28,5.13,97756,50800364.0,2.84,-1.89,-0.1,0.85
2020-04-22,5.17,5.23,5.26,5.13,67398,35047729.0,2.5,0.77,0.04,0.59
2020-04-23,5.23,5.25,5.36,5.2,104815,55430547.0,3.06,0.38,0.02,0.91
2020-04-24,5.25,5.21,5.36,5.16,102117,53583409.0,3.81,-0.76,-0.04,0.89
2020-04-27,5.16,5.47,5.73,5.14,499822,274810112.0,11.32,4.99,0.26,4.34
2020-04-28,5.65,5.45,5.71,5.38,500341,277894720.0,6.03,-0.37,-0.02,4.35
2020-04-29,5.26,5.22,5.3,5.19,273965,143267902.0,2.02,-4.22,-0.23,2.38
2020-04-30,5.13,5.25,5.3,5.12,189470,98981947.0,3.45,0.57,0.03,1.65
2020-05-06,5.27,5.33,5.4,5.26,161594,86065399.0,2.67,1.52,0.08,1.4
2020-05-07,5.28,5.26,5.37,5.24,131102,69179408.0,2.44,-1.31,-0.07,1.14
2020-05-08,5.28,5.28,5.31,5.24,109643,57794556.0,1.33,0.38,0.02,0.95
2020-05-11,5.28,5.23,5.3,5.21,89396,46939754.0,1.7,-0.95,-0.05,0.78
2020-05-12,5.21,5.19,5.22,5.14,72413,37514089.0,1.53,-0.76,-0.04,0.63
2020-05-13,5.16,5.19,5.21,5.15,55622,28822136.0,1.16,0.0,0.0,0.48
2020-05-14,5.19,5.18,5.2,5.16,41089,21292288.0,0.77,-0.19,-0.01,0.36
2020-05-15,5.19,5.18,5.21,5.16,57095,29587520.0,0.97,0.0,0.0,0.5
2020-05-18,5.16,5.15,5.19,5.14,63653,32839465.0,0.97,-0.58,-0.03,0.55
2020-05-19,5.18,5.17,5.18,5.15,56763,29300263.0,0.58,0.39,0.02,0.49
2020-05-20,5.15,5.07,5.16,5.06,97445,49637699.0,1.93,-1.93,-0.1,0.85
2020-05-21,5.1,5.1,5.18,5.08,77872,39960674.0,1.97,0.59,0.03,0.68
2020-05-22,5.1,5.01,5.14,5.0,101913,51440470.0,2.75,-1.76,-0.09,0.89
2020-05-25,5.0,4.98,5.02,4.96,47204,23528801.0,1.2,-0.6,-0.03,0.41
2020-05-26,4.99,5.02,5.02,4.98,45336,22672045.0,0.8,0.8,0.04,0.39
2020-05-27,5.03,5.05,5.13,4.98,80145,40466664.0,2.99,0.6,0.03,0.7
2020-05-28,5.05,5.04,5.11,4.99,64408,32603674.0,2.38,-0.2,-0.01,0.56
2020-05-29,5.04,5.02,5.08,5.0,54612,27513079.0,1.59,-0.4,-0.02,0.47
2020-06-01,5.04,5.13,5.15,5.04,99460,50787149.0,2.19,2.19,0.11,0.86
2020-06-02,5.13,5.18,5.19,5.11,113358,58378036.0,1.56,0.97,0.05,0.98
2020-06-03,5.2,5.13,5.2,5.1,74223,38213672.0,1.93,-0.97,-0.05,0.64
2020-06-04,5.14,5.11,5.16,5.11,51451,26386696.0,0.97,-0.39,-0.02,0.45
2020-06-05,5.11,5.14,5.16,5.09,64718,33172308.0,1.37,0.59,0.03,0.56
2020-06-08,5.15,5.14,5.18,5.11,86842,44697664.0,1.36,0.0,0.0,0.75
2020-06-09,5.14,5.12,5.14,5.09,62066,31717130.0,0.97,-0.39,-0.02,0.54
2020-06-10,5.12,5.07,5.13,5.07,40362,20518254.0,1.17,-0.98,-0.05,0.35
2020-06-11,5.06,5.07,5.13,5.06,52599,26762385.0,1.38,0.0,0.0,0.46
2020-06-12,5.01,5.06,5.1,4.98,54289,27390797.0,2.37,-0.2,-0.01,0.47
2020-06-15,5.06,5.12,5.2,5.04,120913,62038232.0,3.16,1.19,0.06,1.05
2020-06-16,5.14,5.14,5.17,5.09,74841,38326397.0,1.56,0.39,0.02,0.65
2020-06-17,5.13,5.23,5.29,5.11,198169,103268152.0,3.5,1.75,0.09,1.72
2020-06-18,5.21,5.16,5.21,5.14,116311,60081848.0,1.34,-1.34,-0.07,1.01
2020-06-19,5.18,5.17,5.19,5.14,70132,36193211.0,0.97,0.19,0.01,0.61
2020-06-22,5.18,5.18,5.25,5.16,94277,49062566.0,1.74,0.19,0.01,0.82
2020-06-23,5.18,5.14,5.2,5.13,68191,35158864.0,1.35,-0.77,-0.04,0.59
2020-06-24,5.16,5.17,5.21,5.13,78712,40779962.0,1.56,0.58,0.03,0.68
2020-06-29,5.13,5.07,5.16,5.06,76668,38969572.0,1.93,-1.93,-0.1,0.67
2020-06-30,5.08,5.16,5.17,5.07,83130,42442683.0,1.97,1.78,0.09,0.72
2020-07-01,5.15,5.2,5.24,5.1,142808,73972120.0,2.71,0.78,0.04,1.24
2020-07-02,5.29,5.35,5.42,5.29,283200,151414599.0,2.5,2.88,0.15,2.46
2020-07-03,5.31,5.4,5.44,5.31,219411,118192269.0,2.43,0.93,0.05,1.91
2020-07-06,5.49,5.73,5.73,5.48,375322,210682748.0,4.63,6.11,0.33,3.26
2020-07-07,5.85,5.61,5.87,5.59,326939,185850804.0,4.89,-2.09,-0.12,2.84
2020-07-08,5.6,5.74,5.82,5.54,262027,148543885.0,4.99,2.32,0.13,2.28
2020-07-09,5.68,5.71,5.73,5.6,252585,143556203.0,2.26,-0.52,-0.03,2.19
2020-07-10,5.68,5.75,5.89,5.63,372447,214964579.0,4.55,0.7,0.04,3.24
2020-07-13,5.74,5.84,5.89,5.7,274630,159174579.0,3.3,1.57,0.09,2.39
2020-07-14,5.82,5.81,5.87,5.67,298989,172158814.0,3.42,-0.51,-0.03,2.6
2020-07-15,5.81,5.63,5.85,5.6,243218,138813301.0,4.3,-3.1,-0.18,2.11
2020-07-16,5.63,5.48,5.73,5.44,212727,119165912.0,5.15,-2.66,-0.15,1.85
2020-07-17,5.49,5.37,5.51,5.31,160807,86852480.0,3.65,-2.01,-0.11,1.4
2020-07-20,5.48,5.64,5.69,5.43,209461,117309448.0,4.84,5.03,0.27,1.82
2020-07-21,5.68,5.79,5.86,5.68,257869,149162391.0,3.19,2.66,0.15,2.24
2020-07-22,5.82,5.73,5.83,5.72,176995,102267614.0,1.9,-1.04,-0.06,1.54
2020-07-23,5.75,5.65,5.75,5.52,152315,85645092.0,4.01,-1.4,-0.08,1.32
2020-07-24,5.63,5.38,5.69,5.35,195283,107330876.0,6.02,-4.78,-0.27,1.7
2020-07-27,5.39,5.33,5.42,5.26,137850,73372135.0,2.97,-0.93,-0.05,1.2
2020-07-28,5.4,5.36,5.54,5.32,116153,62913905.0,4.13,0.56,0.03,1.01
2020-07-29,5.31,5.45,5.47,5.29,119500,64430789.0,3.36,1.68,0.09,1.04
2020-07-30,5.47,5.47,5.58,5.43,121115,66503260.0,2.75,0.37,0.02,1.05
2020-07-31,5.47,5.52,5.55,5.41,138022,75763402.0,2.56,0.91,0.05,1.2
2020-08-03,5.52,5.65,5.66,5.51,189041,105900606.0,2.72,2.36,0.13,1.64
2020-08-04,5.65,5.72,5.77,5.59,252906,143618872.0,3.19,1.24,0.07,2.2
2020-08-05,5.76,5.66,5.77,5.6,181856,102857355.0,2.97,-1.05,-0.06,1.58
2020-08-06,5.68,5.64,5.7,5.56,136215,76691289.0,2.47,-0.35,-0.02,1.18
2020-08-07,5.62,5.52,5.64,5.46,139570,77444941.0,3.19,-2.13,-0.12,1.21
2020-08-10,5.52,5.67,5.73,5.47,170999,96466428.0,4.71,2.72,0.15,1.49
2020-08-11,5.67,5.51,5.71,5.5,132041,74148737.0,3.7,-2.82,-0.16,1.15
2020-08-12,5.5,5.51,5.59,5.44,114963,63151397.0,2.72,0.0,0.0,1.0
2020-08-13,5.53,5.52,5.58,5.51,93038,51586883.0,1.27,0.18,0.01,0.81
2020-08-14,5.54,5.53,5.54,5.43,97350,53438250.0,1.99,0.18,0.01,0.85
2020-08-17,5.53,5.65,5.68,5.52,139728,78427278.0,2.89,2.17,0.12,1.21
2020-08-18,5.71,5.75,5.83,5.65,219010,125917140.0,3.19,1.77,0.1,1.9
2020-08-19,5.7,5.66,5.75,5.65,126624,72106078.0,1.74,-1.57,-0.09,1.1
2020-08-20,5.66,5.61,5.71,5.59,114996,64929946.0,2.12,-0.88,-0.05,1.0
2020-08-21,5.63,5.61,5.7,5.55,97003,54548996.0,2.67,0.0,0.0,0.84
2020-08-24,5.59,5.6,5.64,5.56,110894,62080744.0,1.43,-0.18,-0.01,0.96
2020-08-25,5.6,5.58,5.65,5.55,111496,62427776.0,1.79,-0.36,-0.02,0.97
2020-08-26,5.56,5.45,5.58,5.43,112292,61745168.0,2.69,-2.33,-0.13,0.98
2020-08-27,5.47,5.48,5.49,5.42,67710,36927412.0,1.28,0.55,0.03,0.59
2020-08-28,5.48,5.53,5.55,5.44,73829,40602936.0,2.01,0.91,0.05,0.64
2020-08-31,5.51,5.46,5.57,5.45,119170,65857096.0,2.17,-1.27,-0.07,1.04
2020-09-01,5.46,5.4,5.48,5.37,98858,53484955.0,2.01,-1.1,-0.06,0.86
2020-09-02,5.41,5.41,5.44,5.36,96593,52062106.0,1.48,0.19,0.01,0.84
2020-09-03,5.42,5.38,5.43,5.35,80952,43653628.0,1.48,-0.55,-0.03,0.7
2020-09-04,5.31,5.32,5.33,5.29,79420,42185360.0,0.74,-1.12,-0.06,0.69
2020-09-07,5.32,5.24,5.36,5.24,91702,48614565.0,2.26,-1.5,-0.08,0.8
2020-09-08,5.24,5.28,5.31,5.23,75309,39666180.0,1.53,0.76,0.04,0.65
2020-09-09,5.26,5.21,5.3,5.21,93112,48853382.0,1.7,-1.33,-0.07,0.81
2020-09-10,5.24,5.05,5.27,5.03,150625,77520332.0,4.61,-3.07,-0.16,1.31
2020-09-11,5.06,5.06,5.09,5.02,81961,41464829.0,1.39,0.2,0.01,0.71
2020-09-14,5.08,5.08,5.12,5.06,67189,34224777.0,1.19,0.4,0.02,0.58
2020-09-15,5.09,5.08,5.1,5.05,51287,26022618.0,0.98,0.0,0.0,0.45
2020-09-16,5.08,5.05,5.12,5.03,67790,34388692.0,1.77,-0.59,-0.03,0.59
2020-09-17,5.04,5.06,5.1,5.03,53915,27267599.0,1.39,0.2,0.01,0.47
2020-09-18,5.06,5.13,5.14,5.05,71816,36632548.0,1.78,1.38,0.07,0.62
2020-09-21,5.13,5.08,5.14,5.07,62257,31757382.0,1.36,-0.97,-0.05,0.54
2020-09-22,5.05,5.03,5.07,5.02,74444,37556015.0,0.98,-0.98,-0.05,0.65
2020-09-23,5.03,5.08,5.1,5.02,72433,36662912.0,1.59,0.99,0.05,0.63
2020-09-24,5.05,5.0,5.06,5.0,72768,36535320.0,1.18,-1.57,-0.08,0.63
2020-09-25,5.02,4.97,5.04,4.96,54619,27247525.0,1.6,-0.6,-0.03,0.47
2020-09-28,5.0,4.93,5.0,4.92,47801,23691322.0,1.61,-0.8,-0.04,0.42
2020-09-29,4.96,4.93,4.98,4.93,35461,17547031.0,1.01,0.0,0.0,0.31
2020-09-30,4.95,4.92,4.97,4.91,27136,13397591.0,1.22,-0.2,-0.01,0.24
2020-10-09,4.98,5.01,5.03,4.96,47154,23601803.0,1.42,1.83,0.09,0.41
2020-10-12,5.03,5.08,5.09,5.02,83233,42183482.0,1.4,1.4,0.07,0.72
2020-10-13,5.07,5.06,5.08,5.03,39395,19898378.0,0.98,-0.39,-0.02,0.34
2020-10-14,5.06,4.99,5.07,4.98,50668,25389402.0,1.78,-1.38,-0.07,0.44
2020-10-15,5.02,5.01,5.02,4.98,37008,18516786.0,0.8,0.4,0.02,0.32
2020-10-16,4.99,5.01,5.02,4.99,26290,13153317.0,0.6,0.0,0.0,0.23
2020-10-19,5.02,5.06,5.07,5.0,45972,23122604.0,1.4,1.0,0.05,0.4
2020-10-20,5.02,5.04,5.06,5.0,30241,15206104.0,1.19,-0.4,-0.02,0.26
2020-10-21,5.04,5.04,5.06,5.0,34996,17578302.0,1.19,0.0,0.0,0.3
2020-10-22,5.03,5.01,5.03,5.0,28386,14225882.0,0.6,-0.6,-0.03,0.25
2020-10-23,5.01,4.99,5.02,4.98,29441,14717849.0,0.8,-0.4,-0.02,0.26
2020-10-26,5.0,4.96,5.0,4.95,28541,14184386.0,1.0,-0.6,-0.03,0.25
2020-10-27,4.96,4.95,4.97,4.91,32907,16242622.0,1.21,-0.2,-0.01,0.29
2020-10-28,4.95,4.92,4.95,4.9,28449,14004040.0,1.01,-0.61,-0.03,0.25
2020-10-29,4.89,4.89,4.9,4.85,42931,20957610.0,1.02,-0.61,-0.03,0.37
2020-10-30,4.88,4.8,4.93,4.77,57951,28051920.0,3.27,-1.84,-0.09,0.5
2020-11-02,4.84,4.79,4.86,4.78,39829,19204037.0,1.67,-0.21,-0.01,0.35
2020-11-03,4.81,4.88,4.88,4.79,35320,17114617.0,1.88,1.88,0.09,0.31
2020-11-04,4.89,4.86,4.9,4.83,28832,14002884.0,1.43,-0.41,-0.02,0.25
2020-11-05,4.87,4.92,4.93,4.86,43856,21465319.0,1.44,1.23,0.06,0.38
2020-11-06,4.91,4.88,4.92,4.86,34151,16686713.0,1.22,-0.81,-0.04,0.3
2020-11-09,4.92,5.0,5.02,4.9,75769,37651501.0,2.46,2.46,0.12,0.66
2020-11-10,5.03,4.95,5.04,4.93,49197,24540977.0,2.2,-1.0,-0.05,0.43
2020-11-11,4.92,4.95,5.01,4.92,44500,22081864.0,1.82,0.0,0.0,0.39
2020-11-12,4.95,4.92,4.97,4.9,32359,15932620.0,1.41,-0.61,-0.03,0.28
2020-11-13,4.89,4.91,4.92,4.87,26430,12938028.0,1.02,-0.2,-0.01,0.23
2020-11-16,4.91,4.96,4.97,4.9,37684,18632105.0,1.43,1.02,0.05,0.33
2020-11-17,4.97,5.0,5.01,4.95,65269,32493743.0,1.21,0.81,0.04,0.57
2020-11-18,5.0,5.0,5.01,4.96,57257,28581258.0,1.0,0.0,0.0,0.5
2020-11-19,5.0,4.97,5.0,4.96,37197,18512560.0,0.8,-0.6,-0.03,0.32
2020-11-20,4.98,4.97,4.99,4.94,35729,17733963.0,1.01,0.0,0.0,0.31
2020-11-23,4.97,4.99,5.04,4.96,67918,33942930.0,1.61,0.4,0.02,0.59
2020-11-24,5.01,4.98,5.02,4.97,50060,24987500.0,1.0,-0.2,-0.01,0.43
2020-11-25,4.98,4.94,5.03,4.94,58321,29064110.0,1.81,-0.8,-0.04,0.51
2020-11-26,4.94,4.92,4.95,4.89,42753,21012537.0,1.21,-0.4,-0.02,0.37
2020-11-27,4.91,4.98,4.98,4.9,48842,24168795.0,1.63,1.22,0.06,0.42
2020-11-30,4.97,4.99,5.04,4.96,72288,36206896.0,1.61,0.2,0.01,0.63
2020-12-01,4.97,5.03,5.04,4.95,80936,40508892.0,1.8,0.8,0.04,0.7
2020-12-02,5.03,5.02,5.06,5.01,73700,37089842.0,0.99,-0.2,-0.01,0.64
2020-12-03,5.03,5.03,5.06,4.99,80035,40200563.0,1.39,0.2,0.01,0.7
2020-12-04,5.03,5.01,5.04,4.99,62596,31392500.0,0.99,-0.4,-0.02,0.54
2020-12-07,5.03,5.09,5.16,5.0,154686,78705545.0,3.19,1.6,0.08,1.34
2020-12-08,5.06,5.04,5.11,5.02,62195,31429054.0,1.77,-0.98,-0.05,0.54
2020-12-09,5.02,4.98,5.09,4.98,75305,37927283.0,2.18,-1.19,-0.06,0.65
2020-12-10,4.99,4.94,4.99,4.92,58209,28820594.0,1.41,-0.8,-0.04,0.51
2020-12-11,4.95,4.83,4.95,4.81,85241,41526212.0,2.83,-2.23,-0.11,0.74
2020-12-14,4.86,4.84,4.87,4.81,27269,13201957.0,1.24,0.21,0.01,0.24
2020-12-15,4.86,4.85,4.86,4.81,25494,12313921.0,1.03,0.21,0.01,0.22
2020-12-16,4.85,4.79,4.86,4.79,38165,18373035.0,1.44,-1.24,-0.06,0.33
2020-12-17,4.81,4.84,4.84,4.76,38886,18679896.0,1.67,1.04,0.05,0.34
2020-12-18,4.84,4.82,4.86,4.81,32893,15882707.0,1.03,-0.41,-0.02,0.29
2020-12-21,4.8,4.82,4.83,4.78,36177,17396787.0,1.04,0.0,0.0,0.31
2020-12-22,4.79,4.8,4.84,4.78,38315,18430107.0,1.24,-0.41,-0.02,0.33
2020-12-23,4.82,4.81,4.82,4.77,34692,16610441.0,1.04,0.21,0.01,0.3
2020-12-24,4.82,4.72,4.82,4.71,57239,27209626.0,2.29,-1.87,-0.09,0.5
2020-12-25,4.7,4.73,4.76,4.69,28859,13636613.0,1.48,0.21,0.01,0.25
2020-12-28,4.74,4.69,4.74,4.63,51985,24269028.0,2.33,-0.85,-0.04,0.45
2020-12-29,4.68,4.69,4.74,4.67,30725,14459033.0,1.49,0.0,0.0,0.27
2020-12-30,4.71,4.67,4.71,4.66,33998,15930223.0,1.07,-0.43,-0.02,0.3
2020-12-31,4.68,4.7,4.71,4.67,53226,24948989.0,0.86,0.64,0.03,0.46
2021-01-04,4.69,4.67,4.69,4.63,54460,25392750.0,1.28,-0.64,-0.03,0.47
2021-01-05,4.66,4.67,4.68,4.62,57048,26502677.0,1.28,0.0,0.0,0.5
2021-01-06,4.65,4.65,4.67,4.63,40626,18859651.0,0.86,-0.43,-0.02,0.35
2021-01-07,4.66,4.51,4.66,4.5,75214,34377893.0,3.44,-3.01,-0.14,0.65
2021-01-08,4.48,4.53,4.57,4.48,46499,21034114.0,2.0,0.44,0.02,0.4
2021-01-11,4.53,4.41,4.54,4.39,71573,31913958.0,3.31,-2.65,-0.12,0.62
2021-01-12,4.43,4.44,4.46,4.41,35793,15875257.0,1.13,0.68,0.03,0.31
2021-01-13,4.45,4.39,4.47,4.36,48161,21205043.0,2.48,-1.13,-0.05,0.42
2021-01-14,4.39,4.45,4.48,4.37,42157,18724625.0,2.51,1.37,0.06,0.37
2021-01-15,4.46,4.5,4.53,4.44,41749,18754163.0,2.02,1.12,0.05,0.36
2021-01-18,4.52,4.52,4.55,4.5,34966,15805057.0,1.11,0.44,0.02,0.3
2021-01-19,4.53,4.63,4.67,4.51,83903,38689313.0,3.54,2.43,0.11,0.73
2021-01-20,4.67,4.61,4.67,4.58,37114,17131156.0,1.94,-0.43,-0.02,0.32
2021-01-21,4.6,4.61,4.65,4.58,53491,24672852.0,1.52,0.0,0.0,0.46
2021-01-22,4.63,4.53,4.63,4.52,45245,20631152.0,2.39,-1.74,-0.08,0.39
2021-01-25,4.53,4.42,4.53,4.41,47380,21047302.0,2.65,-2.43,-0.11,0.41
2021-01-26,4.44,4.42,4.51,4.41,29923,13314526.0,2.26,0.0,0.0,0.26
2021-01-27,4.45,4.45,4.45,4.41,19244,8534046.0,0.9,0.68,0.03,0.17
2021-01-28,4.43,4.42,4.46,4.4,30610,13545495.0,1.35,-0.67,-0.03,0.27
2021-01-29,4.42,4.45,4.45,4.35,51232,22500432.0,2.26,0.68,0.03,0.44
2021-02-01,4.39,4.34,4.4,4.32,45578,19824557.0,1.8,-2.47,-0.11,0.4
2021-02-02,4.36,4.32,4.37,4.31,34119,14780018.0,1.38,-0.46,-0.02,0.3
2021-02-03,4.3,4.22,4.32,4.22,40878,17384787.0,2.31,-2.31,-0.1,0.36
2021-02-04,4.18,4.09,4.22,4.07,46678,19278759.0,3.55,-3.08,-0.13,0.41
2021-02-05,4.1,4.08,4.14,4.08,39998,16402363.0,1.47,-0.24,-0.01,0.35
2021-02-08,4.08,4.1,4.15,4.06,28425,11675131.0,2.21,0.49,0.02,0.25
2021-02-09,4.09,4.17,4.18,4.09,26965,11179740.0,2.2,1.71,0.07,0.23
2021-02-10,4.16,4.14,4.2,4.11,31800,13186769.0,2.16,-0.72,-0.03,0.28
2021-02-18,4.18,4.26,4.26,4.18,39635,16757232.0,1.93,2.9,0.12,0.34
2021-02-19,4.25,4.37,4.37,4.24,38786,16741696.0,3.05,2.58,0.11,0.34
2021-02-22,4.4,4.41,4.48,4.38,72980,32348506.0,2.29,0.92,0.04,0.63
2021-02-23,4.39,4.39,4.44,4.37,34892,15329753.0,1.59,-0.45,-0.02,0.3
2021-02-24,4.41,4.38,4.41,4.34,34956,15304045.0,1.59,-0.23,-0.01,0.3
2021-02-25,4.39,4.46,4.54,4.37,91614,40984498.0,3.88,1.83,0.08,0.8
2021-02-26,4.41,4.35,4.44,4.35,55780,24452498.0,2.02,-2.47,-0.11,0.48
2021-03-01,4.38,4.4,4.41,4.37,29875,13110376.0,0.92,1.15,0.05,0.26
2021-03-02,4.41,4.39,4.44,4.36,32640,14340698.0,1.82,-0.23,-0.01,0.28
2021-03-03,4.41,4.41,4.42,4.36,29671,13045537.0,1.37,0.46,0.02,0.26
2021-03-04,4.39,4.46,4.52,4.37,73896,33031115.0,3.4,1.13,0.05,0.64
2021-03-05,4.46,4.46,4.49,4.41,52704,23493631.0,1.79,0.0,0.0,0.46
2021-03-08,4.46,4.56,4.75,4.45,140750,64580070.0,6.73,2.24,0.1,1.22
2021-03-09,4.55,4.44,4.56,4.38,101029,45103476.0,3.95,-2.63,-0.12,0.88
2021-03-10,4.42,4.36,4.46,4.36,40743,17907893.0,2.25,-1.8,-0.08,0.35
2021-03-11,4.36,4.42,4.43,4.32,36050,15828152.0,2.52,1.38,0.06,0.31
2021-03-12,4.43,4.56,4.74,4.39,94831,43164716.0,7.92,3.17,0.14,0.82
2021-03-15,4.49,4.55,4.57,4.41,78284,35384407.0,3.51,-0.22,-0.01,0.68
2021-03-16,4.54,4.6,4.6,4.53,43029,19682594.0,1.54,1.1,0.05,0.37
2021-03-17,4.58,4.55,4.63,4.54,42177,19280043.0,1.96,-1.09,-0.05,0.37
2021-03-18,4.56,4.52,4.56,4.5,32627,14771196.0,1.32,-0.66,-0.03,0.28
2021-03-19,4.49,4.49,4.52,4.46,36596,16406241.0,1.33,-0.66,-0.03,0.32
2021-03-22,4.46,4.57,4.58,4.46,46021,20816021.0,2.67,1.78,0.08,0.4
2021-03-23,4.57,4.5,4.57,4.47,46183,20772566.0,2.19,-1.53,-0.07,0.4
2021-03-24,4.48,4.71,4.85,4.46,291488,137139857.0,8.67,4.67,0.21,2.53
2021-03-25,4.64,4.56,4.74,4.53,165914,76156836.0,4.46,-3.18,-0.15,1.44
2021-03-26,4.55,4.57,4.6,4.52,65575,29919270.0,1.75,0.22,0.01,0.57
2021-03-29,4.58,4.52,4.58,4.51,54291,24605866.0,1.53,-1.09,-0.05,0.47
2021-03-30,4.5,4.47,4.52,4.45,41301,18473769.0,1.55,-1.11,-0.05,0.36
2021-03-31,4.48,4.5,4.52,4.43,43643,19526050.0,2.01,0.67,0.03,0.38
2021-04-01,4.5,4.47,4.51,4.45,30953,13829411.0,1.33,-0.67,-0.03,0.27
2021-04-02,4.48,4.5,4.53,4.46,35012,15727914.0,1.57,0.67,0.03,0.3
2021-04-06,4.52,4.52,4.57,4.49,33976,15338557.0,1.78,0.44,0.02,0.3
2021-04-07,4.52,4.54,4.55,4.49,33817,15307900.0,1.33,0.44,0.02,0.29
2021-04-08,4.53,4.49,4.53,4.47,36657,16496906.0,1.32,-1.1,-0.05,0.32
2021-04-09,4.49,4.49,4.5,4.46,27754,12416494.0,0.89,0.0,0.0,0.24
2021-04-12,4.48,4.48,4.5,4.46,24122,10799924.0,0.89,-0.22,-0.01,0.21
2021-04-13,4.46,4.41,4.48,4.41,30556,13567699.0,1.56,-1.56,-0.07,0.27
2021-04-14,4.42,4.44,4.45,4.42,22108,9794776.0,0.68,0.68,0.03,0.19
2021-04-15,4.43,4.44,4.45,4.42,18635,8259796.0,0.68,0.0,0.0,0.16
2021-04-16,4.44,4.53,4.54,4.43,48601,21868561.0,2.48,2.03,0.09,0.42
2021-04-19,4.52,4.55,4.57,4.51,39688,18049384.0,1.32,0.44,0.02,0.34
2021-04-20,4.55,4.52,4.55,4.52,31678,14362934.0,0.66,-0.66,-0.03,0.28
2021-04-21,4.51,4.5,4.54,4.48,18783,8469071.0,1.33,-0.44,-0.02,0.16
2021-04-22,4.5,4.5,4.55,4.48,24480,11039832.0,1.56,0.0,0.0,0.21
2021-04-23,4.51,4.43,4.52,4.4,43743,19426678.0,2.67,-1.56,-0.07,0.38
2021-04-26,4.44,4.48,4.54,4.43,47065,21087063.0,2.48,1.13,0.05,0.41
2021-04-27,4.46,4.41,4.47,4.4,36417,16097797.0,1.56,-1.56,-0.07,0.32
2021-04-28,4.43,4.44,4.46,4.41,25354,11251003.0,1.13,0.68,0.03,0.22
2021-04-29,4.45,4.53,4.54,4.43,57092,25704137.0,2.48,2.03,0.09,0.5
2021-04-30,4.5,4.41,4.5,4.37,85463,37833469.0,2.87,-2.65,-0.12,0.74
2021-05-06,4.42,4.41,4.45,4.37,32617,14406858.0,1.81,0.0,0.0,0.28
2021-05-07,4.42,4.41,4.43,4.39,29544,13022787.0,0.91,0.0,0.0,0.26
2021-05-10,4.41,4.38,4.43,4.37,33795,14828352.0,1.36,-0.68,-0.03,0.29
2021-05-11,4.38,4.41,4.41,4.35,39069,17141657.0,1.37,0.68,0.03,0.34
2021-05-12,4.4,4.42,4.43,4.38,37659,16603413.0,1.13,0.23,0.01,0.33
2021-05-13,4.41,4.44,4.47,4.4,48036,21280456.0,1.58,0.45,0.02,0.42
2021-05-14,4.44,4.45,4.48,4.43,50794,22657415.0,1.13,0.23,0.01,0.44
2021-05-17,4.47,4.43,4.47,4.43,39774,17681284.0,0.9,-0.45,-0.02,0.35
2021-05-18,4.43,4.46,4.47,4.42,26435,11747006.0,1.13,0.68,0.03,0.23
2021-05-19,4.47,4.45,4.47,4.43,26059,11593483.0,0.9,-0.22,-0.01,0.23
2021-05-20,4.44,4.46,4.47,4.42,25363,11264644.0,1.12,0.22,0.01,0.22
2021-05-21,4.46,4.45,4.47,4.44,20227,8999882.0,0.67,-0.22,-0.01,0.18
2021-05-24,4.45,4.47,4.49,4.45,33570,15023757.0,0.9,0.45,0.02,0.29
2021-05-25,4.48,4.51,4.52,4.47,45063,20273094.0,1.12,0.89,0.04,0.39
2021-05-26,4.53,4.55,4.55,4.51,56723,25714390.0,0.89,0.89,0.04,0.49
2021-05-27,4.54,4.55,4.58,4.53,47921,21835135.0,1.1,0.0,0.0,0.42
2021-05-28,4.56,4.54,4.59,4.54,49789,22710918.0,1.1,-0.22,-0.01,0.43
2021-05-31,4.54,4.55,4.57,4.52,42214,19167949.0,1.1,0.22,0.01,0.37
2021-06-01,4.53,4.6,4.6,4.53,42585,19484942.0,1.54,1.1,0.05,0.37
2021-06-02,4.63,4.64,4.76,4.6,111910,52168205.0,3.48,0.87,0.04,0.97
2021-06-03,4.61,4.69,4.73,4.59,87328,40811646.0,3.02,1.08,0.05,0.76
2021-06-04,4.66,4.79,4.87,4.62,203945,97235123.0,5.33,2.13,0.1,1.77
2021-06-07,4.72,4.73,4.77,4.67,129171,60956774.0,2.09,-1.25,-0.06,1.12
2021-06-08,4.71,4.78,4.81,4.67,110416,52521293.0,2.96,1.06,0.05,0.96
2021-06-09,4.76,4.8,4.82,4.73,84227,40215339.0,1.88,0.42,0.02,0.73
2021-06-10,4.78,4.74,4.8,4.74,66083,31459946.0,1.25,-1.25,-0.06,0.57
2021-06-11,4.74,4.75,4.78,4.73,59752,28416515.0,1.05,0.21,0.01,0.52
2021-06-15,4.74,4.71,4.75,4.65,73498,34522763.0,2.11,-0.84,-0.04,0.64
2021-06-16,4.68,4.7,4.75,4.68,42486,19998075.0,1.49,-0.21,-0.01,0.37
2021-06-17,4.69,4.76,4.79,4.68,52905,25086797.0,2.34,1.28,0.06,0.46
2021-06-18,4.76,4.77,4.8,4.73,41545,19816115.0,1.47,0.21,0.01,0.36
2021-06-21,4.76,4.84,4.85,4.73,82818,39752621.0,2.52,1.47,0.07,0.72
2021-06-22,4.81,4.88,4.94,4.8,73605,35899525.0,2.89,0.83,0.04,0.64
2021-06-23,4.86,4.86,4.93,4.85,61653,30082955.0,1.64,-0.41,-0.02,0.54
2021-06-24,4.86,4.87,4.9,4.84,50080,24429894.0,1.23,0.21,0.01,0.43
2021-06-25,4.87,4.88,4.89,4.8,49398,23981831.0,1.85,0.21,0.01,0.43
2021-06-28,4.86,4.85,4.88,4.84,38357,18625617.0,0.82,-0.61,-0.03,0.33
2021-06-29,4.85,4.76,4.85,4.75,44817,21459093.0,2.06,-1.86,-0.09,0.39
2021-06-30,4.76,4.7,4.78,4.7,53299,25178712.0,1.68,-1.26,-0.06,0.46
2021-07-01,4.74,4.72,4.78,4.7,50553,23957184.0,1.7,0.43,0.02,0.44
2021-07-02,4.7,4.72,4.74,4.68,33837,15921382.0,1.27,0.0,0.0,0.29
2021-07-05,4.7,4.73,4.75,4.7,31852,15046283.0,1.06,0.21,0.01,0.28
2021-07-06,4.72,4.7,4.75,4.68,28118,13239666.0,1.48,-0.63,-0.03,0.24
2021-07-07,4.7,4.65,4.71,4.63,30872,14366803.0,1.7,-1.06,-0.05,0.27
2021-07-08,4.64,4.58,4.65,4.58,32447,14973903.0,1.51,-1.51,-0.07,0.28
2021-07-09,4.57,4.54,4.59,4.53,27784,12659332.0,1.31,-0.87,-0.04,0.24
2021-07-12,4.56,4.56,4.59,4.55,31125,14220536.0,0.88,0.44,0.02,0.27
2021-07-13,4.56,4.57,4.6,4.52,34852,15913611.0,1.75,0.22,0.01,0.3
2021-07-14,4.58,4.56,4.61,4.55,32369,14838370.0,1.31,-0.22,-0.01,0.28
2021-07-15,4.58,4.55,4.59,4.53,33033,15048890.0,1.32,-0.22,-0.01,0.29
2021-07-16,4.56,4.47,4.58,4.47,54049,24322270.0,2.42,-1.76,-0.08,0.47
2021-07-19,4.48,4.4,4.48,4.38,48005,21192735.0,2.24,-1.57,-0.07,0.42
2021-07-20,4.37,4.42,4.43,4.37,25551,11257613.0,1.36,0.45,0.02,0.22
2021-07-21,4.41,4.46,4.5,4.41,37826,16842885.0,2.04,0.9,0.04,0.33
2021-07-22,4.46,4.49,4.51,4.37,43947,19575067.0,3.14,0.67,0.03,0.38
2021-07-23,4.49,4.41,4.49,4.4,42111,18630217.0,2.0,-1.78,-0.08,0.37
2021-07-26,4.39,4.31,4.43,4.29,54815,23801909.0,3.17,-2.27,-0.1,0.48
2021-07-27,4.32,4.27,4.33,4.27,27849,11983034.0,1.39,-0.93,-0.04,0.24
2021-07-28,4.27,4.18,4.27,4.15,41569,17432050.0,2.81,-2.11,-0.09,0.36
2021-07-29,4.2,4.23,4.25,4.16,41138,17337369.0,2.15,1.2,0.05,0.36
2021-07-30,4.25,4.21,4.25,4.17,26240,11020122.0,1.89,-0.47,-0.02,0.23
2021-08-02,4.21,4.23,4.24,4.17,33599,14157813.0,1.66,0.48,0.02,0.29
2021-08-03,4.23,4.21,4.25,4.2,32697,13830195.0,1.18,-0.47,-0.02,0.28
2021-08-04,4.21,4.22,4.23,4.18,27684,11635805.0,1.19,0.24,0.01,0.24
2021-08-05,4.2,4.24,4.29,4.19,38081,16175625.0,2.37,0.47,0.02,0.33
2021-08-06,4.24,4.21,4.25,4.2,33688,14200672.0,1.18,-0.71,-0.03,0.29
2021-08-09,4.21,4.27,4.3,4.2,51084,21792109.0,2.38,1.43,0.06,0.44
2021-08-10,4.25,4.28,4.3,4.23,39611,16899483.0,1.64,0.23,0.01,0.34
2021-08-11,4.28,4.3,4.35,4.26,53767,23172935.0,2.1,0.47,0.02,0.47
2021-08-12,4.3,4.28,4.32,4.27,34620,14817842.0,1.16,-0.47,-0.02,0.3
2021-08-13,4.28,4.23,4.28,4.23,43426,18450013.0,1.17,-1.17,-0.05,0.38
2021-08-16,4.22,4.24,4.26,4.22,48202,20447979.0,0.95,0.24,0.01,0.42
2021-08-17,4.24,4.18,4.28,4.18,58862,24891344.0,2.36,-1.42,-0.06,0.51
2021-08-18,4.19,4.2,4.21,4.18,28654,12021179.0,0.72,0.48,0.02,0.25
2021-08-19,4.21,4.18,4.21,4.17,30534,12790195.0,0.95,-0.48,-0.02,0.27
2021-08-20,4.18,4.14,4.18,4.1,54824,22674531.0,1.91,-0.96,-0.04,0.48
2021-08-23,4.14,4.17,4.19,4.14,39673,16513642.0,1.21,0.72,0.03,0.34
2021-08-24,4.16,4.18,4.19,4.15,34323,14309419.0,0.96,0.24,0.01,0.3
2021-08-25,4.19,4.2,4.2,4.15,46201,19326265.0,1.2,0.48,0.02,0.4
2021-08-26,4.2,4.26,4.26,4.18,83128,35184040.0,1.9,1.43,0.06,0.72
2021-08-27,4.25,4.26,4.29,4.21,70303,29892600.0,1.88,0.0,0.0,0.61
2021-08-30,4.25,4.29,4.29,4.24,58915,25125843.0,1.17,0.7,0.03,0.51
2021-08-31,4.31,4.36,4.39,4.29,102222,44472964.0,2.33,1.63,0.07,0.89
2021-09-01,4.36,4.36,4.4,4.31,70969,30932601.0,2.06,0.0,0.0,0.62
2021-09-02,4.37,4.38,4.4,4.33,55734,24325637.0,1.61,0.46,0.02,0.48
2021-09-03,4.71,4.49,4.71,4.47,263882,121079954.0,5.48,2.51,0.11,2.29
2021-09-06,4.46,4.5,4.53,4.43,107564,48259024.0,2.23,0.22,0.01,0.93
2021-09-07,4.49,4.48,4.5,4.44,80467,35980375.0,1.33,-0.44,-0.02,0.7
2021-09-08,4.49,4.52,4.55,4.46,73219,33016516.0,2.01,0.89,0.04,0.64
2021-09-09,4.53,4.54,4.56,4.51,110083,49915588.0,1.11,0.44,0.02,0.96
2021-09-10,4.57,4.47,4.57,4.47,116271,52440799.0,2.2,-1.54,-0.07,1.01
2021-09-13,4.46,4.51,4.53,4.45,67859,30547361.0,1.79,0.89,0.04,0.59
2021-09-14,4.52,4.41,4.54,4.4,73566,32844062.0,3.1,-2.22,-0.1,0.64
2021-09-15,4.41,4.43,4.45,4.4,46684,20686774.0,1.13,0.45,0.02,0.41
2021-09-16,4.43,4.37,4.47,4.37,64988,28743714.0,2.26,-1.35,-0.06,0.56
2021-09-17,4.39,4.36,4.4,4.31,72047,31301709.0,2.06,-0.23,-0.01,0.63
2021-09-22,4.3,4.37,4.38,4.27,51180,22221326.0,2.52,0.23,0.01,0.44
2021-09-23,4.37,4.41,4.46,4.37,65311,28889830.0,2.06,0.92,0.04,0.57
2021-09-24,4.43,4.36,4.45,4.34,52480,23015749.0,2.49,-1.13,-0.05,0.46
2021-09-27,4.37,4.24,4.38,4.22,60403,25848346.0,3.67,-2.75,-0.12,0.52
2021-09-28,4.26,4.28,4.3,4.24,36998,15797174.0,1.42,0.94,0.04,0.32
2021-09-29,4.27,4.21,4.27,4.2,39872,16857906.0,1.64,-1.64,-0.07,0.35
2021-09-30,4.24,4.24,4.26,4.21,34234,14488321.0,1.19,0.71,0.03,0.3
2021-10-08,4.26,4.29,4.31,4.25,42266,18126377.0,1.42,1.18,0.05,0.37
2021-10-11,4.32,4.3,4.34,4.29,29312,12622264.0,1.17,0.23,0.01,0.25
2021-10-12,4.3,4.25,4.3,4.23,34390,14640348.0,1.63,-1.16,-0.05,0.3
2021-10-13,4.25,4.23,4.26,4.21,29304,12395720.0,1.18,-0.47,-0.02,0.25
2021-10-14,4.24,4.24,4.24,4.21,34748,14675008.0,0.71,0.24,0.01,0.3
2021-10-15,4.24,4.19,4.24,4.19,29354,12360294.0,1.18,-1.18,-0.05,0.25
2021-10-18,4.18,4.25,4.26,4.16,51531,21718535.0,2.39,1.43,0.06,0.45
2021-10-19,4.25,4.24,4.25,4.23,27512,11662604.0,0.47,-0.24,-0.01,0.24
2021-10-20,4.24,4.22,4.25,4.21,22044,9319060.0,0.94,-0.47,-0.02,0.19
2021-10-21,4.27,4.26,4.36,4.26,59052,25386593.0,2.37,0.95,0.04,0.51
2021-10-22,4.25,4.27,4.29,4.25,41051,17552899.0,0.94,0.23,0.01,0.36
2021-10-25,4.23,4.24,4.25,4.21,31754,13430175.0,0.94,-0.7,-0.03,0.28
2021-10-26,4.26,4.23,4.26,4.21,25072,10603685.0,1.18,-0.24,-0.01,0.22
2021-10-27,4.24,4.18,4.24,4.16,31969,13381213.0,1.89,-1.18,-0.05,0.28
2021-10-28,4.18,4.14,4.19,4.14,29581,12290229.0,1.2,-0.96,-0.04,0.26
2021-10-29,4.17,4.18,4.18,4.13,19711,8192415.0,1.21,0.97,0.04,0.17
2021-11-01,4.22,4.32,4.33,4.21,74980,32116559.0,2.87,3.35,0.14,0.65
2021-11-02,4.32,4.28,4.34,4.22,54625,23403028.0,2.78,-0.93,-0.04,0.47
2021-11-03,4.28,4.29,4.31,4.26,38129,16346554.0,1.17,0.23,0.01,0.33
2021-11-04,4.27,4.3,4.33,4.26,29344,12572512.0,1.63,0.23,0.01,0.25
2021-11-05,4.3,4.24,4.3,4.22,41429,17641699.0,1.86,-1.4,-0.06,0.36
2021-11-08,4.25,4.27,4.28,4.24,33615,14319832.0,0.94,0.71,0.03,0.29
2021-11-09,4.27,4.29,4.3,4.25,32672,13991678.0,1.17,0.47,0.02,0.28
2021-11-10,4.28,4.33,4.34,4.24,40411,17342792.0,2.33,0.93,0.04,0.35
2021-11-11,4.36,4.39,4.41,4.33,101291,44309574.0,1.85,1.39,0.06,0.88
2021-11-12,4.42,4.38,4.42,4.35,51659,22617412.0,1.59,-0.23,-0.01,0.45
2021-11-15,4.39,4.39,4.42,4.35,48131,21089406.0,1.6,0.23,0.01,0.42
2021-11-16,4.39,4.38,4.43,4.38,58948,25951093.0,1.14,-0.23,-0.01,0.51
2021-11-17,4.37,4.38,4.38,4.33,41054,17912133.0,1.14,0.0,0.0,0.36
2021-11-18,4.38,4.33,4.39,4.32,45114,19609614.0,1.6,-1.14,-0.05,0.39
2021-11-19,4.32,4.39,4.4,4.3,57226,24869902.0,2.31,1.39,0.06,0.5
2021-11-22,4.43,4.4,4.46,4.38,64822,28568556.0,1.82,0.23,0.01,0.56
2021-11-23,4.42,4.41,4.44,4.38,62583,27594657.0,1.36,0.23,0.01,0.54
2021-11-24,4.4,4.4,4.42,4.37,42914,18833910.0,1.13,-0.23,-0.01,0.37
2021-11-25,4.4,4.4,4.42,4.37,53170,23370796.0,1.14,0.0,0.0,0.46
2021-11-26,4.39,4.36,4.4,4.33,51590,22505877.0,1.59,-0.91,-0.04,0.45
2021-11-29,4.35,4.3,4.36,4.29,46519,20104216.0,1.61,-1.38,-0.06,0.4
2021-11-30,4.32,4.34,4.37,4.31,46362,20099147.0,1.4,0.93,0.04,0.4
2021-12-01,4.37,4.39,4.39,4.33,47040,20533984.0,1.38,1.15,0.05,0.41
2021-12-02,4.4,4.38,4.41,4.36,41268,18099207.0,1.14,-0.23,-0.01,0.36
2021-12-03,4.41,4.4,4.42,4.38,49593,21822829.0,0.91,0.46,0.02,0.43
2021-12-06,4.41,4.36,4.43,4.34,70482,30989828.0,2.05,-0.91,-0.04,0.61
2021-12-07,4.38,4.38,4.45,4.36,79258,34857723.0,2.06,0.46,0.02,0.69
2021-12-08,4.39,4.4,4.41,4.35,59360,26017803.0,1.37,0.46,0.02,0.52
2021-12-09,4.39,4.44,4.46,4.39,91008,40366487.0,1.59,0.91,0.04,0.79
2021-12-10,4.45,4.44,4.45,4.39,59635,26405194.0,1.35,0.0,0.0,0.52
2021-12-13,4.45,4.43,4.46,4.41,49616,21980369.0,1.13,-0.23,-0.01,0.43
2021-12-14,4.44,4.4,4.44,4.38,52225,23043180.0,1.35,-0.68,-0.03,0.45
2021-12-15,4.4,4.45,4.47,4.38,78240,34789433.0,2.05,1.14,0.05,0.68
2021-12-16,4.47,4.46,4.48,4.43,56155,24990219.0,1.12,0.22,0.01,0.49
2021-12-17,4.46,4.48,4.54,4.45,74905,33610403.0,2.02,0.45,0.02,0.65
2021-12-20,4.48,4.52,4.55,4.46,74190,33531100.0,2.01,0.89,0.04,0.64
2021-12-21,4.52,4.74,4.75,4.51,284015,132539254.0,5.31,4.87,0.22,2.47
2021-12-22,4.69,4.6,4.74,4.59,193930,90060663.0,3.16,-2.95,-0.14,1.68
2021-12-23,4.59,4.55,4.63,4.53,93248,42585787.0,2.17,-1.09,-0.05,0.81
2021-12-24,4.55,4.5,4.58,4.5,78053,35406228.0,1.76,-1.1,-0.05,0.68
2021-12-27,4.52,4.56,4.58,4.49,67845,30840517.0,2.0,1.33,0.06,0.59
2021-12-28,4.56,4.56,4.58,4.49,54664,24781909.0,1.97,0.0,0.0,0.47
2021-12-29,4.56,4.53,4.59,4.51,65560,29764608.0,1.75,-0.66,-0.03,0.57
2021-12-30,4.53,4.54,4.55,4.52,50734,23012863.0,0.66,0.22,0.01,0.44
2021-12-31,4.56,4.59,4.62,4.54,71001,32569591.0,1.76,1.1,0.05,0.62
2022-01-04,4.6,4.66,4.67,4.58,92042,42807468.0,1.96,1.53,0.07,0.8
2022-01-05,4.68,4.67,4.69,4.62,96303,44838735.0,1.5,0.21,0.01,0.84
2022-01-06,4.68,4.7,4.74,4.64,103124,48496365.0,2.14,0.64,0.03,0.9
2022-01-07,4.77,4.76,4.9,4.71,273872,131722231.0,4.04,1.28,0.06,2.38
2022-01-10,4.72,4.79,4.85,4.68,156496,74492981.0,3.57,0.63,0.03,1.36
2022-01-11,4.78,4.74,4.83,4.7,133897,63846037.0,2.71,-1.04,-0.05,1.16
2022-01-12,4.76,4.74,4.78,4.68,113321,53537052.0,2.11,0.0,0.0,0.98
2022-01-13,4.77,4.77,4.83,4.74,111367,53314501.0,1.9,0.63,0.03,0.97
2022-01-14,4.83,4.69,4.83,4.68,119493,56751893.0,3.14,-1.68,-0.08,1.04
2022-01-17,4.67,4.72,4.77,4.65,82115,38705774.0,2.56,0.64,0.03,0.71
2022-01-18,4.69,4.66,4.76,4.65,75274,35316927.0,2.33,-1.27,-0.06,0.65
2022-01-19,4.65,4.69,4.72,4.65,63703,29882090.0,1.5,0.64,0.03,0.55
2022-01-20,4.69,4.62,4.76,4.62,100133,46829735.0,2.99,-1.49,-0.07,0.87
2022-01-21,4.62,4.64,4.67,4.58,71604,33089990.0,1.95,0.43,0.02,0.62
2022-01-24,4.65,4.61,4.65,4.52,81168,37284302.0,2.8,-0.65,-0.03,0.71
2022-01-25,4.61,4.47,4.63,4.47,79429,36117908.0,3.47,-3.04,-0.14,0.69
2022-01-26,4.47,4.49,4.51,4.44,51421,23020489.0,1.57,0.45,0.02,0.45
2022-01-27,4.48,4.43,4.48,4.41,73131,32490239.0,1.56,-1.34,-0.06,0.64
2022-01-28,4.43,4.43,4.46,4.41,48135,21343007.0,1.13,0.0,0.0,0.42
2022-02-07,4.47,4.57,4.59,4.43,86185,39015503.0,3.61,3.16,0.14,0.75
2022-02-08,4.55,4.67,4.67,4.55,85819,39826285.0,2.63,2.19,0.1,0.75
2022-02-09,4.67,4.7,4.74,4.65,74373,35012334.0,1.93,0.64,0.03,0.65
2022-02-10,4.7,4.71,4.72,4.66,52593,24674053.0,1.28,0.21,0.01,0.46
2022-02-11,4.75,4.68,4.78,4.67,87032,41097522.0,2.34,-0.64,-0.03,0.76
2022-02-14,4.69,4.68,4.73,4.63,64644,30203838.0,2.14,0.0,0.0,0.56
2022-02-15,4.68,4.61,4.68,4.59,60999,28197879.0,1.92,-1.5,-0.07,0.53
2022-02-16,4.64,4.66,4.67,4.62,44971,20887214.0,1.08,1.08,0.05,0.39
2022-02-17,4.66,4.62,4.72,4.62,56327,26247346.0,2.15,-0.86,-0.04,0.49
2022-02-18,4.64,4.77,4.79,4.61,123600,58403840.0,3.9,3.25,0.15,1.07
2022-02-21,4.76,4.81,4.81,4.71,101457,48304013.0,2.1,0.84,0.04,0.88
2022-02-22,4.8,4.77,4.84,4.72,86914,41552874.0,2.49,-0.83,-0.04,0.75
2022-02-23,4.79,4.73,4.83,4.72,68335,32372011.0,2.31,-0.84,-0.04,0.59
2022-02-24,4.77,4.6,4.77,4.53,132920,61549330.0,5.07,-2.75,-0.13,1.15
2022-02-25,4.6,4.63,4.69,4.6,101782,47397086.0,1.96,0.65,0.03,0.88
2022-02-28,4.68,4.65,4.73,4.6,83920,39142462.0,2.81,0.43,0.02,0.73
2022-03-01,4.67,4.66,4.7,4.62,46823,21766646.0,1.72,0.22,0.01,0.41
2022-03-02,4.65,4.72,4.73,4.63,65154,30625701.0,2.15,1.29,0.06,0.57
2022-03-03,4.71,4.76,4.79,4.71,84056,40021082.0,1.69,0.85,0.04,0.73
2022-03-04,4.75,4.78,4.8,4.71,76159,36219124.0,1.89,0.42,0.02,0.66
2022-03-07,4.85,4.81,4.94,4.78,200290,97457906.0,3.35,0.63,0.03,1.74
2022-03-08,4.84,4.8,4.9,4.73,175669,84875017.0,3.53,-0.21,-0.01,1.53
2022-03-09,4.83,4.77,4.87,4.56,188537,89599549.0,6.46,-0.63,-0.03,1.64
2022-03-10,4.84,5.25,5.25,4.74,485501,250125232.0,10.69,10.06,0.48,4.22
2022-03-11,5.41,5.78,5.78,5.31,563437,317894336.0,8.95,10.1,0.53,4.89
2022-03-14,6.3,5.38,6.31,5.36,1569513,915370960.0,16.44,-6.92,-0.4,13.63
2022-03-15,4.95,4.93,5.25,4.92,968726,490872672.0,6.13,-8.36,-0.45,8.41
2022-03-16,4.95,5.42,5.42,4.91,933653,485745008.0,10.34,9.94,0.49,8.11
2022-03-17,5.51,5.96,5.96,5.46,1757830,1025753392.0,9.23,9.96,0.54,15.27
2022-03-18,5.93,6.56,6.56,5.71,1313426,831371104.0,14.26,10.07,0.6,11.41
2022-03-21,7.22,7.22,7.22,7.22,67682,48866476.0,0.0,10.06,0.66,0.59
2022-03-22,7.94,7.94,7.94,7.33,1786983,1402412528.0,8.45,9.97,0.72,15.52
2022-03-23,8.1,7.25,8.4,7.15,2750901,2102341904.0,15.74,-8.69,-0.69,23.89
2022-03-24,6.72,6.65,7.07,6.54,1803324,1218787904.0,7.31,-8.28,-0.6,15.66
2022-03-25,6.62,6.75,7.18,6.34,1848224,1233534368.0,12.63,1.5,0.1,16.05
2022-03-28,6.5,6.5,6.94,6.18,1364587,894029824.0,11.26,-3.7,-0.25,11.85
2022-03-29,6.38,6.07,6.49,6.04,1264922,788649088.0,6.92,-6.62,-0.43,10.99
2022-03-30,6.06,6.25,6.4,6.06,1184521,739975456.0,5.6,2.97,0.18,10.29
2022-03-31,6.32,6.88,6.88,6.22,1927868,1285320992.0,10.56,10.08,0.63,16.75
2022-04-01,6.88,6.57,7.0,6.35,1706557,1134380816.0,9.45,-4.51,-0.31,14.82
2022-04-06,6.56,6.77,7.06,6.35,1466962,972749328.0,10.81,3.04,0.2,12.74
2022-04-07,6.77,6.18,6.77,6.16,1092003,696403808.0,9.01,-8.71,-0.59,9.49
2022-04-08,6.03,6.26,6.48,5.96,918234,570243360.0,8.41,1.29,0.08,7.98
2022-04-11,6.11,6.25,6.6,5.9,991484,622486864.0,11.18,-0.16,-0.01,8.61
2022-04-12,6.05,6.02,6.18,5.85,822815,496459632.0,5.28,-3.68,-0.23,7.15
2022-04-13,5.85,5.66,5.89,5.6,791535,453243600.0,4.82,-5.98,-0.36,6.88
2022-04-14,5.66,5.86,5.98,5.66,646590,378262064.0,5.65,3.53,0.2,5.62
2022-04-15,5.86,5.74,6.09,5.7,542330,319402576.0,6.66,-2.05,-0.12,4.71
2022-04-18,5.56,5.67,5.9,5.5,448446,257717912.0,6.97,-1.22,-0.07,3.9
2022-04-19,5.65,5.8,5.85,5.57,431781,248264043.0,4.94,2.29,0.13,3.75
2022-04-20,5.8,5.61,5.92,5.58,361768,206133530.0,5.86,-3.28,-0.19,3.14
2022-04-21,5.61,5.32,5.65,5.28,420351,227594422.0,6.6,-5.17,-0.29,3.65
2022-04-22,5.27,5.25,5.39,5.21,271085,143319707.0,3.38,-1.32,-0.07,2.35
2022-04-25,5.16,4.86,5.25,4.83,415759,208516880.0,8.0,-7.43,-0.39,3.61
2022-04-26,4.85,4.89,5.05,4.83,372237,183253910.0,4.53,0.62,0.03,3.23
2022-04-27,4.89,4.96,4.97,4.67,429512,208085044.0,6.13,1.43,0.07,3.73
2022-04-28,4.9,5.16,5.16,4.84,596526,300035968.0,6.45,4.03,0.2,5.18
2022-04-29,5.16,5.21,5.32,5.01,726967,374225888.0,6.01,0.97,0.05,6.31
2022-05-05,5.28,5.24,5.35,5.19,554600,291774272.0,3.07,0.58,0.03,4.82
2022-05-06,5.02,5.0,5.14,4.94,471971,237438590.0,3.82,-4.58,-0.24,4.1
2022-05-09,5.1,5.5,5.5,5.06,358879,191770690.0,8.8,10.0,0.5,3.12
2022-05-10,5.99,6.05,6.05,5.68,1385873,824615232.0,6.73,10.0,0.55,12.04
2022-05-11,6.17,5.92,6.58,5.9,1891630,1176702672.0,11.24,-2.15,-0.13,16.43
2022-05-12,5.8,6.15,6.25,5.8,1244274,756585008.0,7.6,3.89,0.23,10.81
2022-05-13,6.01,6.04,6.14,5.81,938192,560293952.0,5.37,-1.79,-0.11,8.15
2022-05-16,6.25,5.95,6.28,5.93,791554,479255296.0,5.79,-1.49,-0.09,6.88
2022-05-17,5.88,6.0,6.09,5.71,697202,410060016.0,6.39,0.84,0.05,6.06
2022-05-18,5.86,5.87,6.03,5.82,505985,298937136.0,3.5,-2.17,-0.13,4.39
2022-05-19,5.77,5.84,5.99,5.74,604638,355592336.0,4.26,-0.51,-0.03,5.25
2022-05-20,5.85,5.74,5.91,5.68,530211,305349264.0,3.94,-1.71,-0.1,4.61
2022-05-23,5.73,5.61,5.79,5.57,490911,276749744.0,3.83,-2.26,-0.13,4.26
2022-05-24,5.65,5.27,5.67,5.25,533448,289599696.0,7.49,-6.06,-0.34,4.63
2022-05-25,5.23,5.35,5.37,5.23,291793,155216826.0,2.66,1.52,0.08,2.53
2022-05-26,5.35,5.45,5.65,5.35,510342,279692624.0,5.61,1.87,0.1,4.43
2022-05-27,5.4,5.45,5.55,5.38,383773,209540964.0,3.12,0.0,0.0,3.33
2022-05-30,5.47,5.39,5.5,5.34,263913,142713692.0,2.94,-1.1,-0.06,2.29
2022-05-31,5.34,5.42,5.46,5.27,317946,171034505.0,3.53,0.56,0.03,2.76
2022-06-01,5.39,5.33,5.43,5.27,246285,131824707.0,2.95,-1.66,-0.09,2.14
2022-06-02,5.31,5.25,5.32,5.23,215890,113565822.0,1.69,-1.5,-0.08,1.88
2022-06-06,5.25,5.27,5.28,5.15,244986,127715425.0,2.48,0.38,0.02,2.13
2022-06-07,5.27,5.34,5.36,5.23,310163,164375592.0,2.47,1.33,0.07,2.69
2022-06-08,5.34,5.28,5.35,5.15,278584,146378119.0,3.75,-1.12,-0.06,2.42
2022-06-09,5.26,5.28,5.39,5.24,258427,136960133.0,2.84,0.0,0.0,2.24
2022-06-10,5.22,5.25,5.28,5.18,206536,108237210.0,1.89,-0.57,-0.03,1.79
2022-06-13,5.19,5.18,5.22,5.09,251688,130160236.0,2.48,-1.33,-0.07,2.19
2022-06-14,5.11,5.19,5.21,5.03,222987,114593549.0,3.47,0.19,0.01,1.94
2022-06-15,5.22,5.22,5.32,5.16,335334,176288252.0,3.08,0.58,0.03,2.91
2022-06-16,5.22,5.2,5.29,5.18,186610,97358433.0,2.11,-0.38,-0.02,1.62
2022-06-17,5.16,5.14,5.21,5.08,217417,111490344.0,2.5,-1.15,-0.06,1.89
2022-06-20,5.14,5.22,5.28,5.12,208525,108829737.0,3.11,1.56,0.08,1.81
2022-06-21,5.27,5.36,5.45,5.24,456336,244367230.0,4.02,2.68,0.14,3.96
2022-06-22,5.36,5.26,5.37,5.24,251193,132923349.0,2.43,-1.87,-0.1,2.18
2022-06-23,5.24,5.29,5.29,5.18,220983,115829077.0,2.09,0.57,0.03,1.92
2022-06-24,5.34,5.29,5.37,5.24,198678,105178018.0,2.46,0.0,0.0,1.73
2022-06-27,5.28,5.26,5.32,5.25,193222,102022916.0,1.32,-0.57,-0.03,1.68
2022-06-28,5.25,5.23,5.27,5.2,192661,100653815.0,1.33,-0.57,-0.03,1.67
2022-06-29,5.25,5.26,5.34,5.23,328966,174249047.0,2.1,0.57,0.03,2.86
2022-06-30,5.31,5.23,5.31,5.17,262379,137530855.0,2.66,-0.57,-0.03,2.28
2022-07-01,5.24,5.19,5.28,5.18,205467,107277072.0,1.91,-0.76,-0.04,1.78
2022-07-04,5.18,5.15,5.21,5.1,177954,91405132.0,2.12,-0.77,-0.04,1.55
2022-07-05,5.13,5.11,5.17,5.07,159053,81394022.0,1.94,-0.78,-0.04,1.38
2022-07-06,5.09,4.97,5.13,4.95,201191,100863081.0,3.52,-2.74,-0.14,1.75
2022-07-07,5.04,5.05,5.14,4.99,150206,76109182.0,3.02,1.61,0.08,1.3
2022-07-08,5.03,4.97,5.04,4.97,99210,49589869.0,1.39,-1.58,-0.08,0.86
2022-07-11,4.93,4.94,5.0,4.91,118513,58751865.0,1.81,-0.6,-0.03,1.03
2022-07-12,4.94,5.03,5.06,4.94,183361,91954287.0,2.43,1.82,0.09,1.59
2022-07-13,5.06,5.53,5.53,5.04,591918,319043891.0,9.74,9.94,0.5,5.14
2022-07-14,5.5,5.39,5.54,5.25,735247,395889891.0,5.24,-2.53,-0.14,6.39
2022-07-15,5.37,5.13,5.38,5.09,433178,223954846.0,5.38,-4.82,-0.26,3.76
2022-07-18,5.1,5.3,5.35,5.07,364110,192035480.0,5.46,3.31,0.17,3.16
2022-07-19,5.28,5.26,5.43,5.25,294253,156021584.0,3.4,-0.75,-0.04,2.56
2022-07-20,5.26,5.28,5.37,5.25,222091,117629639.0,2.28,0.38,0.02,1.93
2022-07-21,5.38,5.48,5.59,5.27,551584,300192792.0,6.06,3.79,0.2,4.79
2022-07-22,5.47,5.4,5.49,5.35,292759,158402374.0,2.55,-1.46,-0.08,2.54
2022-07-25,5.38,5.35,5.48,5.32,212563,114569506.0,2.96,-0.93,-0.05,1.85
2022-07-26,5.35,5.54,5.58,5.32,494333,271645632.0,4.86,3.55,0.19,4.29
2022-07-27,5.49,5.41,5.51,5.38,324996,176114700.0,2.35,-2.35,-0.13,2.82
2022-07-28,5.43,5.4,5.49,5.37,260098,140790654.0,2.22,-0.18,-0.01,2.26
2022-07-29,5.43,5.31,5.44,5.29,232150,123863849.0,2.78,-1.67,-0.09,2.02
2022-08-01,5.28,5.26,5.32,5.2,189678,99436707.0,2.26,-0.94,-0.05,1.65
2022-08-02,5.23,4.97,5.23,4.93,256511,128677062.0,5.7,-5.51,-0.29,2.23
2022-08-03,4.97,4.89,5.04,4.89,169179,83953547.0,3.02,-1.61,-0.08,1.47
2022-08-04,4.92,4.95,4.99,4.87,120684,59600468.0,2.45,1.23,0.06,1.05
2022-08-05,4.95,5.08,5.11,4.9,173357,87299993.0,4.24,2.63,0.13,1.51
2022-08-08,5.11,5.18,5.27,5.08,211168,109457580.0,3.74,1.97,0.1,1.83
2022-08-09,5.18,5.09,5.19,5.07,147912,75468286.0,2.32,-1.74,-0.09,1.28
2022-08-10,5.08,5.1,5.11,5.01,134831,68146040.0,1.96,0.2,0.01,1.17
2022-08-11,5.2,5.2,5.3,5.19,229985,120435867.0,2.16,1.96,0.1,2.0
2022-08-12,5.18,5.25,5.29,5.15,226433,118708994.0,2.69,0.96,0.05,1.97
2022-08-15,5.24,5.16,5.28,5.16,149418,77693626.0,2.29,-1.71,-0.09,1.3
2022-08-16,5.18,5.25,5.28,5.18,162903,85252870.0,1.94,1.74,0.09,1.41
2022-08-17,5.25,5.28,5.34,5.25,188631,99758448.0,1.71,0.57,0.03,1.64
2022-08-18,5.29,5.56,5.75,5.16,624011,341568681.0,11.17,5.3,0.28,5.42
2022-08-19,5.5,5.52,5.7,5.49,412408,229630853.0,3.78,-0.72,-0.04,3.58
2022-08-22,5.51,5.42,5.53,5.42,201421,109943274.0,1.99,-1.81,-0.1,1.75
2022-08-23,5.44,5.46,5.5,5.39,162671,88571265.0,2.03,0.74,0.04,1.41
2022-08-24,5.46,5.29,5.49,5.28,199756,106874654.0,3.85,-3.11,-0.17,1.74
2022-08-25,5.34,5.31,5.35,5.21,133227,70279495.0,2.65,0.38,0.02,1.16
2022-08-26,5.31,5.21,5.33,5.21,149819,78754905.0,2.26,-1.88,-0.1,1.3
2022-08-29,5.16,5.35,5.41,5.08,189447,99643411.0,6.33,2.69,0.14,1.65
2022-08-30,5.41,5.39,5.49,5.36,228245,123909239.0,2.43,0.75,0.04,1.98
2022-08-31,5.39,5.21,5.43,5.2,179604,95179951.0,4.27,-3.34,-0.18,1.56
2022-09-01,5.23,5.33,5.45,5.22,253316,135895881.0,4.41,2.3,0.12,2.2
2022-09-02,5.35,5.38,5.41,5.32,162243,87117991.0,1.69,0.94,0.05,1.41
2022-09-05,5.37,5.45,5.45,5.35,172360,93583202.0,1.86,1.3,0.07,1.5
2022-09-06,5.46,5.57,5.63,5.44,282484,157011533.0,3.49,2.2,0.12,2.45
2022-09-07,5.52,5.56,5.6,5.48,183342,101588681.0,2.15,-0.18,-0.01,1.59
2022-09-08,5.56,5.53,5.63,5.47,149461,82417960.0,2.88,-0.54,-0.03,1.3
2022-09-09,5.55,5.65,5.68,5.52,269040,151502531.0,2.89,2.17,0.12,2.34
2022-09-13,5.65,5.49,5.67,5.46,233033,129038624.0,3.72,-2.83,-0.16,2.02
2022-09-14,5.44,5.42,5.58,5.38,215425,117801312.0,3.64,-1.28,-0.07,1.87
2022-09-15,5.71,5.77,5.96,5.52,953749,546418583.0,8.12,6.46,0.35,8.28
2022-09-16,5.61,5.27,5.72,5.21,765833,419462192.0,8.84,-8.67,-0.5,6.65
2022-09-19,5.09,5.15,5.27,5.08,360881,186257566.0,3.61,-2.28,-0.12,3.13
2022-09-20,5.17,5.22,5.4,5.15,314801,166508611.0,4.85,1.36,0.07,2.73
2022-09-21,5.22,5.33,5.38,5.05,370561,193194114.0,6.32,2.11,0.11,3.22
2022-09-22,5.29,5.16,5.4,5.14,278676,145958541.0,4.88,-3.19,-0.17,2.42
2022-09-23,5.16,5.09,5.34,5.08,265886,138105377.0,5.04,-1.36,-0.07,2.31
2022-09-26,5.09,4.94,5.17,4.92,232598,116486235.0,4.91,-2.95,-0.15,2.02
2022-09-27,4.92,4.98,5.0,4.81,201892,98853603.0,3.85,0.81,0.04,1.75
2022-09-28,4.96,4.79,4.96,4.79,168605,81773662.0,3.41,-3.82,-0.19,1.46
2022-09-29,4.84,4.64,4.86,4.58,203518,95578154.0,5.85,-3.13,-0.15,1.77
2022-09-30,4.7,4.7,4.77,4.63,159991,75214700.0,3.02,1.29,0.06,1.39
2022-10-10,4.73,4.64,4.85,4.63,181203,86098884.0,4.68,-1.28,-0.06,1.57
2022-10-11,4.63,4.6,4.68,4.53,160968,73901478.0,3.23,-0.86,-0.04,1.4
2022-10-12,4.62,4.7,4.7,4.54,147639,68205282.0,3.48,2.17,0.1,1.28
2022-10-13,4.77,4.81,4.86,4.7,226562,108478849.0,3.4,2.34,0.11,1.97
2022-10-14,4.76,4.83,4.87,4.76,201572,97277946.0,2.29,0.42,0.02,1.75
2022-10-17,4.8,4.85,4.87,4.73,171997,82701660.0,2.9,0.41,0.02,1.49
2022-10-18,4.85,4.85,4.89,4.82,143614,69707574.0,1.44,0.0,0.0,1.25
2022-10-19,4.86,4.81,4.9,4.8,136184,65938848.0,2.06,-0.82,-0.04,1.18
2022-10-20,4.77,4.75,4.82,4.73,104202,49715228.0,1.87,-1.25,-0.06,0.91
2022-10-21,4.8,4.76,4.87,4.74,115333,55531133.0,2.74,0.21,0.01,1.0
2022-10-24,4.77,4.59,4.8,4.58,137291,64174393.0,4.62,-3.57,-0.17,1.19
2022-10-25,4.6,4.57,4.62,4.46,113781,51647677.0,3.49,-0.44,-0.02,0.99
2022-10-26,4.58,4.6,4.65,4.57,86852,39978731.0,1.75,0.66,0.03,0.75
2022-10-27,4.58,4.65,4.69,4.58,99321,46005270.0,2.39,1.09,0.05,0.86
2022-10-28,4.61,4.44,4.65,4.44,126545,57063418.0,4.52,-4.52,-0.21,1.1
2022-10-31,4.43,4.34,4.43,4.32,148460,64920683.0,2.48,-2.25,-0.1,1.29
2022-11-01,4.35,4.39,4.4,4.31,113974,49657498.0,2.07,1.15,0.05,0.99
2022-11-02,4.38,4.47,4.49,4.36,127681,56702809.0,2.96,1.82,0.08,1.11
2022-11-03,4.44,4.44,4.46,4.4,94107,41670020.0,1.34,-0.67,-0.03,0.82
2022-11-04,4.43,4.5,4.53,4.42,108055,48440594.0,2.48,1.35,0.06,0.94
2022-11-07,4.5,4.56,4.58,4.48,148055,67140756.0,2.22,1.33,0.06,1.29
2022-11-08,4.6,4.55,4.6,4.53,78365,35695110.0,1.54,-0.22,-0.01,0.68
2022-11-09,4.55,4.59,4.68,4.54,148725,68688407.0,3.08,0.88,0.04,1.29
2022-11-10,4.63,4.63,4.66,4.55,132138,61061570.0,2.4,0.87,0.04,1.15
2022-11-11,4.7,4.83,4.89,4.67,410283,196658427.0,4.75,4.32,0.2,3.56
2022-11-14,4.95,4.85,4.99,4.82,388920,190210261.0,3.52,0.41,0.02,3.38
2022-11-15,4.82,4.91,4.98,4.81,296283,145748229.0,3.51,1.24,0.06,2.57
2022-11-16,4.91,4.84,4.97,4.84,186104,90998227.0,2.65,-1.43,-0.07,1.62
2022-11-17,4.83,4.83,4.91,4.8,136869,66295863.0,2.27,-0.21,-0.01,1.19
2022-11-18,4.84,4.81,4.87,4.76,186163,89766180.0,2.28,-0.41,-0.02,1.62
2022-11-21,4.76,4.73,4.77,4.65,148913,69926589.0,2.49,-1.66,-0.08,1.29
2022-11-22,4.82,4.72,4.86,4.7,140908,67104826.0,3.38,-0.21,-0.01,1.22
2022-11-23,4.68,4.71,4.73,4.66,120577,56627577.0,1.48,-0.21,-0.01,1.05
2022-11-24,4.81,4.76,4.89,4.73,183240,87780127.0,3.4,1.06,0.05,1.59
2022-11-25,4.76,4.88,4.91,4.75,308610,149911576.0,3.36,2.52,0.12,2.68
2022-11-28,4.81,4.86,4.87,4.69,193910,93529229.0,3.69,-0.41,-0.02,1.68
2022-11-29,5.15,5.2,5.29,4.96,700123,358226735.0,6.79,7.0,0.34,6.08
2022-11-30,5.13,5.12,5.35,5.1,627841,326735361.0,4.81,-1.54,-0.08,5.45
2022-12-01,5.12,5.05,5.18,5.02,347233,176656466.0,3.13,-1.37,-0.07,3.02
2022-12-02,5.02,5.0,5.04,4.91,231610,115018438.0,2.57,-0.99,-0.05,2.01
2022-12-05,5.04,5.07,5.1,5.01,236400,119668595.0,1.8,1.4,0.07,2.05
2022-12-06,5.03,4.99,5.09,4.96,193103,96771570.0,2.56,-1.58,-0.08,1.68
2022-12-07,4.96,4.99,5.0,4.9,148736,73635595.0,2.0,0.0,0.0,1.29
2022-12-08,4.98,5.07,5.11,4.95,261912,132125529.0,3.21,1.6,0.08,2.27
2022-12-09,5.11,5.0,5.15,4.99,218086,110135825.0,3.16,-1.38,-0.07,1.89
2022-12-12,4.95,4.87,4.99,4.86,186403,91603164.0,2.6,-2.6,-0.13,1.62
2022-12-13,4.84,4.91,4.95,4.84,118603,58180510.0,2.26,0.82,0.04,1.03
2022-12-14,4.91,4.87,4.91,4.83,120683,58743929.0,1.63,-0.81,-0.04,1.05
2022-12-15,4.86,4.92,4.92,4.81,105981,51582505.0,2.26,1.03,0.05,0.92
2022-12-16,4.93,5.41,5.41,4.9,1027427,547229023.0,10.37,9.96,0.49,8.92
2022-12-19,5.31,5.22,5.63,5.15,1029095,551443995.0,8.87,-3.51,-0.19,8.94
2022-12-20,5.2,5.06,5.24,4.94,462848,234469137.0,5.75,-3.07,-0.16,4.02
2022-12-21,5.11,4.99,5.15,4.97,382574,192093020.0,3.56,-1.38,-0.07,3.32
2022-12-22,5.11,4.95,5.2,4.95,563456,283489802.0,5.01,-0.8,-0.04,4.89
2022-12-23,4.84,4.79,4.86,4.64,412819,196837580.0,4.44,-3.23,-0.16,3.59
2022-12-26,4.77,4.73,4.77,4.67,226336,106712441.0,2.09,-1.25,-0.06,1.97
2022-12-27,4.73,4.86,4.87,4.71,261579,125593840.0,3.38,2.75,0.13,2.27
2022-12-28,4.83,4.8,4.89,4.73,177419,85676719.0,3.29,-1.23,-0.06,1.54
2022-12-29,4.76,4.66,4.81,4.66,221379,103979336.0,3.13,-2.92,-0.14,1.92
2022-12-30,4.64,4.68,4.7,4.63,130505,60882394.0,1.5,0.43,0.02,1.13
2023-01-03,4.67,4.74,4.76,4.65,139112,65567513.0,2.35,1.28,0.06,1.21
2023-01-04,4.71,4.82,4.88,4.7,223630,107895056.0,3.8,1.69,0.08,1.94
2023-01-05,4.82,4.79,4.86,4.77,136759,65601652.0,1.87,-0.62,-0.03,1.19
2023-01-06,4.82,4.76,4.89,4.75,154040,74064211.0,2.92,-0.63,-0.03,1.34
2023-01-09,4.76,4.75,4.81,4.74,98702,47081681.0,1.47,-0.21,-0.01,0.86
2023-01-10,4.74,4.7,4.76,4.68,100709,47424437.0,1.68,-1.05,-0.05,0.87
2023-01-11,4.71,4.7,4.76,4.68,84069,39695609.0,1.7,0.0,0.0,0.73
2023-01-12,4.69,4.69,4.7,4.63,91160,42527618.0,1.49,-0.21,-0.01,0.79
2023-01-13,4.68,4.73,4.73,4.66,73524,34521205.0,1.49,0.85,0.04,0.64
2023-01-16,4.72,4.77,4.77,4.69,122202,57998080.0,1.69,0.85,0.04,1.06
2023-01-17,4.75,4.82,4.89,4.75,150556,72653871.0,2.94,1.05,0.05,1.31
2023-01-18,4.82,4.81,4.85,4.8,106387,51281490.0,1.04,-0.21,-0.01,0.92
2023-01-19,4.79,4.83,4.84,4.78,84942,40870836.0,1.25,0.42,0.02,0.74
2023-01-20,4.82,4.87,4.87,4.82,115499,56039324.0,1.04,0.83,0.04,1.0
2023-01-30,4.93,4.89,4.94,4.87,133656,65459046.0,1.44,0.41,0.02,1.16
2023-01-31,4.87,4.99,5.0,4.84,170022,83833021.0,3.27,2.04,0.1,1.48
2023-02-01,5.0,5.0,5.01,4.93,137131,68132447.0,1.6,0.2,0.01,1.19
2023-02-02,5.15,5.5,5.5,5.11,1045800,569055640.0,7.8,10.0,0.5,9.08
2023-02-03,5.48,5.33,5.48,5.27,872751,466067889.0,3.82,-3.09,-0.17,7.58
2023-02-06,5.27,5.33,5.38,5.24,390358,207843529.0,2.63,0.0,0.0,3.39
2023-02-07,5.33,5.33,5.38,5.3,305266,162743538.0,1.5,0.0,0.0,2.65
2023-02-08,5.3,5.19,5.31,5.18,352815,184678758.0,2.44,-2.63,-0.14,3.06
2023-02-09,5.24,5.25,5.25,5.18,212325,110806716.0,1.35,1.16,0.06,1.84
2023-02-10,5.25,5.25,5.3,5.23,195672,102867757.0,1.33,0.0,0.0,1.7
2023-02-13,5.27,5.33,5.33,5.23,234828,124082585.0,1.9,1.52,0.08,2.04
2023-02-14,5.35,5.26,5.36,5.24,208127,110102130.0,2.25,-1.31,-0.07,1.81
2023-02-15,5.25,5.23,5.26,5.2,156476,81743989.0,1.14,-0.57,-0.03,1.36
2023-02-16,5.22,5.17,5.35,5.13,314271,164924385.0,4.21,-1.15,-0.06,2.73
2023-02-17,5.18,5.12,5.21,5.12,173693,89605819.0,1.74,-0.97,-0.05,1.51
2023-02-20,5.17,5.27,5.32,5.17,266025,140053127.0,2.93,2.93,0.15,2.31
2023-02-21,5.33,5.28,5.38,5.24,263005,139562572.0,2.66,0.19,0.01,2.28
2023-02-22,5.24,5.26,5.3,5.23,167803,88322354.0,1.33,-0.38,-0.02,1.46
2023-02-23,5.26,5.26,5.31,5.23,143945,75895539.0,1.52,0.0,0.0,1.25
2023-02-24,5.26,5.21,5.27,5.19,114814,59910489.0,1.52,-0.95,-0.05,1.0
2023-02-27,5.21,5.14,5.23,5.13,115550,59846468.0,1.92,-1.34,-0.07,1.0
2023-02-28,5.14,5.2,5.21,5.14,96943,50155618.0,1.36,1.17,0.06,0.84
2023-03-01,5.2,5.22,5.23,5.18,103863,54070788.0,0.96,0.38,0.02,0.9
2023-03-02,5.22,5.21,5.25,5.2,107200,56002369.0,0.96,-0.19,-0.01,0.93
2023-03-03,5.22,5.27,5.27,5.2,120474,63102967.0,1.34,1.15,0.06,1.05
2023-03-06,5.26,5.19,5.28,5.18,136254,71030889.0,1.9,-1.52,-0.08,1.18
2023-03-07,5.19,5.08,5.22,5.08,161621,83005137.0,2.7,-2.12,-0.11,1.4
2023-03-08,5.07,5.09,5.11,5.06,67146,34136662.0,0.98,0.2,0.01,0.58
2023-03-09,5.09,5.16,5.17,5.06,105370,53995258.0,2.16,1.38,0.07,0.92
2023-03-10,5.14,5.05,5.14,5.03,127535,64655047.0,2.13,-2.13,-0.11,1.11
2023-03-13,5.04,5.06,5.09,5.01,72011,36316768.0,1.58,0.2,0.01,0.63
2023-03-14,5.07,4.93,5.07,4.91,160879,79964178.0,3.16,-2.57,-0.13,1.4
2023-03-15,4.95,5.02,5.02,4.94,68245,34047634.0,1.62,1.83,0.09,0.59
2023-03-16,4.99,4.97,5.02,4.94,61423,30620212.0,1.59,-1.0,-0.05,0.53
2023-03-17,4.99,5.04,5.07,4.98,96837,48738665.0,1.81,1.41,0.07,0.84
2023-03-20,5.06,5.05,5.18,5.03,180612,92291229.0,2.98,0.2,0.01,1.57
2023-03-21,5.07,5.11,5.12,5.03,113020,57373908.0,1.78,1.19,0.06,0.98
2023-03-22,5.11,5.12,5.12,5.07,73940,37706374.0,0.98,0.2,0.01,0.64
2023-03-23,5.1,5.08,5.11,5.05,83295,42237035.0,1.17,-0.78,-0.04,0.72
2023-03-24,5.07,5.14,5.15,5.03,136557,69667530.0,2.36,1.18,0.06,1.19
2023-03-27,5.16,5.1,5.16,5.08,95273,48791575.0,1.56,-0.78,-0.04,0.83
2023-03-28,5.1,5.05,5.13,5.04,75101,38125334.0,1.76,-0.98,-0.05,0.65
2023-03-29,5.05,5.0,5.07,4.97,83504,41854471.0,1.98,-0.99,-0.05,0.73
2023-03-30,5.03,4.95,5.03,4.94,85983,42674525.0,1.8,-1.0,-0.05,0.75
2023-03-31,4.96,4.96,4.98,4.94,60172,29819460.0,0.81,0.2,0.01,0.52
2023-04-03,4.95,5.02,5.04,4.94,108705,54380543.0,2.02,1.21,0.06,0.94
2023-04-04,5.0,4.97,5.03,4.95,94166,46908132.0,1.59,-1.0,-0.05,0.82
2023-04-06,4.95,4.96,4.99,4.94,63314,31421226.0,1.01,-0.2,-0.01,0.55
2023-04-07,4.96,5.04,5.05,4.95,93642,47059830.0,2.02,1.61,0.08,0.81
2023-04-10,5.03,4.99,5.03,4.97,85506,42729618.0,1.19,-0.99,-0.05,0.74
2023-04-11,4.99,5.04,5.05,4.96,79053,39533460.0,1.8,1.0,0.05,0.69
2023-04-12,5.04,5.07,5.08,5.0,87851,44296572.0,1.59,0.6,0.03,0.76
2023-04-13,5.05,5.03,5.07,5.01,75027,37806769.0,1.18,-0.79,-0.04,0.65
2023-04-14,5.03,5.03,5.06,5.0,64463,32422958.0,1.19,0.0,0.0,0.56
2023-04-17,5.02,5.03,5.04,4.99,68140,34154548.0,0.99,0.0,0.0,0.59
2023-04-18,5.03,5.01,5.04,5.0,65228,32736760.0,0.8,-0.4,-0.02,0.57
2023-04-19,5.0,4.94,5.0,4.94,83857,41576508.0,1.2,-1.4,-0.07,0.73
2023-04-20,4.94,4.89,4.95,4.86,75624,36989597.0,1.82,-1.01,-0.05,0.66
2023-04-21,4.9,4.82,4.94,4.82,68987,33695699.0,2.45,-1.43,-0.07,0.6
2023-04-24,4.82,4.85,4.89,4.76,66846,32267777.0,2.7,0.62,0.03,0.58
2023-04-25,4.85,4.75,4.85,4.71,78214,37243208.0,2.89,-2.06,-0.1,0.68
2023-04-26,4.71,4.75,4.79,4.7,38040,18064943.0,1.89,0.0,0.0,0.33
2023-04-27,4.74,4.76,4.83,4.74,63313,30241811.0,1.89,0.21,0.01,0.55
2023-04-28,4.75,4.81,4.83,4.74,64490,31000697.0,1.89,1.05,0.05,0.56
2023-05-04,4.81,4.95,4.96,4.81,111946,55156902.0,3.12,2.91,0.14,0.97
2023-05-05,4.94,5.03,5.04,4.91,130540,65152823.0,2.63,1.62,0.08,1.13
2023-05-08,5.03,5.04,5.06,5.0,131037,65975494.0,1.19,0.2,0.01,1.14
2023-05-09,5.05,5.04,5.14,5.01,166171,84319200.0,2.58,0.0,0.0,1.44
2023-05-10,5.1,5.06,5.11,5.01,80069,40456926.0,1.98,0.4,0.02,0.7
2023-05-11,5.06,5.07,5.11,5.03,77529,39340034.0,1.58,0.2,0.01,0.67
2023-05-12,5.09,5.05,5.12,5.05,71360,36281893.0,1.38,-0.39,-0.02,0.62
2023-05-15,5.06,5.04,5.07,4.95,85159,42670587.0,2.38,-0.2,-0.01,0.74
2023-05-16,5.03,5.05,5.08,5.01,66331,33462463.0,1.39,0.2,0.01,0.58
2023-05-17,5.04,5.06,5.09,4.98,70036,35232769.0,2.18,0.2,0.01,0.61
2023-05-18,5.06,5.0,5.08,4.98,79432,39844443.0,1.98,-1.19,-0.06,0.69
2023-05-19,4.99,4.87,5.0,4.85,159100,77903429.0,3.0,-2.6,-0.13,1.38
2023-05-22,4.87,4.84,4.87,4.82,70947,34324811.0,1.03,-0.62,-0.03,0.62
2023-05-23,4.85,4.82,4.89,4.81,64415,31234519.0,1.65,-0.41,-0.02,0.56
2023-05-24,4.8,4.73,4.81,4.73,91286,43393368.0,1.66,-1.87,-0.09,0.79
2023-05-25,4.73,4.73,4.76,4.68,76409,36028132.0,1.69,0.0,0.0,0.66
2023-05-26,4.74,4.76,4.77,4.69,54862,25982635.0,1.69,0.63,0.03,0.48
2023-05-29,4.75,4.68,4.75,4.68,65752,30990296.0,1.47,-1.68,-0.08,0.57
2023-05-30,4.69,4.76,4.79,4.66,84695,40196535.0,2.78,1.71,0.08,0.74
2023-05-31,4.75,4.78,4.79,4.74,56022,26704591.0,1.05,0.42,0.02,0.49
2023-06-01,4.79,4.74,4.8,4.73,54709,26032750.0,1.46,-0.84,-0.04,0.48
2023-06-02,4.76,4.84,4.85,4.76,102016,49111899.0,1.9,2.11,0.1,0.89
2023-06-05,4.81,4.83,4.85,4.8,79559,38329633.0,1.03,-0.21,-0.01,0.69
2023-06-06,4.83,4.8,4.88,4.79,72344,35027083.0,1.86,-0.62,-0.03,0.63
2023-06-07,4.81,4.87,4.9,4.79,84908,41263303.0,2.29,1.46,0.07,0.74
2023-06-08,4.86,4.91,4.94,4.84,111884,54919311.0,2.05,0.82,0.04,0.97
2023-06-09,4.89,4.91,4.94,4.87,81721,40078768.0,1.43,0.0,0.0,0.71
2023-06-12,4.87,4.88,4.91,4.86,79335,38743967.0,1.02,-0.61,-0.03,0.69
2023-06-13,4.88,4.87,4.93,4.86,55874,27292351.0,1.43,-0.2,-0.01,0.49
2023-06-14,4.87,4.89,4.91,4.87,59205,28977633.0,0.82,0.41,0.02,0.51
2023-06-15,4.88,4.92,4.92,4.85,81124,39623244.0,1.43,0.61,0.03,0.7
2023-06-16,4.94,5.19,5.29,4.92,512171,262954013.0,7.52,5.49,0.27,4.45
2023-06-19,5.12,5.24,5.36,5.09,555215,290117868.0,5.2,0.96,0.05,4.82
2023-06-20,5.3,5.07,5.31,5.05,393682,202908438.0,4.96,-3.24,-0.17,3.42
2023-06-21,5.09,5.24,5.58,5.08,695454,370500140.0,9.86,3.35,0.17,6.04
2023-06-26,5.24,5.13,5.38,5.07,447327,231403196.0,5.92,-2.1,-0.11,3.89
2023-06-27,5.1,5.16,5.19,4.99,327485,166525698.0,3.9,0.58,0.03,2.84
2023-06-28,5.13,5.05,5.14,5.01,246068,124117932.0,2.52,-2.13,-0.11,2.14
2023-06-29,5.03,5.04,5.08,5.0,165474,83315483.0,1.58,-0.2,-0.01,1.44
2023-06-30,5.04,5.07,5.14,5.02,226842,115266275.0,2.38,0.6,0.03,1.97
2023-07-03,5.1,5.15,5.27,5.09,256298,132482454.0,3.55,1.58,0.08,2.23
2023-07-04,5.15,5.1,5.16,5.06,178685,91020433.0,1.94,-0.97,-0.05,1.55
2023-07-05,5.09,5.14,5.19,5.05,207981,106791805.0,2.75,0.78,0.04,1.81
2023-07-06,5.12,5.25,5.35,5.06,394692,205429989.0,5.64,2.14,0.11,3.43
2023-07-07,5.2,5.17,5.24,5.15,240748,124819312.0,1.71,-1.52,-0.08,2.09
2023-07-10,5.15,5.1,5.17,5.09,163318,83700891.0,1.55,-1.35,-0.07,1.42
2023-07-11,5.15,5.11,5.19,5.08,168822,86487524.0,2.16,0.2,0.01,1.47
2023-07-12,5.08,5.0,5.12,4.99,190427,95772398.0,2.54,-2.15,-0.11,1.65
2023-07-13,5.0,5.04,5.05,5.0,99055,49787754.0,1.0,0.8,0.04,0.86
2023-07-14,5.01,5.0,5.01,4.97,96343,48080546.0,0.79,-0.79,-0.04,0.84
2023-07-17,5.02,5.17,5.28,4.95,364741,187535259.0,6.6,3.4,0.17,3.17
2023-07-18,5.2,5.21,5.24,5.13,271157,140860694.0,2.13,0.77,0.04,2.36
2023-07-19,5.17,5.21,5.24,5.16,153375,79707415.0,1.54,0.0,0.0,1.33
2023-07-20,5.21,5.23,5.32,5.2,234113,123046508.0,2.3,0.38,0.02,2.03
2023-07-21,5.23,5.27,5.3,5.2,212787,112004096.0,1.91,0.76,0.04,1.85
2023-07-24,5.28,5.27,5.33,5.21,285510,150591367.0,2.28,0.0,0.0,2.48
2023-07-25,5.29,5.43,5.44,5.29,404478,218237079.0,2.85,3.04,0.16,3.51
2023-07-26,5.41,5.45,5.52,5.38,386378,211002418.0,2.58,0.37,0.02,3.36
2023-07-27,5.4,5.42,5.52,5.28,335177,182387396.0,4.4,-0.55,-0.03,2.91
2023-07-28,5.45,5.46,5.5,5.39,279665,152219427.0,2.03,0.74,0.04,2.43
2023-07-31,5.52,5.57,5.65,5.52,418541,234119710.0,2.38,2.01,0.11,3.64
2023-08-01,5.55,5.55,5.64,5.47,317488,176717421.0,3.05,-0.36,-0.02,2.76
2023-08-02,5.5,5.65,5.69,5.5,402659,227051242.0,3.42,1.8,0.1,3.5
2023-08-03,5.61,5.69,5.74,5.53,348084,196366908.0,3.72,0.71,0.04,3.02
2023-08-04,5.8,5.69,5.9,5.65,413147,236992864.0,4.39,0.0,0.0,3.59
2023-08-07,5.6,5.52,5.62,5.47,307033,169752280.0,2.64,-2.99,-0.17,2.67
2023-08-08,5.53,5.44,5.58,5.43,167667,91767287.0,2.72,-1.45,-0.08,1.46
2023-08-09,5.45,5.41,5.5,5.39,122688,66631238.0,2.02,-0.55,-0.03,1.07
2023-08-10,5.41,5.42,5.47,5.38,100694,54608473.0,1.66,0.18,0.01,0.87
2023-08-11,5.42,5.35,5.54,5.33,166187,89555545.0,3.87,-1.29,-0.07,1.44
2023-08-14,5.23,5.27,5.32,5.21,129601,68076918.0,2.06,-1.5,-0.08,1.13
2023-08-15,5.29,5.24,5.3,5.18,107565,56289205.0,2.28,-0.57,-0.03,0.93
2023-08-16,5.23,5.32,5.39,5.19,173755,92229467.0,3.82,1.53,0.08,1.51
2023-08-17,5.29,5.29,5.33,5.21,126991,66815948.0,2.26,-0.56,-0.03,1.1
2023-08-18,5.27,5.16,5.31,5.16,165939,86517450.0,2.84,-2.46,-0.13,1.44
2023-08-21,5.16,5.06,5.21,5.06,150128,76743505.0,2.91,-1.94,-0.1,1.3
2023-08-22,5.1,5.1,5.12,5.03,125674,63751174.0,1.78,0.79,0.04,1.09
2023-08-23,5.09,5.01,5.09,4.99,89435,45026402.0,1.96,-1.76,-0.09,0.78
2023-08-24,5.02,4.91,5.03,4.9,123367,61036001.0,2.59,-2.0,-0.1,1.07
2023-08-25,4.91,4.94,5.0,4.9,119507,59111249.0,2.04,0.61,0.03,1.04
2023-08-28,5.28,5.18,5.32,5.1,339029,177066740.0,4.45,4.86,0.24,2.94
2023-08-29,5.14,5.36,5.36,5.12,256219,135300381.0,4.63,3.47,0.18,2.23
2023-08-30,5.33,5.25,5.38,5.23,201513,106308136.0,2.8,-2.05,-0.11,1.75
2023-08-31,5.21,4.95,5.26,4.93,345041,173238355.0,6.29,-5.71,-0.3,3.0
2023-09-01,5.0,4.94,5.03,4.91,214986,106525741.0,2.42,-0.2,-0.01,1.87
2023-09-04,4.97,4.97,5.02,4.95,205194,102275821.0,1.42,0.61,0.03,1.78
2023-09-05,4.97,4.88,4.98,4.87,205690,100674145.0,2.21,-1.81,-0.09,1.79
2023-09-06,4.87,4.93,4.95,4.83,179323,87705117.0,2.46,1.02,0.05,1.56
2023-09-07,4.91,4.86,4.98,4.86,178400,87764940.0,2.43,-1.42,-0.07,1.55
2023-09-08,4.84,4.88,4.88,4.83,80772,39192894.0,1.03,0.41,0.02,0.7
2023-09-11,4.88,4.92,4.93,4.82,150086,73274467.0,2.25,0.82,0.04,1.3
2023-09-12,4.95,5.1,5.31,4.9,569760,292490805.0,8.33,3.66,0.18,4.95
2023-09-13,5.09,4.98,5.13,4.94,353048,176767855.0,3.73,-2.35,-0.12,3.07
2023-09-14,4.97,4.91,4.97,4.89,179242,88132017.0,1.61,-1.41,-0.07,1.56
2023-09-15,4.93,5.0,5.01,4.91,178834,88860939.0,2.04,1.83,0.09,1.55
2023-09-18,5.01,4.94,5.01,4.92,134698,66586047.0,1.8,-1.2,-0.06,1.17
2023-09-19,4.93,4.92,4.95,4.9,83530,41150689.0,1.01,-0.4,-0.02,0.73
2023-09-20,4.93,4.92,4.95,4.88,88286,43453647.0,1.42,0.0,0.0,0.77
2023-09-21,4.91,4.92,4.94,4.89,104899,51618003.0,1.02,0.0,0.0,0.91
2023-09-22,4.91,4.97,4.97,4.87,127989,63061397.0,2.03,1.02,0.05,1.11
2023-09-25,4.96,4.89,4.97,4.88,135132,66401411.0,1.81,-1.61,-0.08,1.17
2023-09-26,4.88,4.86,4.9,4.84,128764,62622290.0,1.23,-0.61,-0.03,1.12
2023-09-27,4.87,4.92,4.95,4.86,125033,61311175.0,1.85,1.23,0.06,1.09
2023-09-28,4.9,4.89,4.92,4.87,122290,59880287.0,1.02,-0.61,-0.03,1.06
2023-10-09,4.89,4.81,4.9,4.8,131364,63442817.0,2.04,-1.64,-0.08,1.14
2023-10-10,4.81,4.72,4.84,4.71,127249,60466833.0,2.7,-1.87,-0.09,1.11
2023-10-11,4.73,4.71,4.75,4.69,90323,42639594.0,1.27,-0.21,-0.01,0.78
2023-10-12,4.73,4.75,4.76,4.7,83391,39510943.0,1.27,0.85,0.04,0.72
2023-10-13,4.72,4.71,4.73,4.68,67385,31737539.0,1.05,-0.84,-0.04,0.59
2023-10-16,4.72,4.68,4.74,4.65,86772,40643034.0,1.91,-0.64,-0.03,0.75
2023-10-17,4.69,4.72,4.75,4.67,71548,33701036.0,1.71,0.85,0.04,0.62
2023-10-18,4.73,4.63,4.73,4.62,83588,38944168.0,2.33,-1.91,-0.09,0.73
2023-10-19,4.62,4.63,4.69,4.6,75746,35159648.0,1.94,0.0,0.0,0.66
2023-10-20,4.61,4.68,4.72,4.6,97083,45393189.0,2.59,1.08,0.05,0.84
2023-10-23,4.67,4.55,4.69,4.53,103950,47626058.0,3.42,-2.78,-0.13,0.9
2023-10-24,4.56,4.67,4.68,4.55,102565,47580339.0,2.86,2.64,0.12,0.89
2023-10-25,4.75,4.75,4.79,4.72,120555,57276261.0,1.5,1.71,0.08,1.05
2023-10-26,4.71,4.72,4.73,4.66,98155,46055873.0,1.47,-0.63,-0.03,0.85
2023-10-27,4.69,4.77,4.77,4.69,96930,45916560.0,1.69,1.06,0.05,0.84
2023-10-30,4.73,4.76,4.78,4.71,135165,64183578.0,1.47,-0.21,-0.01,1.17
2023-10-31,4.75,4.82,4.84,4.73,183782,88023758.0,2.31,1.26,0.06,1.6
2023-11-01,4.82,4.79,4.82,4.77,106142,50861925.0,1.04,-0.62,-0.03,0.92
2023-11-02,4.79,4.79,4.83,4.75,94276,45152469.0,1.67,0.0,0.0,0.82
2023-11-03,4.79,4.77,4.81,4.76,86783,41507394.0,1.04,-0.42,-0.02,0.75
2023-11-06,4.79,4.85,4.86,4.78,129444,62488242.0,1.68,1.68,0.08,1.12
2023-11-07,4.85,4.87,4.88,4.81,90942,44095312.0,1.44,0.41,0.02,0.79
2023-11-08,4.86,4.88,4.91,4.84,106604,52024957.0,1.44,0.21,0.01,0.93
2023-11-09,4.87,4.82,4.9,4.81,100426,48667758.0,1.84,-1.23,-0.06,0.87
2023-11-10,4.82,4.78,4.82,4.74,101579,48492671.0,1.66,-0.83,-0.04,0.88
2023-11-13,4.79,4.81,4.83,4.76,73838,35390039.0,1.46,0.63,0.03,0.64
2023-11-14,4.81,4.88,4.88,4.8,121571,59110472.0,1.66,1.46,0.07,1.06
2023-11-15,4.93,4.86,4.94,4.84,102755,50113877.0,2.05,-0.41,-0.02,0.89
2023-11-16,4.87,4.82,4.87,4.82,73262,35440307.0,1.03,-0.82,-0.04,0.64
2023-11-17,4.81,4.85,4.86,4.81,56538,27331577.0,1.04,0.62,0.03,0.49
2023-11-20,4.87,4.87,4.9,4.84,90730,44210851.0,1.24,0.41,0.02,0.79
2023-11-21,4.89,4.92,4.98,4.89,212385,105081561.0,1.85,1.03,0.05,1.84
2023-11-22,4.92,4.96,5.05,4.9,270799,135315953.0,3.05,0.81,0.04,2.35
2023-11-23,4.94,5.05,5.05,4.89,247554,123667990.0,3.23,1.81,0.09,2.15
2023-11-24,5.05,5.01,5.08,4.98,162534,81792241.0,1.98,-0.79,-0.04,1.41
2023-11-27,5.01,4.93,5.01,4.92,132456,65487901.0,1.8,-1.6,-0.08,1.15
2023-11-28,4.93,4.9,4.93,4.87,107580,52649490.0,1.22,-0.61,-0.03,0.93
2023-11-29,4.88,4.83,4.91,4.82,112372,54451583.0,1.84,-1.43,-0.07,0.98
2023-11-30,4.82,4.83,4.85,4.79,87258,42066314.0,1.24,0.0,0.0,0.76
2023-12-01,4.84,4.89,4.9,4.81,109975,53556812.0,1.86,1.24,0.06,0.96
2023-12-04,4.89,4.88,4.91,4.84,87604,42677915.0,1.43,-0.2,-0.01,0.76
2023-12-05,4.88,4.82,4.92,4.82,75359,36644480.0,2.05,-1.23,-0.06,0.65
2023-12-06,4.82,4.92,4.93,4.8,115343,56421469.0,2.7,2.07,0.1,1.0
2023-12-07,4.9,4.96,4.99,4.86,142809,70437096.0,2.64,0.81,0.04,1.24
2023-12-08,4.94,4.84,4.98,4.83,156134,76222032.0,3.02,-2.42,-0.12,1.36
2023-12-11,4.83,4.81,4.83,4.75,146610,70037874.0,1.65,-0.62,-0.03,1.27
2023-12-12,4.8,5.04,5.24,4.79,383828,192276957.0,9.36,4.78,0.23,3.33
2023-12-13,5.04,5.25,5.47,4.95,717563,373095806.0,10.32,4.17,0.21,6.23
2023-12-14,5.16,5.18,5.24,5.1,426403,220290140.0,2.67,-1.33,-0.07,3.7
2023-12-15,5.25,5.12,5.3,5.09,318041,164144544.0,4.05,-1.16,-0.06,2.76
2023-12-18,5.09,5.0,5.14,4.98,249859,125796499.0,3.13,-2.34,-0.12,2.17
2023-12-19,5.01,4.91,5.03,4.85,238647,117101669.0,3.6,-1.8,-0.09,2.07
2023-12-20,4.9,4.85,4.91,4.85,59736,29144229.0,1.22,-1.22,-0.06,0.52
