datetime,open,close,high,low,volume,turnover,amplitude,pricelimit,change,turnoverratio
2010-01-05,51.31,53.16,53.52,51.31,161911,851012836.0,4.27,2.67,1.38,1.41
2010-01-06,53.2,52.93,54.65,52.86,97885,527481057.0,3.37,-0.43,-0.23,0.85
2010-01-07,52.9,52.11,54.47,51.95,79688,424120414.0,4.76,-1.55,-0.82,0.69
2010-01-08,52.08,51.07,52.08,50.38,70377,358637691.0,3.26,-2.0,-1.04,0.61
2010-01-11,52.35,50.66,53.17,49.98,59789,303782241.0,6.25,-0.8,-0.41,0.52
2010-01-12,50.21,50.73,50.79,49.36,175794,874954252.0,2.82,0.14,0.07,1.53
2010-01-13,49.19,46.47,49.19,45.88,310382,1469243895.0,6.52,-8.4,-4.26,2.7
2010-01-14,46.78,47.39,47.41,45.85,143990,667952212.0,3.36,1.98,0.92,1.25
2010-01-15,47.0,46.99,47.47,45.9,104588,490112633.0,3.31,-0.84,-0.4,0.91
2010-01-18,46.99,46.33,47.18,46.1,100196,463996876.0,2.3,-1.4,-0.66,0.87
2010-01-19,46.6,46.59,47.7,46.43,154659,725278979.0,2.74,0.56,0.26,1.34
2010-01-20,47.0,44.22,47.0,43.8,167947,755205856.0,6.87,-5.09,-2.37,1.46
2010-01-21,44.17,42.89,44.5,42.3,123656,532317656.0,4.98,-3.01,-1.33,1.07
2010-01-22,42.06,42.67,43.88,40.58,199936,832724092.0,7.69,-0.51,-0.22,1.74
2010-01-25,41.97,42.13,42.82,41.68,62737,265660249.0,2.67,-1.27,-0.54,0.55
2010-01-26,42.01,40.35,42.48,39.77,100211,406988161.0,6.43,-4.23,-1.78,0.87
2010-01-27,40.25,40.18,41.5,39.56,102043,414940087.0,4.81,-0.42,-0.17,0.89
2010-01-28,40.38,40.56,40.68,39.5,70225,283526950.0,2.94,0.95,0.38,0.61
2010-01-29,40.1,40.34,41.38,39.95,58508,237615300.0,3.53,-0.54,-0.22,0.51
2010-02-01,40.0,38.32,40.19,38.05,84798,328234422.0,5.3,-5.01,-2.02,0.74
2010-02-02,39.05,38.79,40.06,38.58,109902,432100677.0,3.86,1.23,0.47,0.96
2010-02-03,39.61,42.1,42.45,38.61,180806,732801760.0,9.9,8.53,3.31,1.57
2010-02-04,41.4,41.12,41.9,40.91,106265,438693857.0,2.35,-2.33,-0.98,0.92
2010-02-05,39.17,39.21,39.99,38.89,99870,391660798.0,2.68,-4.64,-1.91,0.87
2010-02-08,39.21,39.79,40.15,39.0,63184,250399429.0,2.93,1.48,0.58,0.55
2010-02-09,39.78,40.15,40.52,39.5,56657,227637113.0,2.56,0.9,0.36,0.49
2010-02-10,40.89,41.2,41.83,40.89,66325,274165150.0,2.34,2.62,1.05,0.58
2010-02-11,41.24,41.17,41.58,41.0,40513,167491410.0,1.41,-0.07,-0.03,0.35
2010-02-12,41.4,42.32,42.57,41.4,65242,275090086.0,2.84,2.79,1.15,0.57
2010-02-22,42.5,41.83,42.67,41.8,54898,232031956.0,2.06,-1.16,-0.49,0.48
2010-02-23,41.4,40.3,41.8,39.52,87136,349701412.0,5.45,-3.66,-1.53,0.76
2010-02-24,39.8,40.94,41.0,39.31,56571,228455757.0,4.19,1.59,0.64,0.49
2010-02-25,41.16,41.38,41.69,40.92,80408,333016814.0,1.88,1.07,0.44,0.7
2010-02-26,41.09,40.56,41.95,40.31,75760,311444157.0,3.96,-1.98,-0.82,0.66
2010-03-01,40.7,41.15,41.37,40.67,85571,350533833.0,1.73,1.45,0.59,0.74
2010-03-02,41.08,40.35,41.33,40.2,67923,276247353.0,2.75,-1.94,-0.8,0.59
2010-03-03,40.5,40.82,40.97,39.93,50639,204467352.0,2.58,1.16,0.47,0.44
2010-03-04,40.9,39.89,41.3,39.8,76076,308799959.0,3.67,-2.28,-0.93,0.66
2010-03-05,39.89,39.64,40.2,39.5,48621,193315701.0,1.75,-0.63,-0.25,0.42
2010-03-08,40.17,40.11,40.58,39.82,47217,189869316.0,1.92,1.19,0.47,0.41
2010-03-09,40.0,41.02,41.7,39.82,114559,468469761.0,4.69,2.27,0.91,1.0
2010-03-10,41.0,40.77,41.25,40.47,78503,321204208.0,1.9,-0.61,-0.25,0.68
2010-03-11,40.8,40.98,41.3,40.42,52870,216458129.0,2.16,0.52,0.21,0.46
2010-03-12,40.88,39.9,41.1,39.81,62065,250716224.0,3.15,-2.64,-1.08,0.54
2010-03-15,39.88,38.6,39.88,38.21,78374,303020821.0,4.19,-3.26,-1.3,0.68
2010-03-16,38.49,38.05,38.66,37.6,69557,264476677.0,2.75,-1.42,-0.55,0.6
2010-03-17,38.24,39.11,39.14,38.24,62341,241314769.0,2.37,2.79,1.06,0.54
2010-03-18,39.2,39.3,39.65,39.03,61413,241627320.0,1.59,0.49,0.19,0.53
2010-03-19,39.35,39.68,40.09,38.7,72701,287278879.0,3.54,0.97,0.38,0.63
2010-03-22,39.64,39.93,40.3,39.2,45239,180902210.0,2.77,0.63,0.25,0.39
2010-03-23,39.9,40.64,41.12,39.9,80559,328444029.0,3.06,1.78,0.71,0.7
2010-03-24,40.64,40.36,41.18,40.15,51007,206760926.0,2.53,-0.69,-0.28,0.44
2010-03-25,40.2,39.87,40.21,39.55,46513,185421534.0,1.64,-1.21,-0.49,0.4
2010-03-26,39.76,40.58,40.79,39.55,37642,151925028.0,3.11,1.78,0.71,0.33
2010-03-29,40.98,42.6,42.93,40.7,141385,599577094.0,5.5,4.98,2.02,1.23
2010-03-30,42.56,42.97,43.04,42.3,97804,418911695.0,1.74,0.87,0.37,0.85
2010-03-31,42.5,41.85,42.5,41.58,100897,423068221.0,2.14,-2.61,-1.12,0.88
2010-04-01,41.83,42.2,42.85,41.81,62644,265186340.0,2.49,0.84,0.35,0.54
2010-04-02,42.49,43.8,44.07,42.49,129318,563143941.0,3.74,3.79,1.6,1.12
2010-04-06,44.2,45.49,46.2,44.2,163797,747217939.0,4.57,3.86,1.69,1.42
2010-04-07,45.84,45.49,46.06,44.83,91577,416313701.0,2.7,0.0,0.0,0.8
2010-04-08,45.0,43.6,45.27,43.59,74634,331866250.0,3.69,-4.15,-1.89,0.65
2010-04-09,43.6,43.79,43.9,42.6,134313,583017939.0,2.98,0.44,0.19,1.17
2010-04-12,44.05,42.89,44.4,42.38,84492,362931348.0,4.61,-2.06,-0.9,0.73
2010-04-13,42.5,43.89,43.98,42.5,82087,356669426.0,3.45,2.33,1.0,0.71
2010-04-14,44.02,44.26,44.79,43.99,92838,412647994.0,1.82,0.84,0.37,0.81
2010-04-15,44.6,44.98,45.47,44.26,91950,413296327.0,2.73,1.63,0.72,0.8
2010-04-16,44.8,43.72,44.8,43.5,55414,243542757.0,2.89,-2.8,-1.26,0.48
2010-04-19,42.8,40.61,42.8,40.5,106224,439767528.0,5.26,-7.11,-3.11,0.92
2010-04-20,40.7,40.1,41.24,39.02,75217,302722872.0,5.47,-1.26,-0.51,0.65
2010-04-21,40.41,41.68,41.87,40.08,66715,273215002.0,4.46,3.94,1.58,0.58
2010-04-22,41.0,41.92,42.66,40.61,80694,336159129.0,4.92,0.58,0.24,0.7
2010-04-23,41.65,42.29,43.89,41.65,81425,348941740.0,5.34,0.88,0.37,0.71
2010-04-26,42.6,41.62,42.89,41.31,39966,167923852.0,3.74,-1.58,-0.67,0.35
2010-04-27,41.49,39.99,41.49,39.7,69870,280683176.0,4.3,-3.92,-1.63,0.61
2010-04-28,39.55,40.45,41.0,39.18,41658,168171849.0,4.55,1.15,0.46,0.36
2010-04-29,40.81,39.98,41.5,39.94,47822,195189607.0,3.86,-1.16,-0.47,0.42
2010-04-30,40.1,39.6,40.7,38.81,82275,323684224.0,4.73,-0.95,-0.38,0.72
2010-05-04,38.6,39.67,40.48,38.36,39754,158114179.0,5.35,0.18,0.07,0.35
2010-05-05,38.9,40.17,40.22,38.7,47142,185919059.0,3.83,1.26,0.5,0.41
2010-05-06,39.73,36.24,39.73,36.15,143635,540419042.0,8.91,-9.78,-3.93,1.25
2010-05-07,35.4,33.42,35.4,32.75,163917,553301220.0,7.31,-7.78,-2.82,1.42
2010-05-10,33.5,34.15,34.4,33.09,68412,231779414.0,3.92,2.18,0.73,0.59
2010-05-11,35.35,34.1,35.45,33.8,97254,338236208.0,4.83,-0.15,-0.05,0.85
2010-05-12,33.5,33.59,34.8,33.0,61057,205518121.0,5.28,-1.5,-0.51,0.53
2010-05-13,33.85,35.46,35.57,33.6,128481,447279837.0,5.86,5.57,1.87,1.12
2010-05-14,34.9,35.21,35.3,34.61,66348,231816200.0,1.95,-0.71,-0.25,0.58
2010-05-17,34.5,32.68,34.51,32.65,94917,318379496.0,5.28,-7.19,-2.53,0.82
2010-05-19,33.6,33.89,34.34,33.01,110680,374199230.0,4.07,3.7,1.21,0.96
2010-05-20,33.35,33.68,34.63,33.35,57029,194761133.0,3.78,-0.62,-0.21,0.5
2010-05-21,32.5,34.12,34.47,32.0,95678,319391992.0,7.33,1.31,0.44,0.83
2010-05-24,34.51,36.64,37.35,34.51,138592,500878479.0,8.32,7.39,2.52,1.2
2010-05-25,35.98,35.46,36.47,35.0,89706,319269521.0,4.01,-3.22,-1.18,0.78
2010-05-26,35.34,35.13,35.8,34.8,68877,242520074.0,2.82,-0.93,-0.33,0.6
2010-05-27,35.27,36.09,36.2,34.52,72425,257516214.0,4.78,2.73,0.96,0.63
2010-05-28,36.9,36.12,37.3,35.7,78986,286798850.0,4.43,0.08,0.03,0.69
2010-05-31,35.35,34.78,36.12,34.75,49712,175985114.0,3.79,-3.71,-1.34,0.43
2010-06-01,34.48,34.55,35.08,33.88,42397,145771019.0,3.45,-0.66,-0.23,0.37
2010-06-02,34.55,35.04,35.09,34.23,51179,177332719.0,2.49,1.42,0.49,0.44
2010-06-03,35.36,34.42,35.36,34.4,42507,148395121.0,2.74,-1.77,-0.62,0.37
2010-06-04,34.4,34.47,34.69,33.98,44252,151481121.0,2.06,0.15,0.05,0.38
2010-06-07,33.69,33.34,33.69,33.1,66067,220498325.0,1.71,-3.28,-1.13,0.57
2010-06-08,33.37,33.6,33.8,32.81,69220,230822232.0,2.97,0.78,0.26,0.6
2010-06-09,33.7,34.96,35.0,33.5,83620,286633109.0,4.46,4.05,1.36,0.73
2010-06-10,33.77,33.29,33.78,33.2,48110,160766884.0,1.66,-4.78,-1.67,0.42
2010-06-11,33.81,33.77,34.01,33.5,51201,173379974.0,1.53,1.44,0.48,0.45
2010-06-17,34.18,33.35,34.48,33.26,42306,142517470.0,3.61,-1.24,-0.42,0.37
2010-06-18,33.36,33.44,34.01,32.95,67841,227052843.0,3.18,0.27,0.09,0.59
2010-06-21,33.4,34.64,34.81,32.62,82006,280089279.0,6.55,3.59,1.2,0.71
2010-06-22,34.57,34.98,35.2,34.39,81572,285399396.0,2.34,0.98,0.34,0.71
2010-06-23,34.61,34.29,34.8,33.78,53201,182131244.0,2.92,-1.97,-0.69,0.46
2010-06-24,34.2,34.37,34.63,34.0,25765,88359681.0,1.84,0.23,0.08,0.22
2010-06-25,34.04,33.89,34.2,33.5,26179,88697121.0,2.04,-1.4,-0.48,0.23
2010-06-28,33.9,32.9,33.96,31.8,78433,255765017.0,6.37,-2.92,-0.99,0.68
2010-06-29,32.6,31.59,32.75,31.51,55248,176469614.0,3.77,-3.98,-1.31,0.48
2010-06-30,31.27,31.28,31.65,30.78,48087,149650367.0,2.75,-0.98,-0.31,0.42
2010-07-01,31.02,29.99,31.3,29.71,50592,153762725.0,5.08,-4.12,-1.29,0.44
2010-07-02,29.59,29.47,29.83,28.03,49245,142414597.0,6.0,-1.73,-0.52,0.43
2010-07-05,28.45,28.95,29.32,28.45,46962,135404668.0,2.95,-1.76,-0.52,0.41
2010-07-06,28.75,29.86,30.05,28.75,47679,141443022.0,4.49,3.14,0.91,0.41
2010-07-07,29.8,30.0,30.06,29.67,36297,108600872.0,1.31,0.47,0.14,0.32
2010-07-08,30.2,30.03,30.62,30.01,32678,98988547.0,2.03,0.1,0.03,0.28
2010-07-09,30.01,32.81,32.85,29.8,93928,297796358.0,10.16,9.26,2.78,0.82
2010-07-12,32.49,33.05,33.9,31.9,97277,322400752.0,6.1,0.73,0.24,0.85
2010-07-13,32.7,32.25,32.74,31.75,46498,149774475.0,3.0,-2.42,-0.8,0.4
2010-07-14,32.12,32.48,33.16,32.12,55909,183203163.0,3.22,0.71,0.23,0.49
2010-07-15,32.41,31.58,32.9,31.56,36517,117383666.0,4.13,-2.77,-0.9,0.32
2010-07-16,31.11,32.36,32.47,31.06,35031,111333278.0,4.46,2.47,0.78,0.3
2010-07-19,32.0,34.86,35.28,31.9,175828,603990450.0,10.44,7.73,2.5,1.53
2010-07-20,34.81,36.29,37.3,34.81,163009,589325611.0,7.14,4.1,1.43,1.42
2010-07-21,35.99,35.89,36.66,35.5,80008,288159612.0,3.2,-1.1,-0.4,0.7
2010-07-22,35.98,36.09,36.3,35.01,88922,318028861.0,3.59,0.56,0.2,0.77
2010-07-23,36.2,35.99,37.1,35.5,112379,407876006.0,4.43,-0.28,-0.1,0.98
2010-07-26,36.37,36.27,36.65,35.6,86699,313784056.0,2.92,0.78,0.28,0.75
2010-07-27,36.01,36.41,37.06,35.7,71806,261965185.0,3.75,0.39,0.14,0.62
2010-07-28,36.0,37.64,38.2,35.87,93660,348468195.0,6.4,3.38,1.23,0.81
2010-07-29,37.66,38.27,38.5,37.37,97834,371115033.0,3.0,1.67,0.63,0.85
2010-07-30,38.0,37.18,38.0,36.66,92927,346829282.0,3.5,-2.85,-1.09,0.81
2010-08-02,37.18,37.83,37.89,37.01,58773,220823147.0,2.37,1.75,0.65,0.51
2010-08-03,38.1,37.52,39.25,37.5,112629,433479775.0,4.63,-0.82,-0.31,0.98
2010-08-04,37.4,37.19,38.13,36.2,86093,319808405.0,5.14,-0.88,-0.33,0.75
2010-08-05,37.28,36.46,37.5,36.15,77738,285737727.0,3.63,-1.96,-0.73,0.68
2010-08-06,36.52,37.16,37.19,35.67,105801,385626202.0,4.17,1.92,0.7,0.92
2010-08-09,36.92,37.51,37.52,36.68,88502,328703479.0,2.26,0.94,0.35,0.77
2010-08-10,37.5,36.42,38.5,36.4,101432,379288693.0,5.6,-2.91,-1.09,0.88
2010-08-11,36.13,36.4,36.6,35.86,63872,231362189.0,2.03,-0.05,-0.02,0.56
2010-08-12,35.9,35.14,35.99,35.1,80924,287832461.0,2.45,-3.46,-1.26,0.7
2010-08-13,35.14,35.82,35.99,35.1,50871,180649711.0,2.53,1.94,0.68,0.44
2010-08-16,35.6,37.19,37.4,35.6,75641,278746198.0,5.03,3.82,1.37,0.66
2010-08-17,37.22,37.5,37.71,36.82,81882,305536587.0,2.39,0.83,0.31,0.71
2010-08-18,37.65,37.29,37.75,36.89,62203,231910742.0,2.29,-0.56,-0.21,0.54
2010-08-19,37.3,38.29,38.67,37.3,116473,444666348.0,3.67,2.68,1.0,1.01
2010-08-20,38.06,36.61,38.2,36.58,72708,270454706.0,4.23,-4.39,-1.68,0.63
2010-08-23,36.57,36.14,36.86,36.02,45563,165789822.0,2.29,-1.28,-0.47,0.4
2010-08-24,35.91,36.18,36.88,35.3,58201,209363062.0,4.37,0.11,0.04,0.51
2010-08-25,35.9,35.53,36.47,35.38,42501,151515427.0,3.01,-1.8,-0.65,0.37
2010-08-26,36.2,36.03,36.99,35.67,47246,171080745.0,3.72,1.41,0.5,0.41
2010-08-27,36.03,35.71,36.05,35.1,51268,181812101.0,2.64,-0.89,-0.32,0.45
2010-08-30,36.0,36.42,36.45,36.0,53401,193617648.0,1.26,1.99,0.71,0.46
2010-08-31,36.31,36.06,36.44,35.7,52582,189632262.0,2.03,-0.99,-0.36,0.46
2010-09-01,36.39,36.57,36.98,36.0,86029,313586803.0,2.72,1.41,0.51,0.75
2010-09-02,37.15,36.92,37.35,36.72,69400,256830022.0,1.72,0.96,0.35,0.6
2010-09-03,36.95,36.76,37.13,36.28,43711,160175663.0,2.3,-0.43,-0.16,0.38
2010-09-06,36.87,37.92,38.2,36.78,111123,417264111.0,3.86,3.16,1.16,0.97
2010-09-07,38.25,37.83,38.68,37.5,104359,397952567.0,3.11,-0.24,-0.09,0.91
2010-09-08,37.8,37.78,37.95,37.1,70629,264352997.0,2.25,-0.13,-0.05,0.61
2010-09-09,37.88,36.6,37.99,36.53,82873,306345631.0,3.86,-3.12,-1.18,0.72
2010-09-10,36.62,36.8,36.89,35.79,50376,183287636.0,3.01,0.55,0.2,0.44
2010-09-13,36.74,36.9,37.5,36.35,87613,322969097.0,3.13,0.27,0.1,0.76
2010-09-14,36.95,36.1,37.3,35.7,89231,325196506.0,4.34,-2.17,-0.8,0.78
2010-09-15,36.08,35.51,36.39,35.3,76690,273298187.0,3.02,-1.63,-0.59,0.67
2010-09-16,35.5,34.5,35.78,34.21,68868,240144070.0,4.42,-2.84,-1.01,0.6
2010-09-17,34.62,34.51,34.97,34.41,36139,125377291.0,1.62,0.03,0.01,0.31
2010-09-21,34.71,33.86,34.71,33.4,53915,183029357.0,3.8,-1.88,-0.65,0.47
2010-09-27,34.08,34.43,34.65,33.8,41668,143021424.0,2.51,1.68,0.57,0.36
2010-09-28,34.41,33.78,34.41,33.65,41869,142189125.0,2.21,-1.89,-0.65,0.36
2010-09-29,33.96,34.75,35.66,33.94,112256,393255927.0,5.09,2.87,0.97,0.98
2010-09-30,34.59,35.61,35.7,34.45,70459,248218784.0,3.6,2.47,0.86,0.61
2010-10-08,36.57,39.17,39.17,36.57,247944,956618157.0,7.3,10.0,3.56,2.16
2010-10-11,42.88,42.02,43.09,41.29,386504,1657642517.0,4.6,7.28,2.85,3.36
2010-10-12,41.88,44.62,45.25,41.28,328733,1439809531.0,9.45,6.19,2.6,2.86
2010-10-13,44.6,45.12,46.39,43.72,218452,983637121.0,5.98,1.12,0.5,1.9
2010-10-14,45.6,47.9,48.4,45.6,233500,1104576782.0,6.21,6.16,2.78,2.03
2010-10-15,47.18,47.82,49.6,45.8,174964,840810951.0,7.93,-0.17,-0.08,1.52
2010-10-18,49.1,49.51,52.36,47.7,349930,1763484189.0,9.74,3.53,1.69,3.04
2010-10-19,49.58,51.99,52.32,49.48,166235,852502226.0,5.74,5.01,2.48,1.44
2010-10-20,48.9,54.36,56.58,48.6,276838,1454418808.0,15.35,4.56,2.37,2.41
2010-10-21,55.5,53.16,56.49,52.8,175940,962726014.0,6.79,-2.21,-1.2,1.53
2010-10-22,53.48,55.12,56.5,53.0,139524,770469579.0,6.58,3.69,1.96,1.21
2010-10-25,55.1,57.3,57.88,52.25,144287,798346522.0,10.21,3.96,2.18,1.25
2010-10-26,57.37,56.19,57.9,55.51,84080,476815658.0,4.17,-1.94,-1.11,0.73
2010-10-27,55.95,55.0,57.3,54.08,111236,612855726.0,5.73,-2.12,-1.19,0.97
2010-10-28,54.01,53.5,55.5,53.37,94617,513396919.0,3.87,-2.73,-1.5,0.82
2010-10-29,53.59,53.67,55.0,52.91,83784,451048699.0,3.91,0.32,0.17,0.73
2010-11-01,53.5,59.04,59.04,53.2,193567,1104949514.0,10.88,10.01,5.37,1.68
2010-11-02,59.04,57.63,61.1,57.26,151303,890411180.0,6.5,-2.39,-1.41,1.32
2010-11-03,57.67,54.6,58.25,53.9,93258,520900121.0,7.55,-5.26,-3.03,0.81
2010-11-04,55.55,56.69,59.0,55.55,106403,606510610.0,6.32,3.83,2.09,0.92
2010-11-05,59.0,57.17,60.94,56.8,132629,779513718.0,7.3,0.85,0.48,1.15
2010-11-08,57.79,56.68,57.8,55.37,81805,460725168.0,4.25,-0.86,-0.49,0.71
2010-11-09,56.06,57.26,57.5,55.8,107672,609522861.0,3.0,1.02,0.58,0.94
2010-11-10,56.92,56.91,57.75,56.0,91039,517258873.0,3.06,-0.61,-0.35,0.79
2010-11-11,56.75,58.0,61.04,56.75,157105,931751468.0,7.54,1.92,1.09,1.37
2010-11-12,57.0,53.07,59.8,53.0,152588,856618807.0,11.72,-8.5,-4.93,1.33
2010-11-15,53.56,50.01,54.96,48.9,222045,1120900391.0,11.42,-5.77,-3.06,1.93
2010-11-16,49.77,45.82,49.95,45.38,247363,1170225823.0,9.14,-8.38,-4.19,2.15
2010-11-17,44.09,45.92,46.59,44.09,228557,1036979484.0,5.46,0.22,0.1,1.99
2010-11-18,46.78,47.06,47.74,45.25,167083,784156709.0,5.42,2.48,1.14,1.45
2010-11-19,47.28,47.0,47.6,43.95,193239,882176167.0,7.76,-0.13,-0.06,1.68
2010-11-22,45.98,46.11,46.8,45.15,136855,628158727.0,3.51,-1.89,-0.89,1.19
2010-11-23,45.49,44.37,45.49,42.9,197663,871357212.0,5.62,-3.77,-1.74,1.72
2010-11-24,44.0,45.75,45.86,43.65,148663,671982052.0,4.98,3.11,1.38,1.29
2010-11-25,46.45,46.6,47.15,45.4,148986,692341363.0,3.83,1.86,0.85,1.29
2010-11-26,46.82,48.5,49.7,46.45,215885,1043169720.0,6.97,4.08,1.9,1.88
2010-11-29,48.0,47.6,48.21,47.0,96776,460133226.0,2.49,-1.86,-0.9,0.84
2010-11-30,47.88,48.3,49.36,45.7,151445,721794580.0,7.69,1.47,0.7,1.32
2010-12-01,47.51,48.4,48.81,47.0,95806,459400872.0,3.75,0.21,0.1,0.83
2010-12-02,49.6,49.07,51.22,49.01,155942,780341395.0,4.57,1.38,0.67,1.36
2010-12-03,49.07,49.36,50.0,47.8,82702,403453519.0,4.48,0.59,0.29,0.72
2010-12-06,49.99,50.42,51.23,49.58,109015,548796361.0,3.34,2.15,1.06,0.95
2010-12-07,49.9,51.1,51.53,46.52,122938,611503118.0,9.94,1.35,0.68,1.07
2010-12-08,50.8,50.77,51.4,50.12,87861,448263239.0,2.5,-0.65,-0.33,0.76
2010-12-09,49.95,48.52,51.0,48.48,63987,317840957.0,4.96,-4.43,-2.25,0.56
2010-12-10,48.0,49.95,50.85,47.6,101686,501236100.0,6.7,2.95,1.43,0.88
2010-12-13,50.26,53.98,54.18,49.85,159989,831213326.0,8.67,8.07,4.03,1.39
2010-12-14,54.39,55.11,55.25,53.11,143086,780920832.0,3.96,2.09,1.13,1.24
2010-12-15,54.75,55.6,58.3,54.2,156432,881347518.0,7.44,0.89,0.49,1.36
2010-12-16,55.58,56.49,57.59,55.3,115057,654230517.0,4.12,1.6,0.89,1.0
2010-12-17,56.0,55.35,57.05,55.01,65505,363721666.0,3.61,-2.02,-1.14,0.57
2010-12-20,56.6,55.51,57.88,53.5,99848,553164200.0,7.91,0.29,0.16,0.87
2010-12-21,55.9,58.71,59.16,55.5,158546,911043401.0,6.59,5.76,3.2,1.38
2010-12-22,58.94,58.75,60.0,57.0,136617,805520510.0,5.11,0.07,0.04,1.19
2010-12-23,58.0,57.47,60.3,57.4,89102,524122246.0,4.94,-2.18,-1.28,0.77
2010-12-24,56.8,54.77,57.3,54.28,87970,487291510.0,5.25,-4.7,-2.7,0.76
2010-12-27,54.8,56.58,60.25,54.8,278453,1638568934.0,9.95,3.3,1.81,2.42
2010-12-28,55.9,55.61,57.0,54.81,128741,720129096.0,3.87,-1.71,-0.97,1.12
2010-12-29,56.01,55.07,56.35,52.8,142760,771118939.0,6.38,-0.97,-0.54,1.24
2010-12-30,54.9,56.93,57.25,54.53,81657,457851750.0,4.94,3.38,1.86,0.71
2010-12-31,57.1,59.64,60.15,57.02,131495,777675361.0,5.5,4.76,2.71,1.14
2011-01-04,61.42,63.74,65.6,61.42,263279,1695537454.0,7.01,6.87,4.1,2.29
2011-01-05,62.9,64.07,64.73,62.55,88061,562400246.0,3.42,0.52,0.33,0.77
2011-01-06,64.28,62.57,64.5,61.88,81540,512253365.0,4.09,-2.34,-1.5,0.71
2011-01-07,62.76,59.59,63.0,58.82,130562,786942580.0,6.68,-4.76,-2.98,1.13
2011-01-10,59.69,58.69,61.14,58.28,73282,437513030.0,4.8,-1.51,-0.9,0.64
2011-01-11,58.8,59.6,59.7,56.6,87419,508337951.0,5.28,1.55,0.91,0.76
2011-01-12,60.6,58.55,60.8,57.4,72899,429696537.0,5.7,-1.76,-1.05,0.63
2011-01-13,58.65,57.93,59.13,56.68,80165,462734588.0,4.18,-1.06,-0.62,0.7
2011-01-14,57.3,54.17,57.3,54.0,126171,698431071.0,5.7,-6.49,-3.76,1.1
2011-01-17,53.65,52.96,54.36,51.5,108964,573054195.0,5.28,-2.23,-1.21,0.95
2011-01-18,52.56,52.32,53.0,51.7,53218,277879938.0,2.45,-1.21,-0.64,0.46
2011-01-19,52.55,56.1,56.49,52.32,93290,505491138.0,7.97,7.22,3.78,0.81
2011-01-20,55.51,52.82,55.51,52.52,85541,460917015.0,5.33,-5.85,-3.28,0.74
2011-01-21,52.45,53.18,54.47,51.4,86252,457753103.0,5.81,0.68,0.36,0.75
2011-01-24,52.85,50.19,53.6,49.98,80024,410129954.0,6.81,-5.62,-2.99,0.7
2011-01-25,50.08,50.6,51.2,49.7,66094,331569993.0,2.99,0.82,0.41,0.57
2011-01-26,50.74,51.41,51.8,50.58,76378,391542047.0,2.41,1.6,0.81,0.66
2011-01-27,50.5,53.29,54.37,50.06,90371,478384056.0,8.38,3.66,1.88,0.79
2011-01-28,53.16,54.39,54.7,53.15,68755,373003375.0,2.91,2.06,1.1,0.6
2011-01-31,55.0,54.59,55.28,53.82,45248,247644762.0,2.68,0.37,0.2,0.39
2011-02-01,55.29,56.03,57.11,55.0,78485,440302544.0,3.87,2.64,1.44,0.68
2011-02-09,55.01,52.39,55.89,52.01,80955,434490307.0,6.92,-6.5,-3.64,0.7
2011-02-10,52.4,53.41,53.6,50.48,152708,793288821.0,5.96,1.95,1.02,1.33
2011-02-11,53.37,52.47,53.37,51.72,92675,487881403.0,3.09,-1.76,-0.94,0.81
2011-02-14,52.7,57.41,57.72,52.7,233200,1313032182.0,9.57,9.41,4.94,2.03
2011-02-15,57.68,57.17,59.0,56.28,141958,821505848.0,4.74,-0.42,-0.24,1.23
2011-02-16,56.62,60.18,60.6,56.56,140643,832075565.0,7.07,5.26,3.01,1.22
2011-02-17,60.36,60.36,61.45,58.35,110880,660436898.0,5.15,0.3,0.18,0.96
2011-02-18,59.82,58.35,60.26,57.9,73780,434181859.0,3.91,-3.33,-2.01,0.64
2011-02-21,58.0,60.19,60.96,57.61,85862,508121539.0,5.74,3.15,1.84,0.75
2011-02-22,61.19,58.58,61.59,57.41,116974,694717115.0,6.94,-2.67,-1.61,1.02
2011-02-23,58.0,58.34,59.22,57.69,64451,376548201.0,2.61,-0.41,-0.24,0.56
2011-02-24,58.1,58.91,60.14,58.1,64850,385289722.0,3.5,0.98,0.57,0.56
2011-02-25,59.0,58.6,59.47,57.51,34513,201582393.0,3.33,-0.53,-0.31,0.3
2011-02-28,58.9,59.64,59.99,57.69,56073,330159806.0,3.92,1.77,1.04,0.49
2011-03-01,59.5,59.9,61.4,59.3,91067,548495996.0,3.52,0.44,0.26,0.79
2011-03-02,59.8,58.63,60.49,58.26,60264,355255759.0,3.72,-2.12,-1.27,0.52
2011-03-03,58.83,57.12,59.8,56.5,88640,512332476.0,5.63,-2.58,-1.51,0.77
2011-03-04,57.09,58.23,59.18,56.31,88418,510815077.0,5.02,1.94,1.11,0.77
2011-03-07,59.7,64.05,64.05,59.58,301961,1894189061.0,7.68,9.99,5.82,2.62
2011-03-08,64.05,63.83,64.2,62.75,129406,822856686.0,2.26,-0.34,-0.22,1.12
2011-03-09,63.84,63.83,64.29,62.8,87121,553082800.0,2.33,0.0,0.0,0.76
2011-03-10,63.4,60.98,63.4,60.6,115958,714210798.0,4.39,-4.46,-2.85,1.01
2011-03-11,60.8,60.04,62.46,59.0,86338,528592033.0,5.67,-1.54,-0.94,0.75
2011-03-14,59.61,60.92,61.07,59.11,71223,428518323.0,3.26,1.47,0.88,0.62
2011-03-15,60.23,58.55,60.23,57.0,127785,744290935.0,5.3,-3.89,-2.37,1.11
2011-03-16,58.75,60.25,60.86,58.75,100190,599832615.0,3.6,2.9,1.7,0.87
2011-03-17,59.49,60.19,62.5,58.0,98804,601783764.0,7.47,-0.1,-0.06,0.86
2011-03-18,61.5,60.67,62.58,60.2,62072,379408825.0,3.95,0.8,0.48,0.54
2011-03-21,61.52,60.79,62.0,59.8,67428,410797682.0,3.63,0.2,0.12,0.59
2011-03-22,61.3,60.65,61.45,59.7,60385,365641703.0,2.88,-0.23,-0.14,0.52
2011-03-23,60.92,62.43,62.9,60.8,85495,530493182.0,3.46,2.93,1.78,0.74
2011-03-24,62.9,62.14,64.0,61.98,67268,423986866.0,3.24,-0.46,-0.29,0.58
2011-03-25,62.97,64.14,65.2,61.92,109639,700803725.0,5.28,3.22,2.0,0.95
2011-03-29,65.0,64.06,66.98,63.0,181718,1177954125.0,6.21,-0.12,-0.08,1.58
2011-03-30,64.48,64.84,66.68,63.15,103036,669925036.0,5.51,1.22,0.78,0.9
2011-03-31,64.3,65.3,66.88,64.3,76859,503543643.0,3.98,0.71,0.46,0.67
2011-04-01,66.0,68.95,69.87,63.8,140463,938699108.0,9.3,5.59,3.65,1.22
2011-04-06,68.5,69.58,70.88,68.0,146630,1022354015.0,4.18,0.91,0.63,1.27
2011-04-07,69.67,68.64,70.19,68.05,90058,622263643.0,3.08,-1.35,-0.94,0.78
2011-04-08,68.87,69.59,70.88,68.87,74787,523216990.0,2.93,1.38,0.95,0.65
2011-04-11,70.6,69.32,72.3,69.2,108682,771804664.0,4.45,-0.39,-0.27,0.94
2011-04-12,68.25,67.77,69.59,67.3,85464,584771875.0,3.3,-2.24,-1.55,0.74
2011-04-13,66.79,69.35,69.58,65.7,100335,670966459.0,5.73,2.33,1.58,0.87
2011-04-14,68.88,67.65,69.22,67.15,77823,527513358.0,2.98,-2.45,-1.7,0.68
2011-04-15,67.5,66.44,68.75,65.5,101425,676262494.0,4.8,-1.79,-1.21,0.88
2011-04-18,66.5,66.75,67.8,66.05,59907,400295678.0,2.63,0.47,0.31,0.52
2011-04-19,65.52,65.77,66.5,65.18,71100,468799351.0,1.98,-1.47,-0.98,0.62
2011-04-20,66.5,66.31,67.2,65.3,57516,380511221.0,2.89,0.82,0.54,0.5
2011-04-21,67.3,69.0,69.12,66.34,105596,719369825.0,4.19,4.06,2.69,0.92
2011-04-22,68.3,67.89,68.8,67.35,61399,416496818.0,2.1,-1.61,-1.11,0.53
2011-04-25,67.46,64.08,68.2,63.78,111574,728708835.0,6.51,-5.61,-3.81,0.97
2011-04-26,63.98,64.51,64.67,63.27,63781,408969686.0,2.18,0.67,0.43,0.55
2011-04-27,64.9,64.73,66.15,63.8,56734,367605743.0,3.64,0.34,0.22,0.49
2011-04-28,64.75,64.53,65.48,63.75,62553,405792016.0,2.67,-0.31,-0.2,0.54
2011-04-29,64.3,66.38,66.58,64.3,65241,427022885.0,3.53,2.87,1.85,0.57
2011-05-03,66.0,65.42,66.2,64.67,38244,249320772.0,2.3,-1.45,-0.96,0.33
2011-05-04,64.9,60.76,64.9,59.82,112342,695171317.0,7.77,-7.12,-4.66,0.98
2011-05-05,60.7,59.38,61.19,59.01,93384,558525983.0,3.59,-2.27,-1.38,0.81
2011-05-06,57.4,57.34,58.5,56.4,126824,726959787.0,3.54,-3.44,-2.04,1.1
2011-05-09,57.7,58.06,58.54,57.38,61676,357828648.0,2.02,1.26,0.72,0.54
2011-05-10,58.76,59.17,59.63,58.31,59730,352707173.0,2.27,1.91,1.11,0.52
2011-05-11,59.21,59.25,59.87,58.8,48792,289630428.0,1.81,0.14,0.08,0.42
2011-05-12,58.37,58.41,59.87,57.4,72722,425292504.0,4.17,-1.42,-0.84,0.63
2011-05-13,58.63,60.14,60.19,58.2,71629,423477808.0,3.41,2.96,1.73,0.62
2011-05-16,59.52,59.52,60.8,59.38,49285,296639912.0,2.36,-1.03,-0.62,0.43
2011-05-17,59.02,60.53,62.49,58.66,87909,536839676.0,6.43,1.7,1.01,0.76
2011-05-18,59.7,60.9,62.05,59.5,56118,340557111.0,4.21,0.61,0.37,0.49
2011-05-19,61.29,60.0,61.49,59.9,37043,224152846.0,2.61,-1.48,-0.9,0.32
2011-05-20,59.56,59.86,60.25,59.15,29269,174657291.0,1.83,-0.23,-0.14,0.25
2011-05-23,59.58,57.1,59.88,57.01,48399,282468374.0,4.79,-4.61,-2.76,0.42
2011-05-24,56.88,57.47,58.18,56.75,50423,289213017.0,2.5,0.65,0.37,0.44
2011-05-25,57.6,57.7,59.1,56.8,46033,268307357.0,4.0,0.4,0.23,0.4
2011-05-26,58.5,56.75,58.86,55.61,48922,281140397.0,5.63,-1.65,-0.95,0.43
2011-05-27,56.95,57.31,58.61,56.6,71103,410474524.0,3.54,0.99,0.56,0.62
2011-05-30,56.99,57.31,58.51,56.88,39550,227778162.0,2.84,0.0,0.0,0.34
2011-05-31,57.5,58.15,58.35,55.2,73613,417371989.0,5.5,1.47,0.84,0.64
2011-06-01,57.6,57.75,58.5,57.31,45436,262729461.0,2.05,-0.69,-0.4,0.39
2011-06-02,56.6,57.27,57.75,56.01,47339,269338217.0,3.01,-0.83,-0.48,0.41
2011-06-03,57.08,58.1,58.78,56.68,64639,376449297.0,3.67,1.45,0.83,0.56
2011-06-07,57.98,58.35,58.55,57.57,49646,287824400.0,1.69,0.43,0.25,0.43
2011-06-08,58.3,57.92,58.3,57.0,32252,185927022.0,2.23,-0.74,-0.43,0.28
2011-06-09,57.87,57.35,58.59,57.26,39115,226558011.0,2.3,-0.98,-0.57,0.34
2011-06-10,57.24,57.04,57.35,56.13,46991,265805815.0,2.13,-0.54,-0.31,0.41
2011-06-13,56.5,56.81,57.35,55.8,36730,207590800.0,2.72,-0.4,-0.23,0.32
2011-06-14,56.89,58.08,58.1,56.8,62936,362002513.0,2.29,2.24,1.27,0.55
2011-06-16,56.8,57.18,57.83,56.5,53200,304926366.0,2.29,-1.55,-0.9,0.46
2011-06-17,57.7,57.22,59.35,57.15,58637,342193155.0,3.85,0.07,0.04,0.51
2011-06-20,57.01,57.5,58.65,56.4,80093,461280153.0,3.93,0.49,0.28,0.7
2011-06-21,57.81,61.95,62.21,57.81,154787,931951586.0,7.65,7.74,4.45,1.35
2011-06-22,62.0,62.0,62.65,61.25,87634,542812220.0,2.26,0.08,0.05,0.76
2011-06-23,61.9,63.59,64.19,61.53,82683,522205015.0,4.29,2.56,1.59,0.72
2011-06-24,63.1,62.93,64.96,62.68,140997,898118957.0,3.59,-1.04,-0.66,1.23
2011-06-27,63.31,65.98,66.5,63.2,141591,923908482.0,5.24,4.85,3.05,1.23
2011-06-28,32.8,33.8,34.45,32.01,147354,488010128.0,3.7,-48.77,-32.18,0.64
2011-06-29,33.0,32.46,33.5,32.4,188824,621857919.0,3.25,-3.96,-1.34,0.82
2011-06-30,32.32,32.81,33.35,32.25,174497,574124776.0,3.39,1.08,0.35,0.76
2011-07-01,32.93,34.89,35.7,32.57,335886,1151646896.0,9.54,6.34,2.08,1.46
2011-07-04,34.81,35.14,35.99,34.3,293492,1026600252.0,4.84,0.72,0.25,1.28
2011-07-05,34.68,34.92,35.13,34.4,193017,670898152.0,2.08,-0.63,-0.22,0.84
2011-07-06,34.71,34.34,35.14,33.8,193788,667491010.0,3.84,-1.66,-0.58,0.84
2011-07-07,34.4,34.67,35.54,34.01,263297,920518303.0,4.46,0.96,0.33,1.14
2011-07-08,34.67,35.01,35.39,34.6,182689,638643749.0,2.28,0.98,0.34,0.79
2011-07-11,34.7,34.81,35.2,34.2,162431,562330477.0,2.86,-0.57,-0.2,0.71
2011-07-12,34.4,33.43,34.54,33.36,213649,720705726.0,3.39,-3.96,-1.38,0.93
2011-07-13,33.46,33.9,34.29,33.46,131412,445121808.0,2.48,1.41,0.47,0.57
2011-07-14,34.2,34.37,35.01,34.1,151035,521981947.0,2.68,1.39,0.47,0.66
2011-07-15,34.37,34.47,34.83,33.9,116268,399554354.0,2.71,0.29,0.1,0.51
2011-07-18,34.44,34.3,34.76,34.18,95620,329133793.0,1.68,-0.49,-0.17,0.42
2011-07-19,34.1,34.29,34.69,33.76,139990,480349951.0,2.71,-0.03,-0.01,0.61
2011-07-20,34.47,33.97,34.66,33.8,92426,315764049.0,2.51,-0.93,-0.32,0.4
2011-07-21,33.99,33.21,34.17,33.17,102307,343436374.0,2.94,-2.24,-0.76,0.44
2011-07-22,33.5,33.11,33.64,32.97,103195,342533848.0,2.02,-0.3,-0.1,0.45
2011-07-25,33.1,32.28,33.35,32.15,107103,350297029.0,3.62,-2.51,-0.83,0.47
2011-07-26,32.29,32.36,32.6,32.18,91052,294587913.0,1.3,0.25,0.08,0.4
2011-07-27,32.3,32.87,33.25,32.03,96813,316977090.0,3.77,1.58,0.51,0.42
2011-07-28,32.18,32.93,33.22,32.03,105104,343025569.0,3.62,0.18,0.06,0.46
2011-07-29,32.87,32.4,33.0,32.15,63917,208008586.0,2.58,-1.61,-0.53,0.28
2011-08-01,32.4,32.97,33.29,32.26,80574,265751114.0,3.18,1.76,0.57,0.35
2011-08-02,32.63,33.2,33.29,32.32,78546,257511053.0,2.94,0.7,0.23,0.34
2011-08-03,32.64,33.3,33.89,32.64,135090,451918155.0,3.77,0.3,0.1,0.59
2011-08-04,33.3,33.27,33.91,33.15,84399,283116151.0,2.28,-0.09,-0.03,0.37
2011-08-05,32.2,32.71,33.25,31.9,129897,422715716.0,4.06,-1.68,-0.56,0.56
2011-08-08,32.2,31.02,32.71,29.82,172775,544213466.0,8.84,-5.17,-1.69,0.75
2011-08-09,30.0,31.39,32.0,29.56,140023,434139769.0,7.87,1.19,0.37,0.61
2011-08-10,32.3,32.32,33.2,32.05,130017,424003051.0,3.66,2.96,0.93,0.57
2011-08-11,31.9,32.77,32.98,31.9,91305,297837909.0,3.34,1.39,0.45,0.4
2011-08-12,33.0,32.85,33.31,32.73,79322,261762611.0,1.77,0.24,0.08,0.34
2011-08-15,33.1,33.31,33.39,32.71,70603,234036208.0,2.07,1.4,0.46,0.31
2011-08-16,33.4,32.95,33.52,32.85,102081,338351163.0,2.01,-1.08,-0.36,0.44
2011-08-17,32.8,32.37,33.12,32.2,81436,265070779.0,2.79,-1.76,-0.58,0.35
2011-08-18,32.59,31.47,32.59,31.41,84142,267812633.0,3.65,-2.78,-0.9,0.37
2011-08-19,30.99,30.81,31.25,30.5,114637,354514133.0,2.38,-2.1,-0.66,0.5
2011-08-22,30.81,30.69,31.52,30.41,66537,205905019.0,3.6,-0.39,-0.12,0.29
2011-08-23,30.76,31.24,31.29,30.69,42664,132212198.0,1.96,1.79,0.55,0.19
2011-08-24,31.57,30.71,31.7,30.51,84422,261699422.0,3.81,-1.7,-0.53,0.37
2011-08-25,30.85,31.68,32.0,30.5,128981,405517472.0,4.88,3.16,0.97,0.56
2011-08-26,31.6,31.76,31.89,31.31,73536,232888970.0,1.83,0.25,0.08,0.32
2011-08-29,31.5,31.27,31.6,31.15,48773,152996673.0,1.42,-1.54,-0.49,0.21
2011-08-31,31.2,31.66,31.95,31.03,49782,156663149.0,2.94,1.25,0.39,0.22
2011-09-01,31.7,31.68,32.09,31.63,54858,174721549.0,1.45,0.06,0.02,0.24
2011-09-02,31.5,31.18,31.86,31.16,46385,145555170.0,2.21,-1.58,-0.5,0.2
2011-09-05,30.77,29.69,30.98,29.6,97173,291935648.0,4.43,-4.78,-1.49,0.42
2011-09-06,29.72,28.98,29.72,28.58,91853,266825689.0,3.84,-2.39,-0.71,0.4
2011-09-07,29.48,29.95,30.0,28.8,72676,214310788.0,4.14,3.35,0.97,0.32
2011-09-08,30.02,30.25,30.8,30.0,87020,264264026.0,2.67,1.0,0.3,0.38
2011-09-09,30.3,30.24,30.77,29.76,61763,186425110.0,3.34,-0.03,-0.01,0.27
2011-09-13,29.82,29.64,29.82,29.0,43722,128397907.0,2.71,-1.98,-0.6,0.19
2011-09-14,29.89,29.68,29.97,28.8,76650,224467056.0,3.95,0.13,0.04,0.33
2011-09-15,29.7,29.48,29.85,29.38,50895,150808982.0,1.58,-0.67,-0.2,0.22
2011-09-16,29.8,29.69,30.05,29.66,47101,140532861.0,1.32,0.71,0.21,0.2
2011-09-19,29.57,28.79,29.57,28.75,73110,211423699.0,2.76,-3.03,-0.9,0.32
2011-09-20,28.8,28.97,29.27,28.57,57008,164918169.0,2.43,0.63,0.18,0.25
2011-09-21,29.13,30.32,30.45,28.8,128728,384907168.0,5.7,4.66,1.35,0.56
2011-09-22,29.8,28.99,30.05,28.95,79375,234144045.0,3.63,-4.39,-1.33,0.34
2011-09-23,28.15,28.92,29.2,28.03,83214,237962572.0,4.04,-0.24,-0.07,0.36
2011-09-26,28.7,28.45,29.0,28.31,68950,198181624.0,2.39,-1.63,-0.47,0.3
2011-09-27,28.83,29.1,29.23,28.7,92357,268235837.0,1.86,2.28,0.65,0.4
2011-09-28,29.36,29.09,29.59,28.95,77961,228775985.0,2.2,-0.03,-0.01,0.34
2011-09-29,28.9,29.0,29.45,28.58,77351,225074612.0,2.99,-0.31,-0.09,0.34
2011-09-30,29.3,29.19,29.4,28.86,55940,163450720.0,1.86,0.66,0.19,0.24
2011-10-10,29.38,28.71,29.75,28.57,81262,235889315.0,4.04,-1.64,-0.48,0.35
2011-10-11,29.5,26.28,29.7,25.85,206553,562034672.0,13.41,-8.46,-2.43,0.9
2011-10-12,25.9,26.84,27.01,24.48,191503,496830976.0,9.63,2.13,0.56,0.83
2011-10-13,26.79,26.74,27.1,26.43,94781,253434954.0,2.5,-0.37,-0.1,0.41
2011-10-14,26.85,26.58,27.23,26.15,85906,228918873.0,4.04,-0.6,-0.16,0.37
2011-10-17,26.6,26.43,26.95,26.3,110512,294695888.0,2.45,-0.56,-0.15,0.48
2011-10-18,26.25,25.05,26.28,24.98,172676,437909952.0,4.92,-5.22,-1.38,0.75
2011-10-19,25.17,24.42,25.55,24.08,135005,332324048.0,5.87,-2.51,-0.63,0.59
2011-10-20,24.21,22.2,24.21,21.98,377079,846337664.0,9.13,-9.09,-2.22,1.64
2011-10-21,22.0,22.0,22.38,21.8,101803,224809313.0,2.61,-0.9,-0.2,0.44
2011-10-24,22.24,22.73,23.14,21.95,150746,339200336.0,5.41,3.32,0.73,0.66
2011-10-25,22.82,24.37,24.61,22.4,244084,576039488.0,9.72,7.22,1.64,1.06
2011-10-26,24.0,24.8,25.38,24.0,244906,607849296.0,5.66,1.76,0.43,1.06
2011-10-27,24.93,24.78,25.2,24.59,118637,295641136.0,2.46,-0.08,-0.02,0.52
2011-10-28,25.35,26.11,26.53,25.35,232713,604938944.0,4.76,5.37,1.33,1.01
2011-10-31,25.8,26.32,26.48,25.7,122029,319776384.0,2.99,0.8,0.21,0.53
2011-11-01,25.9,25.81,26.56,25.59,178775,464947296.0,3.69,-1.94,-0.51,0.78
2011-11-02,24.9,25.95,26.22,24.7,250831,633003968.0,5.89,0.54,0.14,1.09
2011-11-03,26.08,26.47,27.25,25.96,258987,687782992.0,4.97,2.0,0.52,1.13
2011-11-04,26.93,26.85,27.25,26.56,151269,407369120.0,2.61,1.44,0.38,0.66
2011-11-07,26.85,27.0,27.84,26.7,157802,429043920.0,4.25,0.56,0.15,0.69
2011-11-08,27.24,27.05,27.7,26.84,122910,334450144.0,3.19,0.19,0.05,0.53
2011-11-09,27.29,27.28,27.53,26.58,109325,295917552.0,3.51,0.85,0.23,0.48
2011-11-10,26.8,26.72,27.15,26.7,90676,243703733.0,1.65,-2.05,-0.56,0.39
2011-11-11,27.01,26.59,27.37,26.48,100134,270516048.0,3.33,-0.49,-0.13,0.44
2011-11-14,26.99,27.65,27.66,26.99,161780,442879648.0,2.52,3.99,1.06,0.7
2011-11-15,27.58,27.7,27.91,27.38,102900,285250464.0,1.92,0.18,0.05,0.45
2011-11-16,27.75,26.68,27.85,26.36,162905,438420368.0,5.38,-3.68,-1.02,0.71
2011-11-17,26.78,26.67,27.11,26.41,98885,264456667.0,2.62,-0.04,-0.01,0.43
2011-11-18,26.03,25.72,26.47,25.48,126976,328081632.0,3.71,-3.56,-0.95,0.55
2011-11-21,25.5,25.33,25.69,24.8,93530,234734328.0,3.46,-1.52,-0.39,0.41
2011-11-22,25.12,25.05,25.3,24.4,73711,183618489.0,3.55,-1.11,-0.28,0.32
2011-11-23,25.1,24.41,25.21,24.35,87756,215981795.0,3.43,-2.55,-0.64,0.38
2011-11-24,24.11,24.07,24.6,23.58,125750,301375904.0,4.18,-1.39,-0.34,0.55
2011-11-25,23.98,23.9,24.45,23.68,74640,179080771.0,3.2,-0.71,-0.17,0.32
2011-11-28,24.01,23.85,24.17,23.68,91061,217693533.0,2.05,-0.21,-0.05,0.4
2011-11-29,24.17,24.86,24.87,23.9,137104,333692416.0,4.07,4.23,1.01,0.6
2011-11-30,24.7,23.79,24.75,23.41,138606,332329920.0,5.39,-4.3,-1.07,0.6
2011-12-01,24.9,24.66,25.63,24.42,305850,766858224.0,5.09,3.66,0.87,1.33
2011-12-02,24.38,23.92,24.46,23.78,118867,285917728.0,2.76,-3.0,-0.74,0.52
2011-12-05,23.62,22.8,23.9,22.71,144902,336363984.0,4.97,-4.68,-1.12,0.63
2011-12-06,22.38,23.02,23.21,22.38,92083,210651132.0,3.64,0.96,0.22,0.4
2011-12-07,23.1,23.09,23.34,22.9,54611,126176141.0,1.91,0.3,0.07,0.24
2011-12-08,23.13,23.01,23.39,22.45,107561,246737081.0,4.07,-0.35,-0.08,0.47
2011-12-09,22.6,23.1,23.17,22.51,93928,214850684.0,2.87,0.39,0.09,0.41
2011-12-12,23.05,22.87,23.1,22.7,74008,168956598.0,1.73,-1.0,-0.23,0.32
2011-12-13,22.61,22.16,22.74,22.12,94705,211526990.0,2.71,-3.1,-0.71,0.41
2011-12-14,22.26,21.01,22.4,20.83,101239,218671940.0,7.08,-5.19,-1.15,0.44
2011-12-15,20.96,19.44,20.96,19.32,189220,376386880.0,7.81,-7.47,-1.57,0.82
2011-12-16,19.54,20.51,20.6,19.47,117552,234557787.0,5.81,5.5,1.07,0.51
2011-12-19,20.28,20.43,20.55,19.52,118345,236526191.0,5.02,-0.39,-0.08,0.51
2011-12-20,20.28,20.23,20.86,20.11,112653,230706100.0,3.67,-0.98,-0.2,0.49
2011-12-21,20.56,19.87,20.78,19.8,123044,250998376.0,4.84,-1.78,-0.36,0.53
2011-12-22,19.55,20.35,20.8,19.42,149095,299623152.0,6.95,2.42,0.48,0.65
2011-12-23,20.26,20.72,21.12,20.18,131114,271295152.0,4.62,1.82,0.37,0.57
2011-12-26,20.61,20.56,21.05,20.35,87053,180279164.0,3.38,-0.77,-0.16,0.38
2011-12-27,20.4,20.43,20.95,20.31,75753,155626045.0,3.11,-0.63,-0.13,0.33
2011-12-28,20.28,20.76,20.83,19.9,87683,179260983.0,4.55,1.62,0.33,0.38
2011-12-29,20.55,20.79,20.9,20.45,85036,176360599.0,2.17,0.14,0.03,0.37
2011-12-30,20.91,21.16,21.3,20.81,132810,279898896.0,2.36,1.78,0.37,0.58
2012-01-04,21.58,20.36,21.6,20.31,117018,246912771.0,6.1,-3.78,-0.8,0.51
2012-01-05,20.2,20.18,20.75,20.03,81167,165738747.0,3.54,-0.88,-0.18,0.35
2012-01-06,20.07,20.53,20.54,19.81,76982,155695106.0,3.62,1.73,0.35,0.33
2012-01-09,20.51,22.46,22.5,20.27,210770,459335968.0,10.86,9.4,1.93,0.92
2012-01-10,22.36,23.67,24.17,22.35,338248,787642752.0,8.1,5.39,1.21,1.47
2012-01-11,23.8,23.75,24.15,23.24,215059,510104576.0,3.84,0.34,0.08,0.93
2012-01-12,23.6,23.46,23.91,23.28,139065,328179152.0,2.65,-1.22,-0.29,0.6
2012-01-13,23.47,23.4,24.08,22.61,182913,428556976.0,6.27,-0.26,-0.06,0.79
2012-01-16,23.0,22.55,23.96,22.5,143269,333577216.0,6.24,-3.63,-0.85,0.62
2012-01-17,22.59,24.8,24.81,22.42,221451,526034656.0,10.6,9.98,2.25,0.96
2012-01-18,25.0,24.37,25.13,24.26,200508,496286736.0,3.51,-1.73,-0.43,0.87
2012-01-19,24.39,24.8,25.0,24.2,135641,335312832.0,3.28,1.76,0.43,0.59
2012-01-20,24.93,24.92,25.08,24.45,108972,270944192.0,2.54,0.48,0.12,0.47
2012-01-30,25.0,24.48,25.1,24.41,92467,228632593.0,2.77,-1.77,-0.44,0.4
2012-01-31,24.4,24.27,24.6,23.77,115849,279550656.0,3.39,-0.86,-0.21,0.5
2012-02-01,24.03,23.35,24.3,23.3,128656,306010544.0,4.12,-3.79,-0.92,0.56
2012-02-02,23.35,24.01,24.26,23.31,127775,304317792.0,4.07,2.83,0.66,0.56
2012-02-03,23.8,24.06,24.19,23.6,99621,237968800.0,2.46,0.21,0.05,0.43
2012-02-06,24.25,24.14,24.68,23.9,94414,229573024.0,3.24,0.33,0.08,0.41
2012-02-07,23.91,23.54,23.91,23.21,111092,260811338.0,2.9,-2.49,-0.6,0.48
2012-02-08,23.57,24.69,25.01,23.39,216629,527832784.0,6.88,4.89,1.15,0.94
2012-02-09,24.75,24.91,25.3,24.48,230731,575720464.0,3.32,0.89,0.22,1.0
2012-02-10,25.0,24.91,25.15,24.65,105825,263396622.0,2.01,0.0,0.0,0.46
2012-02-13,24.7,24.88,25.1,24.24,140538,346769280.0,3.45,-0.12,-0.03,0.61
2012-02-14,24.75,24.68,24.87,24.32,103869,254964535.0,2.21,-0.8,-0.2,0.45
2012-02-15,24.5,24.87,25.2,24.4,149534,371807616.0,3.24,0.77,0.19,0.65
2012-02-16,24.71,24.35,24.88,24.17,147614,361473392.0,2.85,-2.09,-0.52,0.64
2012-02-17,24.61,24.13,24.7,23.96,115902,280408560.0,3.04,-0.9,-0.22,0.5
2012-02-20,24.75,24.06,24.75,24.0,141361,344703600.0,3.11,-0.29,-0.07,0.61
2012-02-21,24.22,24.39,24.41,23.89,120825,291687904.0,2.16,1.37,0.33,0.53
2012-02-22,24.43,24.86,24.87,24.16,221880,545948384.0,2.91,1.93,0.47,0.96
2012-02-23,24.78,25.35,25.37,24.7,281792,705994320.0,2.7,1.97,0.49,1.22
2012-02-24,25.51,27.15,27.68,25.5,412256,1098659264.0,8.6,7.1,1.8,1.79
2012-02-27,27.29,27.17,28.0,26.89,322554,880934000.0,4.09,0.07,0.02,1.4
2012-02-28,26.99,26.94,27.25,26.69,207384,558136928.0,2.06,-0.85,-0.23,0.9
2012-02-29,26.89,26.7,27.29,26.65,168904,455791744.0,2.38,-0.89,-0.24,0.73
2012-03-01,26.51,26.74,27.13,26.42,119210,319958944.0,2.66,0.15,0.04,0.52
2012-03-02,27.0,27.57,27.7,27.0,185276,508293680.0,2.62,3.1,0.83,0.81
2012-03-05,27.65,27.88,28.25,27.4,182181,508506448.0,3.08,1.12,0.31,0.79
2012-03-06,27.7,27.02,27.75,26.9,138176,376328928.0,3.05,-3.08,-0.86,0.6
2012-03-07,26.61,26.89,27.59,26.46,143716,388289600.0,4.18,-0.48,-0.13,0.62
2012-03-08,26.95,27.36,27.5,26.94,118591,322718272.0,2.08,1.75,0.47,0.52
2012-03-09,27.43,28.53,28.78,27.43,280911,794212560.0,4.93,4.28,1.17,1.22
2012-03-12,28.61,28.28,28.61,27.95,142680,402189568.0,2.31,-0.88,-0.25,0.62
2012-03-13,28.28,28.41,28.77,27.55,190906,534396560.0,4.31,0.46,0.13,0.83
2012-03-14,28.55,27.12,28.77,26.91,228839,636767920.0,6.55,-4.54,-1.29,0.99
2012-03-15,26.98,26.8,27.38,26.38,137508,369180256.0,3.69,-1.18,-0.32,0.6
2012-03-16,26.8,27.19,27.3,26.6,105628,284763584.0,2.61,1.46,0.39,0.46
2012-03-19,27.15,27.38,27.41,26.6,109931,297337248.0,2.98,0.7,0.19,0.48
2012-03-20,27.42,26.9,28.1,26.82,151359,416406480.0,4.67,-1.75,-0.48,0.66
2012-03-21,27.02,27.42,27.98,26.71,153899,421044592.0,4.72,1.93,0.52,0.67
2012-03-22,27.58,26.91,27.58,26.76,99561,268812016.0,2.99,-1.86,-0.51,0.43
2012-03-23,26.97,25.96,26.97,25.8,146015,382334800.0,4.35,-3.53,-0.95,0.63
2012-03-26,25.92,26.02,26.24,25.78,58068,150861975.0,1.77,0.23,0.06,0.25
2012-03-27,26.25,25.99,26.47,25.86,56322,147032950.0,2.34,-0.12,-0.03,0.24
2012-03-28,25.8,24.71,25.8,24.6,109745,275900736.0,4.62,-4.92,-1.28,0.48
2012-03-29,24.6,24.37,24.94,24.16,91819,224470361.0,3.16,-1.38,-0.34,0.4
2012-03-30,24.58,24.49,24.65,24.21,69040,168813049.0,1.81,0.49,0.12,0.3
2012-04-05,24.49,25.69,25.77,24.48,119413,301727072.0,5.27,4.9,1.2,0.52
2012-04-06,25.77,26.09,26.27,25.43,118902,308466304.0,3.27,1.56,0.4,0.52
2012-04-09,25.99,26.08,26.7,25.6,116611,307038128.0,4.22,-0.04,-0.01,0.51
2012-04-10,25.83,26.46,26.49,25.59,87328,227618892.0,3.45,1.46,0.38,0.38
2012-04-11,26.02,26.45,26.8,26.02,83519,220716399.0,2.95,-0.04,-0.01,0.36
2012-04-12,26.6,27.14,27.62,26.6,141484,385337744.0,3.86,2.61,0.69,0.61
2012-04-13,27.23,27.27,27.71,27.1,162521,445016000.0,2.25,0.48,0.13,0.71
2012-04-16,27.08,27.2,27.48,26.91,104302,284501280.0,2.09,-0.26,-0.07,0.45
2012-04-17,27.24,26.39,27.38,26.37,93885,251321886.0,3.71,-2.98,-0.81,0.41
2012-04-18,26.54,27.44,27.5,26.28,128373,348491552.0,4.62,3.98,1.05,0.56
2012-04-19,27.38,27.19,27.7,27.16,82792,226769371.0,1.97,-0.91,-0.25,0.36
2012-04-20,27.22,27.34,27.53,27.05,89197,243891764.0,1.77,0.55,0.15,0.39
2012-04-23,27.3,27.09,27.79,26.93,93938,256115525.0,3.15,-0.91,-0.25,0.41
2012-04-24,26.86,27.25,27.43,26.47,105028,282803552.0,3.54,0.59,0.16,0.46
2012-04-25,27.16,27.5,27.75,26.8,136048,371950608.0,3.49,0.92,0.25,0.59
2012-04-26,27.56,27.58,28.06,27.23,135444,374726608.0,3.02,0.29,0.08,0.59
2012-04-27,27.58,27.4,27.74,27.38,60436,166500836.0,1.31,-0.65,-0.18,0.26
2012-05-02,27.97,28.58,29.2,27.45,279499,795369120.0,6.39,4.31,1.18,1.21
2012-05-03,28.4,29.11,29.18,28.32,225932,652818576.0,3.01,1.85,0.53,0.98
2012-05-04,29.1,29.09,29.3,28.64,136063,395219200.0,2.27,-0.07,-0.02,0.59
2012-05-07,28.9,28.96,28.99,28.3,162113,463468624.0,2.37,-0.45,-0.13,0.7
2012-05-08,28.83,28.73,28.83,28.26,131731,375882592.0,1.97,-0.79,-0.23,0.57
2012-05-09,28.3,27.79,28.46,27.7,126270,353437344.0,2.65,-3.27,-0.94,0.55
2012-05-10,27.61,27.57,28.07,27.5,84406,234151741.0,2.05,-0.79,-0.22,0.37
2012-05-11,27.57,27.36,28.1,27.29,108743,299577536.0,2.94,-0.76,-0.21,0.47
2012-05-14,27.8,26.93,27.88,26.88,116867,321010624.0,3.65,-1.57,-0.43,0.51
2012-05-15,26.8,26.91,26.96,26.38,122454,325712304.0,2.15,-0.07,-0.02,0.53
2012-05-16,26.53,26.05,26.89,26.02,113891,301661920.0,3.23,-3.2,-0.86,0.49
2012-05-17,26.12,26.6,26.69,26.12,98721,260839266.0,2.19,2.11,0.55,0.43
2012-05-18,26.29,26.34,26.58,26.22,70977,187075715.0,1.35,-0.98,-0.26,0.31
2012-05-21,26.44,26.86,27.26,25.86,122513,325406848.0,5.32,1.97,0.52,0.53
2012-05-22,26.98,27.32,27.35,26.84,96484,261459235.0,1.9,1.71,0.46,0.42
2012-05-23,27.29,27.04,27.56,26.85,110720,301744912.0,2.6,-1.02,-0.28,0.48
2012-05-24,26.91,26.77,27.37,26.74,79845,215859085.0,2.33,-1.0,-0.27,0.35
2012-05-25,26.77,26.49,26.99,26.22,63355,167832127.0,2.88,-1.05,-0.28,0.28
2012-05-28,26.25,27.03,27.05,25.83,127633,339743360.0,4.61,2.04,0.54,0.55
2012-05-29,27.0,27.61,27.83,26.91,171379,471164624.0,3.4,2.15,0.58,0.74
2012-05-30,27.63,27.32,27.76,27.16,83796,229783081.0,2.17,-1.05,-0.29,0.36
2012-06-01,27.0,26.63,27.28,26.55,166759,446700656.0,2.67,-2.53,-0.69,0.72
2012-06-04,26.0,25.2,26.08,25.0,177308,454786800.0,4.06,-5.37,-1.43,0.77
2012-06-05,25.33,24.93,25.51,24.83,113806,285446400.0,2.7,-1.07,-0.27,0.49
2012-06-06,25.0,24.09,25.18,23.8,177493,432838144.0,5.54,-3.37,-0.84,0.77
2012-06-07,24.53,24.1,24.58,23.8,112274,271201296.0,3.24,0.04,0.01,0.49
2012-06-08,24.3,23.92,24.39,23.9,102633,247978318.0,2.03,-0.75,-0.18,0.45
2012-06-11,24.01,25.0,25.2,24.0,143861,354919456.0,5.02,4.52,1.08,0.63
2012-06-12,24.8,24.67,24.87,24.19,119128,292187968.0,2.72,-1.32,-0.33,0.52
2012-06-13,24.67,24.59,24.82,24.07,119281,291359600.0,3.04,-0.32,-0.08,0.52
2012-06-14,24.47,23.87,24.47,23.85,127774,308237664.0,2.52,-2.93,-0.72,0.56
2012-06-15,23.55,23.09,23.56,22.3,115281,265754172.0,5.28,-3.27,-0.78,0.5
2012-06-18,23.21,23.34,23.74,23.11,92530,216901721.0,2.73,1.08,0.25,0.4
2012-06-19,23.36,22.91,23.36,22.87,52222,120167589.0,2.1,-1.84,-0.43,0.23
2012-06-20,22.93,22.7,23.24,22.56,87805,200855650.0,2.97,-0.92,-0.21,0.38
2012-06-21,22.4,21.83,22.4,21.4,154562,336420336.0,4.41,-3.83,-0.87,0.67
2012-06-25,21.69,20.45,21.69,20.4,185495,388312000.0,5.91,-6.32,-1.38,0.81
2012-06-26,20.4,20.5,20.66,20.25,137024,280794096.0,2.0,0.24,0.05,0.6
2012-06-27,20.5,20.52,21.0,20.42,121142,250951476.0,2.83,0.1,0.02,0.53
2012-06-28,20.7,20.45,20.89,20.42,78240,161337417.0,2.29,-0.34,-0.07,0.34
2012-06-29,20.25,20.74,20.8,20.19,88107,181073044.0,2.98,1.42,0.29,0.38
2012-07-02,21.2,20.77,21.4,20.61,147275,309684400.0,3.81,0.14,0.03,0.64
2012-07-03,20.77,20.79,21.05,20.39,111587,231754511.0,3.18,0.1,0.02,0.48
2012-07-04,21.05,21.17,21.42,21.0,166115,351905408.0,2.02,1.83,0.38,0.72
2012-07-05,20.9,20.87,21.0,20.6,84734,175642979.0,1.89,-1.42,-0.3,0.37
2012-07-06,21.02,21.24,21.32,20.3,127382,265460809.0,4.89,1.77,0.37,0.55
2012-07-09,20.99,19.95,20.99,19.92,193639,394754272.0,5.04,-6.07,-1.29,0.84
2012-07-10,19.85,19.32,19.85,19.0,216364,417905136.0,4.26,-3.16,-0.63,0.94
2012-07-11,19.0,19.49,19.68,19.0,122969,238808296.0,3.52,0.88,0.17,0.53
2012-07-12,19.4,20.87,21.2,19.31,243164,497657776.0,9.7,7.08,1.38,1.06
2012-07-13,20.66,20.6,21.13,20.53,114771,238642010.0,2.87,-1.29,-0.27,0.5
2012-07-16,20.68,20.05,20.85,20.0,94794,193347582.0,4.13,-2.67,-0.55,0.41
2012-07-17,20.08,20.39,20.76,19.58,139502,285735168.0,5.89,1.7,0.34,0.61
2012-07-18,20.42,21.09,21.25,20.26,194544,406055072.0,4.86,3.43,0.7,0.85
2012-07-19,21.13,21.33,21.75,20.93,216417,464781376.0,3.89,1.14,0.24,0.94
2012-07-20,21.41,20.99,21.49,20.9,96021,203551265.0,2.77,-1.59,-0.34,0.42
2012-07-23,20.7,20.45,20.87,20.06,119806,244654302.0,3.86,-2.57,-0.54,0.52
2012-07-24,20.05,20.69,20.89,20.05,106498,218308512.0,4.11,1.17,0.24,0.46
2012-07-25,20.42,20.2,20.77,20.13,72937,149226882.0,3.09,-2.37,-0.49,0.32
2012-07-26,20.31,20.41,20.85,20.24,65492,134558426.0,3.02,1.04,0.21,0.28
2012-07-27,20.45,20.63,20.87,20.45,81959,169465942.0,2.06,1.08,0.22,0.36
2012-07-30,20.77,20.77,21.17,20.6,107327,224127495.0,2.76,0.68,0.14,0.47
2012-07-31,20.69,20.17,20.87,19.9,79910,162694975.0,4.67,-2.89,-0.6,0.35
2012-08-01,20.11,21.0,21.15,20.11,108612,225947783.0,5.16,4.12,0.83,0.47
2012-08-02,20.9,20.77,21.3,20.6,120431,252248433.0,3.33,-1.1,-0.23,0.52
2012-08-03,20.86,21.18,21.21,20.6,104389,218333510.0,2.94,1.97,0.41,0.45
2012-08-06,21.1,21.63,21.66,20.93,141251,302678352.0,3.45,2.12,0.45,0.61
2012-08-07,21.59,21.44,21.59,21.3,104945,224786869.0,1.34,-0.88,-0.19,0.46
2012-08-08,21.6,21.47,22.08,21.36,130417,282775520.0,3.36,0.14,0.03,0.57
2012-08-09,21.36,21.53,21.55,21.08,117828,250825856.0,2.19,0.28,0.06,0.51
2012-08-10,21.51,21.12,21.53,21.08,75465,160212116.0,2.09,-1.9,-0.41,0.33
2012-08-13,21.05,20.44,21.05,20.4,96681,199656528.0,3.08,-3.22,-0.68,0.42
2012-08-14,20.38,20.49,20.51,19.95,122794,248413606.0,2.74,0.24,0.05,0.53
2012-08-15,20.47,20.07,20.47,20.0,64988,130882520.0,2.29,-2.05,-0.42,0.28
2012-08-16,20.07,19.78,20.23,19.67,102666,204299350.0,2.79,-1.44,-0.29,0.45
2012-08-17,19.79,19.74,19.82,19.37,70157,137091057.0,2.28,-0.2,-0.04,0.3
2012-08-20,19.47,19.72,19.87,19.38,48080,94168683.0,2.48,-0.1,-0.02,0.21
2012-08-21,19.65,19.99,20.09,19.65,54514,108700602.0,2.23,1.37,0.27,0.24
2012-08-22,20.05,19.8,20.1,19.68,51077,101097239.0,2.1,-0.95,-0.19,0.22
2012-08-23,19.8,19.98,20.19,19.8,58113,116188981.0,1.97,0.91,0.18,0.25
2012-08-24,19.9,19.15,19.92,19.06,111418,215414648.0,4.3,-4.15,-0.83,0.48
2012-08-27,19.15,18.02,19.15,17.79,168248,305654112.0,7.1,-5.9,-1.13,0.73
2012-08-28,17.9,17.8,18.2,17.6,120612,215700623.0,3.33,-1.22,-0.22,0.52
2012-08-29,17.7,16.93,17.72,16.87,186449,320236032.0,4.78,-4.89,-0.87,0.81
2012-08-30,17.0,17.07,17.15,16.64,115455,195810255.0,3.01,0.83,0.14,0.5
2012-08-31,17.01,16.87,17.12,16.68,87689,147974703.0,2.58,-1.17,-0.2,0.38
2012-09-03,16.84,17.07,17.15,16.74,119981,204161232.0,2.43,1.19,0.2,0.52
2012-09-04,17.08,16.73,17.12,16.7,110609,187145794.0,2.46,-1.99,-0.34,0.48
2012-09-05,16.62,16.08,16.62,15.99,253453,409085984.0,3.77,-3.89,-0.65,1.1
2012-09-06,16.1,16.16,16.22,15.85,217524,348711872.0,2.3,0.5,0.08,0.95
2012-09-07,16.32,17.78,17.78,16.3,531329,921561744.0,9.16,10.02,1.62,2.31
2012-09-10,17.76,18.08,18.25,17.65,449222,806713120.0,3.37,1.69,0.3,1.95
2012-09-11,17.88,17.8,17.92,17.54,176441,312861968.0,2.1,-1.55,-0.28,0.77
2012-09-12,18.02,18.19,18.53,17.97,250343,456142144.0,3.15,2.19,0.39,1.09
2012-09-13,18.21,17.78,18.29,17.75,156405,282521360.0,2.97,-2.25,-0.41,0.68
2012-09-14,18.35,18.19,18.8,17.8,350761,639935440.0,5.62,2.31,0.41,1.52
2012-09-17,18.14,17.47,18.17,17.34,171653,304925040.0,4.56,-3.96,-0.72,0.75
2012-09-18,17.2,16.84,17.2,16.8,198507,336519424.0,2.29,-3.61,-0.63,0.86
2012-09-19,16.86,17.2,17.23,16.85,101850,173330463.0,2.26,2.14,0.36,0.44
2012-09-20,16.99,16.66,17.01,16.65,109221,183882202.0,2.09,-3.14,-0.54,0.47
2012-09-21,16.67,17.13,17.46,16.66,165117,282846368.0,4.8,2.82,0.47,0.72
2012-09-24,16.98,17.77,18.05,16.7,182833,318586816.0,7.88,3.74,0.64,0.79
2012-09-25,17.73,17.9,18.22,17.57,219167,392118064.0,3.66,0.73,0.13,0.95
2012-09-26,17.8,17.59,18.11,17.51,133284,237512974.0,3.35,-1.73,-0.31,0.58
2012-09-27,17.5,18.57,19.0,17.5,273729,502404336.0,8.53,5.57,0.98,1.19
2012-09-28,18.35,18.75,18.86,18.24,230876,429409488.0,3.34,0.97,0.18,1.0
2012-10-08,18.74,18.07,18.89,17.91,162511,297412320.0,5.23,-3.63,-0.68,0.71
2012-10-09,18.22,18.57,18.72,18.1,191387,353999024.0,3.43,2.77,0.5,0.83
2012-10-10,18.57,18.79,18.87,18.36,170949,319666720.0,2.75,1.18,0.22,0.74
2012-10-11,18.68,18.25,18.7,18.21,118845,219066858.0,2.61,-2.87,-0.54,0.52
2012-10-12,18.39,18.3,18.56,17.96,125782,229595598.0,3.29,0.27,0.05,0.55
2012-10-15,18.22,18.0,18.3,17.79,115650,207920235.0,2.79,-1.64,-0.3,0.5
2012-10-16,18.03,18.1,18.47,17.93,121163,220779392.0,3.0,0.56,0.1,0.53
2012-10-17,18.3,17.94,18.3,17.79,103183,185753220.0,2.82,-0.88,-0.16,0.45
2012-10-18,17.82,18.48,18.53,17.82,156633,287525824.0,3.96,3.01,0.54,0.68
2012-10-19,18.48,18.38,18.61,18.29,82922,152797229.0,1.73,-0.54,-0.1,0.36
2012-10-22,18.2,18.67,18.69,18.07,117666,216174337.0,3.37,1.58,0.29,0.51
2012-10-23,18.62,18.21,18.67,18.14,108392,199241462.0,2.84,-2.46,-0.46,0.47
2012-10-24,18.08,17.84,18.16,17.8,112751,202237951.0,1.98,-2.03,-0.37,0.49
2012-10-25,17.86,17.16,18.07,17.06,160514,280657568.0,5.66,-3.81,-0.68,0.7
2012-10-26,17.2,16.96,17.26,16.7,114891,194342892.0,3.26,-1.17,-0.2,0.5
2012-10-29,16.95,16.83,17.0,16.61,89074,149357050.0,2.3,-0.77,-0.13,0.39
2012-10-30,16.86,16.82,17.1,16.76,108581,183742631.0,2.02,-0.06,-0.01,0.47
2012-10-31,16.81,17.19,17.2,16.72,94887,161000509.0,2.85,2.2,0.37,0.41
2012-11-01,17.13,17.48,17.6,17.12,122684,213526639.0,2.79,1.69,0.29,0.53
2012-11-02,17.59,17.57,17.64,17.41,93309,163610616.0,1.32,0.51,0.09,0.41
2012-11-05,17.62,17.83,18.27,17.57,185480,333405120.0,3.98,1.48,0.26,0.81
2012-11-06,17.82,17.66,17.87,17.4,89305,156833062.0,2.64,-0.95,-0.17,0.39
2012-11-07,17.78,17.8,18.05,17.5,86391,153708104.0,3.11,0.79,0.14,0.38
2012-11-08,17.55,17.05,17.55,17.01,102820,177550162.0,3.03,-4.21,-0.75,0.45
2012-11-09,16.9,17.09,17.14,16.9,52615,89616442.0,1.41,0.23,0.04,0.23
2012-11-12,17.18,17.34,17.44,17.16,54797,94744041.0,1.64,1.46,0.25,0.24
2012-11-13,17.35,16.91,17.35,16.89,60808,103745778.0,2.65,-2.48,-0.43,0.26
2012-11-14,17.0,17.14,17.15,16.81,66302,112774739.0,2.01,1.36,0.23,0.29
2012-11-15,17.02,16.68,17.02,16.62,75338,126604963.0,2.33,-2.68,-0.46,0.33
2012-11-16,16.7,16.47,16.75,16.2,77060,126187455.0,3.3,-1.26,-0.21,0.33
2012-11-19,16.5,16.57,16.58,16.24,53724,88137941.0,2.06,0.61,0.1,0.23
2012-11-20,16.69,16.43,16.8,16.37,47466,78630680.0,2.6,-0.84,-0.14,0.21
2012-11-21,16.41,16.87,16.9,16.29,89902,149320659.0,3.71,2.68,0.44,0.39
2012-11-22,16.7,16.55,16.73,16.43,50703,84114391.0,1.78,-1.9,-0.32,0.22
2012-11-23,16.63,16.66,17.0,16.5,72513,121916807.0,3.02,0.66,0.11,0.32
2012-11-26,16.6,16.3,16.6,16.21,60985,99639578.0,2.34,-2.16,-0.36,0.27
2012-11-27,16.2,16.14,16.3,16.12,47978,77779583.0,1.1,-0.98,-0.16,0.21
2012-11-28,16.04,16.14,16.33,16.0,60205,97342759.0,2.04,0.0,0.0,0.26
2012-11-29,16.14,15.85,16.25,15.82,46226,74231805.0,2.66,-1.8,-0.29,0.2
2012-11-30,15.85,16.05,16.12,15.66,45663,72793668.0,2.9,1.26,0.2,0.2
2012-12-03,16.01,15.38,16.17,15.35,71705,112713063.0,5.11,-4.17,-0.67,0.31
2012-12-04,15.41,15.6,15.75,15.21,61403,94711449.0,3.51,1.43,0.22,0.27
2012-12-05,15.58,16.39,16.7,15.49,144547,236447965.0,7.76,5.06,0.79,0.63
2012-12-06,16.38,16.49,16.74,16.34,114589,189814701.0,2.44,0.61,0.1,0.5
2012-12-07,16.67,17.3,17.6,16.48,249648,429798960.0,6.79,4.91,0.81,1.08
2012-12-10,17.3,17.78,17.98,17.25,239698,424963248.0,4.22,2.77,0.48,1.04
2012-12-11,17.75,17.76,18.23,17.4,146134,260767035.0,4.67,-0.11,-0.02,0.64
2012-12-12,17.67,17.88,18.04,17.51,105461,187970281.0,2.98,0.68,0.12,0.46
2012-12-13,17.8,17.74,18.06,17.61,104063,185841296.0,2.52,-0.78,-0.14,0.45
2012-12-14,17.72,19.02,19.2,17.71,276726,515950912.0,8.4,7.22,1.28,1.2
2012-12-17,19.02,20.28,20.91,19.02,341874,691465696.0,9.94,6.62,1.26,1.49
2012-12-18,20.06,20.25,20.96,19.87,254866,519186736.0,5.37,-0.15,-0.03,1.11
2012-12-19,20.26,20.89,21.09,20.01,356830,735428000.0,5.33,3.16,0.64,1.55
2012-12-20,20.64,20.83,20.88,20.25,162862,335243152.0,3.02,-0.29,-0.06,0.71
2012-12-21,21.0,20.38,21.7,20.33,260935,550900960.0,6.58,-2.16,-0.45,1.13
2012-12-24,20.39,20.35,20.95,20.22,138161,282372448.0,3.58,-0.15,-0.03,0.6
2012-12-25,20.35,21.36,21.59,20.1,256390,538251952.0,7.32,4.96,1.01,1.11
2012-12-26,21.26,21.39,21.63,20.93,159934,340968304.0,3.28,0.14,0.03,0.7
2012-12-27,21.5,21.49,22.08,21.41,210297,457386368.0,3.13,0.47,0.1,0.91
2012-12-28,21.36,21.78,21.89,21.11,178676,385617328.0,3.63,1.35,0.29,0.78
2012-12-31,21.83,21.89,22.12,21.51,143762,314080064.0,2.8,0.51,0.11,0.62
2013-01-04,22.15,21.34,22.45,21.21,260117,563802656.0,5.66,-2.51,-0.55,1.13
2013-01-07,21.2,21.26,21.8,21.05,190533,407593936.0,3.51,-0.37,-0.08,0.83
2013-01-08,21.2,20.78,21.2,20.33,232585,480218064.0,4.09,-2.26,-0.48,1.01
2013-01-09,20.7,21.78,21.8,20.52,284218,598603600.0,6.16,4.81,1.0,1.24
2013-01-10,21.8,21.89,22.55,21.58,391226,866211248.0,4.45,0.51,0.11,1.7
2013-01-11,21.9,21.16,22.1,20.95,196049,420423696.0,5.25,-3.33,-0.73,0.85
2013-01-14,20.86,22.35,22.4,20.76,273308,595601328.0,7.75,5.62,1.19,1.19
2013-01-15,22.43,22.58,22.95,22.3,240891,545669424.0,2.91,1.03,0.23,1.05
2013-01-16,22.58,22.48,23.07,22.03,168481,379095488.0,4.61,-0.44,-0.1,0.73
2013-01-17,22.38,21.87,22.67,21.66,143719,316966960.0,4.49,-2.71,-0.61,0.62
2013-01-18,22.19,22.65,22.88,22.01,163473,367670464.0,3.98,3.57,0.78,0.71
2013-01-21,22.9,23.1,23.6,22.5,248968,573800048.0,4.86,1.99,0.45,1.08
2013-01-22,23.1,22.61,23.1,22.53,121006,275751280.0,2.47,-2.12,-0.49,0.53
2013-01-23,22.72,22.15,22.76,21.65,212261,467798064.0,4.91,-2.03,-0.46,0.92
2013-01-24,22.18,21.09,22.4,20.8,316445,683942432.0,7.22,-4.79,-1.06,1.38
2013-01-25,21.15,20.96,21.45,20.88,117567,248672756.0,2.7,-0.62,-0.13,0.51
2013-01-28,20.97,21.88,21.89,20.97,166390,358111072.0,4.39,4.39,0.92,0.72
2013-01-29,21.92,22.56,22.98,21.92,245429,555234656.0,4.84,3.11,0.68,1.07
2013-01-30,22.7,22.56,23.0,22.18,149338,337304464.0,3.63,0.0,0.0,0.65
2013-01-31,22.4,22.67,23.33,21.97,252345,577589776.0,6.03,0.49,0.11,1.1
2013-02-01,22.39,22.97,23.0,22.3,165850,376396768.0,3.09,1.32,0.3,0.72
2013-02-04,23.08,24.73,24.78,23.0,442037,1057914800.0,7.75,7.66,1.76,1.92
2013-02-05,24.43,24.84,25.51,24.32,314931,783606960.0,4.81,0.44,0.11,1.37
2013-02-06,24.5,24.51,24.7,24.0,190259,462955296.0,2.82,-1.33,-0.33,0.83
2013-02-07,24.59,23.94,24.6,23.58,155325,371300816.0,4.16,-2.33,-0.57,0.68
2013-02-08,23.87,24.09,24.36,23.8,111931,270516464.0,2.34,0.63,0.15,0.49
2013-02-18,24.15,23.45,24.45,23.4,117556,279658368.0,4.36,-2.66,-0.64,0.51
2013-02-19,23.59,22.18,23.59,21.95,232182,522563760.0,6.99,-5.42,-1.27,1.01
2013-02-20,22.2,22.65,22.74,22.02,146388,327295264.0,3.25,2.12,0.47,0.64
2013-02-21,22.2,21.31,22.25,20.79,279946,597444384.0,6.45,-5.92,-1.34,1.22
2013-02-22,21.1,21.15,21.38,20.75,175594,368985872.0,2.96,-0.75,-0.16,0.76
2013-02-25,21.16,21.1,21.39,20.92,108557,229346397.0,2.22,-0.24,-0.05,0.47
2013-02-26,20.79,20.46,21.29,20.36,194949,404324064.0,4.41,-3.03,-0.64,0.85
2013-02-27,20.61,20.9,21.0,20.56,126074,262082907.0,2.15,2.15,0.44,0.55
2013-02-28,20.91,21.77,21.82,20.88,180685,387056928.0,4.5,4.16,0.87,0.79
2013-03-01,21.69,21.59,21.95,21.15,169001,365529056.0,3.67,-0.83,-0.18,0.73
2013-03-04,20.4,19.54,20.4,19.43,471480,930038928.0,4.49,-9.5,-2.05,2.05
2013-03-05,19.61,19.83,19.88,19.4,225494,442228432.0,2.46,1.48,0.29,0.98
2013-03-06,19.97,19.69,20.09,19.25,232722,454630672.0,4.24,-0.71,-0.14,1.01
2013-03-07,19.55,20.18,20.68,19.11,338648,678990512.0,7.97,2.49,0.49,1.47
2013-03-08,19.8,19.68,19.96,19.27,240136,469727840.0,3.42,-2.48,-0.5,1.04
2013-03-11,19.47,18.81,19.47,18.64,364338,691651984.0,4.22,-4.42,-0.87,1.58
2013-03-12,18.83,18.3,19.1,18.0,275144,508053984.0,5.85,-2.71,-0.51,1.2
2013-03-13,18.18,18.43,18.7,18.12,178061,327139200.0,3.17,0.71,0.13,0.77
2013-03-14,18.38,18.57,18.73,18.25,147159,272153328.0,2.6,0.76,0.14,0.64
2013-03-15,18.56,18.2,18.82,18.12,172069,317288624.0,3.77,-1.99,-0.37,0.75
2013-03-18,18.15,17.66,18.15,17.63,164308,293727968.0,2.86,-2.97,-0.54,0.71
2013-03-19,17.65,17.95,18.09,17.65,126192,225275142.0,2.49,1.64,0.29,0.55
2013-03-20,18.04,18.87,18.88,17.96,245179,455060624.0,5.13,5.13,0.92,1.07
2013-03-21,18.91,18.81,19.14,18.7,180601,340798672.0,2.33,-0.32,-0.06,0.78
2013-03-22,18.71,18.9,19.0,18.66,128902,243011272.0,1.81,0.48,0.09,0.56
2013-03-25,18.9,18.74,19.14,18.6,97459,182987640.0,2.86,-0.85,-0.16,0.42
2013-03-26,18.68,18.19,18.68,18.0,144446,263069305.0,3.63,-2.93,-0.55,0.63
2013-03-27,18.2,18.22,18.45,18.05,88501,161499030.0,2.2,0.16,0.03,0.38
2013-03-28,18.06,17.53,18.06,17.39,159046,280802176.0,3.68,-3.79,-0.69,0.69
2013-03-29,17.6,17.39,17.76,17.37,87634,153600186.0,2.22,-0.8,-0.14,0.38
2013-04-01,17.4,17.42,17.62,17.2,88947,154955884.0,2.42,0.17,0.03,0.39
2013-04-02,17.5,17.14,17.8,16.96,182439,315253792.0,4.82,-1.61,-0.28,0.79
2013-04-03,17.25,17.19,17.39,17.02,112231,193248666.0,2.16,0.29,0.05,0.49
2013-04-08,16.9,16.8,16.9,16.3,155154,257574866.0,3.49,-2.27,-0.39,0.67
2013-04-09,16.82,17.02,17.25,16.82,152907,260572658.0,2.56,1.31,0.22,0.66
2013-04-10,16.98,17.51,17.55,16.9,170073,292969616.0,3.82,2.88,0.49,0.74
2013-04-11,17.55,17.3,17.64,17.28,138849,242311216.0,2.06,-1.2,-0.21,0.6
2013-04-12,17.3,16.99,17.45,16.96,70936,121856933.0,2.83,-1.79,-0.31,0.31
2013-04-15,16.84,16.5,16.86,16.34,121838,200780438.0,3.06,-2.88,-0.49,0.53
2013-04-16,16.22,16.71,16.8,16.12,144939,237389531.0,4.12,1.27,0.21,0.63
2013-04-17,16.7,16.45,16.74,16.17,138026,226615843.0,3.41,-1.56,-0.26,0.6
2013-04-18,16.27,16.45,16.68,16.18,80421,132211067.0,3.04,0.0,0.0,0.35
2013-04-19,16.55,17.08,17.1,16.52,172062,290986192.0,3.53,3.83,0.63,0.75
2013-04-22,17.0,16.91,17.05,16.74,129861,218913745.0,1.81,-1.0,-0.17,0.56
2013-04-23,16.89,16.18,16.89,16.15,158629,259925348.0,4.38,-4.32,-0.73,0.69
2013-04-24,16.2,16.42,16.58,16.19,111387,182279344.0,2.41,1.48,0.24,0.48
2013-04-25,16.36,16.08,16.41,15.96,139053,224745597.0,2.74,-2.07,-0.34,0.6
2013-04-26,16.2,15.96,16.36,15.9,112093,180847663.0,2.86,-0.75,-0.12,0.49
2013-05-02,15.96,15.64,15.96,15.42,116512,182080603.0,3.38,-2.01,-0.32,0.51
2013-05-03,15.72,15.8,16.1,15.72,133045,211387289.0,2.43,1.02,0.16,0.58
2013-05-06,15.95,16.25,16.4,15.95,188807,306550928.0,2.85,2.85,0.45,0.82
2013-05-07,16.14,16.55,16.78,16.03,185349,305454224.0,4.62,1.85,0.3,0.81
2013-05-08,16.6,16.43,16.78,16.26,143901,236404808.0,3.14,-0.73,-0.12,0.63
2013-05-09,16.36,15.79,16.46,15.52,380827,603803120.0,5.72,-3.9,-0.64,1.65
2013-05-10,15.67,15.96,15.98,15.6,167550,265104838.0,2.41,1.08,0.17,0.73
2013-05-13,15.9,15.84,15.97,15.76,119801,189799758.0,1.32,-0.75,-0.12,0.52
2013-05-14,15.82,15.68,15.83,15.54,106030,165985443.0,1.83,-1.01,-0.16,0.46
2013-05-15,15.65,15.51,15.83,15.46,143236,223160591.0,2.36,-1.08,-0.17,0.62
2013-05-16,15.46,15.88,15.9,15.3,163124,255868720.0,3.87,2.39,0.37,0.71
2013-05-17,15.9,17.08,17.17,15.76,396413,655886176.0,8.88,7.56,1.2,1.72
2013-05-20,17.09,16.89,17.14,16.73,314506,531590704.0,2.4,-1.11,-0.19,1.37
2013-05-21,16.89,17.07,17.3,16.82,255739,436953280.0,2.84,1.07,0.18,1.11
2013-05-22,17.0,16.93,17.15,16.8,203868,345172560.0,2.05,-0.82,-0.14,0.89
2013-05-23,16.78,16.4,16.84,16.37,204656,339754688.0,2.78,-3.13,-0.53,0.89
2013-05-24,16.41,16.51,16.63,16.26,131850,217388116.0,2.26,0.67,0.11,0.57
2013-05-27,16.54,16.2,16.6,16.07,186528,304591488.0,3.21,-1.88,-0.31,0.81
2013-05-28,16.22,16.83,16.89,16.07,248186,410713440.0,5.06,3.89,0.63,1.08
2013-05-29,16.86,16.58,16.89,16.54,163507,272803184.0,2.08,-1.49,-0.25,0.71
2013-05-30,16.49,16.53,16.77,16.41,115044,190770646.0,2.17,-0.3,-0.05,0.5
2013-05-31,16.59,16.36,16.78,16.33,129578,214773717.0,2.72,-1.03,-0.17,0.56
2013-06-03,16.36,16.65,16.9,16.3,177736,296398192.0,3.67,1.77,0.29,0.77
2013-06-04,16.66,16.18,16.66,16.15,131280,214323000.0,3.06,-2.82,-0.47,0.57
2013-06-05,16.19,16.08,16.28,16.02,91818,147926862.0,1.61,-0.62,-0.1,0.4
2013-06-06,16.1,15.96,16.39,15.95,98943,159828265.0,2.74,-0.75,-0.12,0.43
2013-06-07,15.92,15.52,16.05,15.39,139290,217856287.0,4.14,-2.76,-0.44,0.61
2013-06-13,15.4,14.78,15.4,14.6,148000,219507212.0,5.15,-4.77,-0.74,0.64
2013-06-14,14.85,14.73,14.93,14.51,110132,161850767.0,2.84,-0.34,-0.05,0.48
2013-06-17,14.78,14.43,14.85,14.32,101096,146845756.0,3.6,-2.04,-0.3,0.44
2013-06-18,14.43,14.51,14.6,14.36,81118,117509402.0,1.66,0.55,0.08,0.35
2013-06-19,14.47,14.6,14.79,13.88,161184,230697439.0,6.27,0.62,0.09,0.7
2013-06-20,14.35,13.9,14.38,13.89,96882,137019118.0,3.36,-4.79,-0.7,0.42
2013-06-21,13.6,13.84,14.12,13.51,81761,113554705.0,4.39,-0.43,-0.06,0.36
2013-06-24,13.78,12.59,13.8,12.55,170951,224263289.0,9.03,-9.03,-1.25,0.74
2013-06-25,12.56,12.35,12.88,11.35,194252,236977226.0,12.15,-1.91,-0.24,0.84
2013-06-26,12.36,12.05,12.5,11.83,199927,241223627.0,5.43,-2.43,-0.3,0.87
2013-06-27,12.0,11.76,12.38,11.73,217401,260882423.0,5.39,-2.41,-0.29,0.94
2013-06-28,11.7,11.96,12.4,11.41,214934,256059077.0,8.42,1.7,0.2,0.93
2013-07-01,11.8,11.68,12.03,11.39,197966,230446127.0,5.35,-2.34,-0.28,0.86
2013-07-02,11.74,11.45,11.76,11.17,258010,294905872.0,5.05,-1.97,-0.23,1.12
2013-07-03,11.45,11.64,11.71,11.22,241196,277456768.0,4.28,1.66,0.19,1.05
2013-07-04,11.49,12.03,12.3,11.29,384419,458310704.0,8.68,3.35,0.39,1.67
2013-07-05,11.73,11.6,11.88,11.49,205066,239666199.0,3.24,-3.57,-0.43,0.89
2013-07-08,11.36,10.87,11.67,10.84,178079,198411104.0,7.16,-6.29,-0.73,0.77
2013-07-09,10.85,10.97,11.22,10.75,148983,162766568.0,4.32,0.92,0.1,0.65
2013-07-10,11.0,11.67,11.71,10.91,227914,259555588.0,7.29,6.38,0.7,0.99
2013-07-11,11.65,12.28,12.5,11.65,353033,427484880.0,7.28,5.23,0.61,1.53
2013-07-12,12.2,11.72,12.2,11.7,270175,322198816.0,4.07,-4.56,-0.56,1.17
2013-07-15,11.8,11.77,12.09,11.67,161926,192070058.0,3.58,0.43,0.05,0.7
2013-07-16,11.7,11.91,11.94,11.61,121020,142918830.0,2.8,1.19,0.14,0.53
2013-07-17,11.89,11.92,12.4,11.81,211733,256931958.0,4.95,0.08,0.01,0.92
2013-07-18,11.8,11.47,11.97,11.4,157914,183308667.0,4.78,-3.78,-0.45,0.69
2013-07-19,11.51,11.05,11.66,11.03,122903,139774525.0,5.49,-3.66,-0.42,0.53
2013-07-22,10.9,11.16,11.2,10.83,85179,94053398.0,3.35,1.0,0.11,0.37
2013-07-23,11.2,11.4,11.7,11.19,181908,208713993.0,4.57,2.15,0.24,0.79
2013-07-24,11.37,11.16,11.48,10.97,165048,184137450.0,4.47,-2.11,-0.24,0.72
2013-07-25,11.19,11.19,11.55,11.08,168757,190865240.0,4.21,0.27,0.03,0.73
2013-07-26,11.15,11.1,11.25,11.02,104577,116255938.0,2.06,-0.8,-0.09,0.45
2013-07-29,11.08,10.89,11.16,10.85,100251,109890896.0,2.79,-1.89,-0.21,0.44
2013-07-30,10.95,11.09,11.28,10.95,124205,138157370.0,3.03,1.84,0.2,0.54
2013-07-31,11.19,11.16,11.33,11.08,103537,115788912.0,2.25,0.63,0.07,0.45
2013-08-01,11.26,11.56,11.7,11.16,201722,232220186.0,4.84,3.58,0.4,0.88
2013-08-02,11.66,11.93,12.12,11.38,310256,366836576.0,6.4,3.2,0.37,1.35
2013-08-05,11.8,12.0,12.11,11.61,226567,269199472.0,4.19,0.59,0.07,0.98
2013-08-06,11.9,12.03,12.15,11.71,222779,266388575.0,3.67,0.25,0.03,0.97
2013-08-07,12.03,12.19,12.55,11.96,394782,483927376.0,4.9,1.33,0.16,1.72
2013-08-08,12.12,12.18,12.34,11.97,217071,263609941.0,3.04,-0.08,-0.01,0.94
2013-08-09,12.2,12.62,12.74,12.08,403561,503316144.0,5.42,3.61,0.44,1.75
2013-08-12,12.74,13.88,13.88,12.71,647919,872962704.0,9.27,9.98,1.26,2.82
2013-08-13,14.15,14.03,14.29,13.74,523958,737247680.0,3.96,1.08,0.15,2.28
2013-08-14,14.03,14.0,14.7,13.8,405892,578577856.0,6.41,-0.21,-0.03,1.76
2013-08-15,13.85,13.67,14.18,13.64,256845,356972176.0,3.86,-2.36,-0.33,1.12
2013-08-16,13.65,13.33,14.56,13.25,353982,485094144.0,9.58,-2.49,-0.34,1.54
2013-08-19,13.15,13.56,13.66,13.0,275563,366721248.0,4.95,1.73,0.23,1.2
2013-08-20,13.42,13.09,13.58,13.0,261548,346557904.0,4.28,-3.47,-0.47,1.14
2013-08-21,13.08,13.29,13.45,12.95,190645,251797713.0,3.82,1.53,0.2,0.83
2013-08-22,13.19,13.1,13.37,13.05,136111,179475901.0,2.41,-1.43,-0.19,0.59
2013-08-23,13.23,12.83,13.31,12.61,171871,222454639.0,5.34,-2.06,-0.27,0.75
2013-08-26,13.0,13.44,13.47,12.87,219940,291951408.0,4.68,4.75,0.61,0.96
2013-08-27,13.37,13.48,13.67,13.29,145777,196219098.0,2.83,0.3,0.04,0.63
2013-08-28,13.33,13.69,13.96,13.29,306629,418073968.0,4.97,1.56,0.21,1.33
2013-08-29,13.55,13.16,13.6,13.07,202041,268502832.0,3.87,-3.87,-0.53,0.88
2013-08-30,13.16,12.85,13.19,12.79,162714,210617669.0,3.04,-2.36,-0.31,0.71
2013-09-02,12.91,13.17,13.3,12.71,157706,205431728.0,4.59,2.49,0.32,0.69
2013-09-03,13.22,13.36,13.41,13.11,145443,193489710.0,2.28,1.44,0.19,0.63
2013-09-04,13.45,13.39,13.63,13.22,149004,199504995.0,3.07,0.22,0.03,0.65
2013-09-05,13.33,12.99,13.33,12.96,152778,200051688.0,2.76,-2.99,-0.4,0.66
2013-09-06,12.9,13.05,13.2,12.85,93980,122514927.0,2.69,0.46,0.06,0.41
2013-09-09,13.16,13.42,13.6,12.97,229728,306725888.0,4.83,2.84,0.37,1.0
2013-09-10,13.55,13.73,13.92,13.31,323477,441321840.0,4.55,2.31,0.31,1.41
2013-09-11,13.73,14.1,14.3,13.73,404754,570429008.0,4.15,2.69,0.37,1.76
2013-09-12,14.0,13.89,14.06,13.75,214676,297967456.0,2.2,-1.49,-0.21,0.93
2013-09-13,13.84,13.57,13.97,13.5,171191,233342095.0,3.38,-2.3,-0.32,0.74
2013-09-16,13.72,13.52,13.79,13.46,139202,188744435.0,2.43,-0.37,-0.05,0.6
2013-09-17,13.45,12.97,13.48,12.94,205501,270034480.0,3.99,-4.07,-0.55,0.89
2013-09-18,12.96,12.89,13.07,12.65,169190,217319829.0,3.24,-0.62,-0.08,0.74
2013-09-23,12.98,13.05,13.14,12.96,131751,171810325.0,1.4,1.24,0.16,0.57
2013-09-24,13.05,12.82,13.05,12.69,121725,156080264.0,2.76,-1.76,-0.23,0.53
2013-09-25,12.8,12.7,12.96,12.65,107929,137863180.0,2.42,-0.94,-0.12,0.47
2013-09-26,12.7,12.45,12.83,12.41,122186,154078841.0,3.31,-1.97,-0.25,0.53
2013-09-27,12.4,12.73,12.86,12.4,122298,155510767.0,3.69,2.25,0.28,0.53
2013-09-30,12.82,12.86,12.89,12.55,94154,119571321.0,2.67,1.02,0.13,0.41
2013-10-08,12.85,12.79,12.85,12.58,105186,133656541.0,2.1,-0.54,-0.07,0.46
2013-10-09,12.72,12.6,12.74,12.47,140620,176788304.0,2.11,-1.49,-0.19,0.61
2013-10-10,12.51,12.25,12.58,12.18,158427,195867903.0,3.17,-2.78,-0.35,0.69
2013-10-11,12.31,12.39,12.51,12.31,100016,123962991.0,1.63,1.14,0.14,0.43
2013-10-14,12.46,12.55,12.68,12.33,118879,149038517.0,2.82,1.29,0.16,0.52
2013-10-15,12.51,12.43,12.75,12.31,135872,170018079.0,3.51,-0.96,-0.12,0.59
2013-10-16,12.36,12.0,12.36,11.93,147733,178261034.0,3.46,-3.46,-0.43,0.64
2013-10-17,12.1,12.34,12.63,11.94,221259,273054032.0,5.75,2.83,0.34,0.96
2013-10-18,12.3,12.13,12.3,12.05,111525,135487664.0,2.03,-1.7,-0.21,0.48
2013-10-21,12.1,12.24,12.4,11.97,144292,175920805.0,3.54,0.91,0.11,0.63
2013-10-22,12.17,12.39,12.49,12.05,193179,237169571.0,3.59,1.23,0.15,0.84
2013-10-23,12.34,12.48,12.68,12.3,202431,253084142.0,3.07,0.73,0.09,0.88
2013-10-24,12.48,12.14,12.49,12.13,112694,137845614.0,2.88,-2.72,-0.34,0.49
2013-10-25,12.01,12.0,12.29,11.75,120298,144319889.0,4.45,-1.15,-0.14,0.52
2013-10-28,11.95,11.6,12.01,11.42,121413,141848607.0,4.92,-3.33,-0.4,0.53
2013-10-29,11.53,11.43,11.8,11.33,99743,114781276.0,4.05,-1.47,-0.17,0.43
2013-10-30,11.51,11.54,11.6,11.41,88351,101822747.0,1.66,0.96,0.11,0.38
2013-10-31,11.58,11.52,11.65,11.46,87660,101428823.0,1.65,-0.17,-0.02,0.38
2013-11-01,11.64,11.64,11.7,11.51,60328,70082985.0,1.65,1.04,0.12,0.26
2013-11-04,11.7,11.52,11.72,11.5,60578,70077965.0,1.89,-1.03,-0.12,0.26
2013-11-05,11.51,11.47,11.51,11.35,70689,80811540.0,1.39,-0.43,-0.05,0.31
2013-11-06,11.42,11.5,11.77,11.38,106327,123122925.0,3.4,0.26,0.03,0.46
2013-11-07,11.51,11.5,11.65,11.33,90210,103882216.0,2.78,0.0,0.0,0.39
2013-11-08,11.42,11.3,11.54,11.29,72008,82016754.0,2.17,-1.74,-0.2,0.31
2013-11-11,11.29,11.26,11.35,11.24,48552,54779599.0,0.97,-0.35,-0.04,0.21
2013-11-12,11.28,11.52,11.59,11.28,83881,96174557.0,2.75,2.31,0.26,0.36
2013-11-13,11.41,11.21,11.43,11.2,69161,78083693.0,2.0,-2.69,-0.31,0.3
2013-11-14,11.36,11.35,11.48,11.25,73791,83837714.0,2.05,1.25,0.14,0.32
2013-11-15,11.4,11.5,11.68,11.38,117554,135816265.0,2.64,1.32,0.15,0.51
2013-11-18,11.5,11.76,11.8,11.48,178343,208072016.0,2.78,2.26,0.26,0.78
2013-11-19,11.83,11.74,11.91,11.67,111184,130907565.0,2.04,-0.17,-0.02,0.48
2013-11-20,11.9,11.77,11.93,11.69,77482,91186687.0,2.04,0.26,0.03,0.34
2013-11-21,11.75,11.89,12.22,11.69,213567,256171811.0,4.5,1.02,0.12,0.93
2013-11-22,11.98,11.93,12.15,11.81,127414,152393136.0,2.86,0.34,0.04,0.55
2013-11-25,11.96,11.71,11.96,11.69,93130,109786490.0,2.26,-1.84,-0.22,0.4
2013-11-26,11.67,11.6,11.76,11.55,74122,86230659.0,1.79,-0.94,-0.11,0.32
2013-11-27,11.65,11.88,11.93,11.52,130832,153719193.0,3.53,2.41,0.28,0.57
2013-11-28,12.14,12.13,12.37,12.03,252332,307728464.0,2.86,2.1,0.25,1.1
2013-11-29,12.15,12.0,12.15,11.98,102077,122881269.0,1.4,-1.07,-0.13,0.44
2013-12-02,11.86,11.55,11.99,11.45,133970,156930256.0,4.5,-3.75,-0.45,0.58
2013-12-03,11.55,11.78,11.79,11.55,106735,124730822.0,2.08,1.99,0.23,0.46
2013-12-04,11.82,12.0,12.15,11.78,146049,175518881.0,3.14,1.87,0.22,0.63
2013-12-05,12.15,12.26,12.51,12.05,219357,270863472.0,3.83,2.17,0.26,0.95
2013-12-06,12.3,12.11,12.36,12.07,98213,119353340.0,2.37,-1.22,-0.15,0.43
2013-12-09,12.23,12.11,12.29,12.01,65685,79586114.0,2.31,0.0,0.0,0.29
2013-12-10,12.19,11.99,12.25,11.88,94858,114045307.0,3.06,-0.99,-0.12,0.41
2013-12-11,11.91,11.78,11.91,11.7,72953,85978662.0,1.75,-1.75,-0.21,0.32
2013-12-12,11.7,11.71,11.85,11.68,57395,67378432.0,1.44,-0.59,-0.07,0.25
2013-12-13,11.58,11.56,11.71,11.53,78977,91679711.0,1.54,-1.28,-0.15,0.34
2013-12-16,11.58,11.17,11.64,11.16,139852,158370678.0,4.15,-3.37,-0.39,0.61
2013-12-17,11.25,11.17,11.25,11.13,68983,77172597.0,1.07,0.0,0.0,0.3
2013-12-18,11.22,11.2,11.27,11.13,41665,46662236.0,1.25,0.27,0.03,0.18
2013-12-19,11.27,11.21,11.42,11.19,62980,71071002.0,2.05,0.09,0.01,0.27
2013-12-20,11.31,10.96,11.31,10.91,81802,90550105.0,3.57,-2.23,-0.25,0.36
2013-12-23,10.99,10.79,11.06,10.7,70896,76746111.0,3.28,-1.55,-0.17,0.31
2013-12-24,10.79,10.82,10.91,10.68,80386,86840682.0,2.13,0.28,0.03,0.35
2013-12-25,10.84,10.75,10.84,10.62,84623,90544619.0,2.03,-0.65,-0.07,0.37
2013-12-26,10.72,10.22,10.73,10.18,160307,166051358.0,5.12,-4.93,-0.53,0.7
2013-12-27,10.18,10.3,10.35,10.15,95882,98411751.0,1.96,0.78,0.08,0.42
2013-12-30,10.34,10.18,10.34,10.18,65338,66886617.0,1.55,-1.17,-0.12,0.28
2013-12-31,10.15,10.67,11.2,10.09,198155,212237214.0,10.9,4.81,0.49,0.86
2014-01-02,10.56,10.4,10.58,10.3,132822,138402305.0,2.62,-2.53,-0.27,0.58
2014-01-03,10.21,10.2,10.29,10.11,104906,106798761.0,1.73,-1.92,-0.2,0.46
2014-01-06,10.18,9.58,10.18,9.56,146072,142980179.0,6.08,-6.08,-0.62,0.63
2014-01-07,9.53,9.59,9.73,9.49,76101,73097882.0,2.51,0.1,0.01,0.33
2014-01-08,9.62,9.47,9.75,9.44,74040,70857137.0,3.23,-1.25,-0.12,0.32
2014-01-09,9.46,9.46,9.64,9.4,85234,81118483.0,2.53,-0.11,-0.01,0.37
2014-01-10,9.47,9.51,9.6,9.4,81871,77848131.0,2.11,0.53,0.05,0.36
2014-01-13,9.55,9.58,9.75,9.46,67814,64948754.0,3.05,0.74,0.07,0.29
2014-01-14,9.58,9.62,9.68,9.43,59305,56616417.0,2.61,0.42,0.04,0.26
2014-01-15,9.62,9.5,9.64,9.43,63602,60385811.0,2.18,-1.25,-0.12,0.28
2014-01-16,9.49,9.58,9.74,9.42,93158,89345181.0,3.37,0.84,0.08,0.4
2014-01-17,9.51,9.12,9.54,9.1,122995,113544734.0,4.59,-4.8,-0.46,0.53
2014-01-20,9.08,9.02,9.16,8.96,73836,66768155.0,2.19,-1.1,-0.1,0.32
2014-01-21,9.02,9.07,9.13,9.01,63789,57821596.0,1.33,0.55,0.05,0.28
2014-01-22,9.05,9.33,9.34,9.04,106528,98471815.0,3.31,2.87,0.26,0.46
2014-01-23,9.3,9.04,9.3,9.02,158395,145028171.0,3.0,-3.11,-0.29,0.69
2014-01-24,9.03,9.25,9.43,8.96,201644,185547009.0,5.2,2.32,0.21,0.88
2014-01-27,9.16,9.3,9.37,9.12,168217,155122496.0,2.7,0.54,0.05,0.73
2014-01-28,9.3,9.08,9.32,9.05,124197,113519712.0,2.9,-2.37,-0.22,0.54
2014-01-29,9.07,9.02,9.14,8.98,117513,106140261.0,1.76,-0.66,-0.06,0.51
2014-01-30,9.01,8.69,9.02,8.66,145827,127735109.0,3.99,-3.66,-0.33,0.63
2014-02-07,8.71,8.63,8.73,8.49,170450,146379140.0,2.76,-0.69,-0.06,0.74
2014-02-10,8.64,8.84,8.85,8.63,193187,169532335.0,2.55,2.43,0.21,0.84
2014-02-11,8.84,9.21,9.39,8.72,343433,311357744.0,7.58,4.19,0.37,1.49
2014-02-12,9.09,9.12,9.13,9.02,175559,159240633.0,1.19,-0.98,-0.09,0.76
2014-02-13,9.06,9.01,9.27,9.0,191023,174125220.0,2.96,-1.21,-0.11,0.83
2014-02-14,9.0,9.06,9.14,8.96,137411,124116175.0,2.0,0.55,0.05,0.6
2014-02-17,9.11,9.13,9.2,9.02,243507,221317309.0,1.99,0.77,0.07,1.06
2014-02-18,9.1,8.84,9.12,8.81,224305,200335985.0,3.4,-3.18,-0.29,0.97
2014-02-19,8.84,8.91,8.98,8.78,161502,143337253.0,2.26,0.79,0.07,0.7
2014-02-20,8.93,8.97,9.13,8.92,242420,218938401.0,2.36,0.67,0.06,1.05
2014-02-21,8.95,8.77,8.97,8.71,143675,126654929.0,2.9,-2.23,-0.2,0.62
2014-02-24,8.65,8.35,8.66,8.33,181512,153102630.0,3.76,-4.79,-0.42,0.79
2014-02-25,8.35,8.03,8.4,8.0,134000,110322169.0,4.79,-3.83,-0.32,0.58
2014-02-26,8.01,8.06,8.1,7.98,123277,98970872.0,1.49,0.37,0.03,0.54
2014-02-27,8.06,7.75,8.06,7.73,189790,149735635.0,4.09,-3.85,-0.31,0.82
2014-02-28,7.69,7.79,7.85,7.63,142333,109981629.0,2.84,0.52,0.04,0.62
2014-03-03,7.77,7.78,7.85,7.7,109424,85180036.0,1.93,-0.13,-0.01,0.48
2014-03-04,7.75,7.69,7.75,7.61,123305,94677214.0,1.8,-1.16,-0.09,0.54
2014-03-05,7.68,7.9,8.15,7.67,234794,185521844.0,6.24,2.73,0.21,1.02
2014-03-06,7.85,7.8,7.87,7.7,109728,85517381.0,2.15,-1.27,-0.1,0.48
2014-03-07,7.8,7.82,7.91,7.75,123070,96342956.0,2.05,0.26,0.02,0.53
2014-03-10,7.77,7.34,7.77,7.33,154594,116353923.0,5.63,-6.14,-0.48,0.67
2014-03-11,7.35,7.49,7.74,7.27,160739,119727512.0,6.4,2.04,0.15,0.7
2014-03-12,7.43,7.57,7.75,7.38,169910,128846953.0,4.94,1.07,0.08,0.74
2014-03-13,7.54,7.93,8.33,7.45,348401,277592576.0,11.62,4.76,0.36,1.51
2014-03-14,7.8,7.76,7.89,7.66,185502,144152986.0,2.9,-2.14,-0.17,0.81
2014-03-17,7.79,7.88,8.0,7.69,175990,138419748.0,3.99,1.55,0.12,0.76
2014-03-18,7.86,7.82,7.98,7.8,135809,106785384.0,2.28,-0.76,-0.06,0.59
2014-03-19,7.79,7.84,7.9,7.67,138822,107668154.0,2.94,0.26,0.02,0.6
2014-03-20,7.78,7.61,7.86,7.6,113636,88159622.0,3.32,-2.93,-0.23,0.49
2014-03-21,7.62,8.12,8.2,7.54,362733,289316640.0,8.67,6.7,0.51,1.58
2014-03-24,8.14,8.24,8.36,8.08,354141,291290512.0,3.45,1.48,0.12,1.54
2014-03-25,8.21,8.29,8.37,8.1,227812,187758942.0,3.28,0.61,0.05,0.99
2014-03-26,8.27,8.13,8.27,8.12,164018,134112237.0,1.81,-1.93,-0.16,0.71
2014-03-27,8.1,8.02,8.17,8.0,174355,140771991.0,2.09,-1.35,-0.11,0.76
2014-03-28,7.93,7.95,8.05,7.89,133359,106146322.0,2.0,-0.87,-0.07,0.58
2014-03-31,7.99,7.86,8.04,7.82,112486,89243988.0,2.77,-1.13,-0.09,0.49
2014-04-01,7.85,7.89,7.95,7.83,88413,69629428.0,1.53,0.38,0.03,0.38
2014-04-02,7.9,8.1,8.14,7.9,179255,144500514.0,3.04,2.66,0.21,0.78
2014-04-03,8.11,8.01,8.17,7.9,144268,115567883.0,3.33,-1.11,-0.09,0.63
2014-04-04,7.99,7.98,8.05,7.91,105703,84258358.0,1.75,-0.37,-0.03,0.46
2014-04-08,7.98,8.3,8.32,7.97,314063,258059528.0,4.39,4.01,0.32,1.36
2014-04-09,8.3,8.22,8.34,8.15,167715,137824651.0,2.29,-0.96,-0.08,0.73
2014-04-10,8.23,8.35,8.47,8.12,337696,279725056.0,4.26,1.58,0.13,1.47
2014-04-11,8.28,8.25,8.37,8.22,207931,172161333.0,1.8,-1.2,-0.1,0.9
2014-04-14,8.25,8.29,8.35,8.22,143407,118803451.0,1.58,0.48,0.04,0.62
2014-04-15,8.27,8.04,8.27,8.03,165448,134296585.0,2.9,-3.02,-0.25,0.72
2014-04-16,8.04,8.04,8.13,8.0,82318,66380558.0,1.62,0.0,0.0,0.36
2014-04-17,8.05,7.91,8.09,7.9,102802,82093804.0,2.36,-1.62,-0.13,0.45
2014-04-18,7.86,7.85,7.97,7.78,113284,89292832.0,2.4,-0.76,-0.06,0.49
2014-04-21,7.79,7.67,7.89,7.66,110198,85672716.0,2.93,-2.29,-0.18,0.48
2014-04-22,7.67,7.76,7.77,7.63,80415,61886001.0,1.83,1.17,0.09,0.35
2014-04-23,7.72,7.78,7.84,7.71,75030,58338925.0,1.68,0.26,0.02,0.33
2014-04-24,7.76,7.73,7.87,7.72,113222,88396973.0,1.93,-0.64,-0.05,0.49
2014-04-25,7.78,7.57,7.78,7.56,95700,73373214.0,2.85,-2.07,-0.16,0.42
2014-04-28,7.56,7.25,7.6,7.23,136481,100437458.0,4.89,-4.23,-0.32,0.59
2014-04-29,7.27,7.43,7.47,7.27,101365,74987832.0,2.76,2.48,0.18,0.44
2014-04-30,7.38,7.34,7.42,7.32,90266,66464110.0,1.35,-1.21,-0.09,0.39
2014-05-05,7.34,7.41,7.46,7.22,80596,59060189.0,3.27,0.95,0.07,0.35
2014-05-06,7.4,7.39,7.48,7.36,89663,66465626.0,1.62,-0.27,-0.02,0.39
2014-05-07,7.35,7.34,7.46,7.32,74481,55052291.0,1.89,-0.68,-0.05,0.32
2014-05-08,7.33,7.54,7.78,7.3,231593,175822000.0,6.54,2.72,0.2,1.01
2014-05-09,7.54,7.65,7.74,7.48,166539,127086463.0,3.45,1.46,0.11,0.72
2014-05-12,7.7,8.42,8.42,7.58,511148,420016064.0,10.98,10.07,0.77,2.22
2014-05-13,8.59,8.13,8.64,8.06,495905,411832272.0,6.89,-3.44,-0.29,2.16
2014-05-14,8.03,8.4,8.77,7.97,583067,489376864.0,9.84,3.32,0.27,2.53
2014-05-15,8.26,8.27,8.46,8.03,361388,297062944.0,5.12,-1.55,-0.13,1.57
2014-05-16,8.16,8.31,8.37,8.06,260148,214624173.0,3.75,0.48,0.04,1.13
2014-05-19,8.23,8.19,8.23,8.03,164911,134023447.0,2.41,-1.44,-0.12,0.72
2014-05-20,8.22,8.11,8.33,8.05,178478,145275511.0,3.42,-0.98,-0.08,0.78
2014-05-21,8.06,8.4,8.55,8.02,398196,333143904.0,6.54,3.58,0.29,1.73
2014-05-22,8.39,8.28,8.43,8.24,221173,184388541.0,2.26,-1.43,-0.12,0.96
2014-05-23,8.28,8.11,8.33,8.07,195345,159040317.0,3.14,-2.05,-0.17,0.85
2014-05-26,8.18,8.14,8.24,8.08,137739,112138414.0,1.97,0.37,0.03,0.6
2014-05-27,8.14,7.94,8.17,7.93,163444,131498150.0,2.95,-2.46,-0.2,0.71
2014-05-28,7.96,8.05,8.15,7.93,190343,153479757.0,2.77,1.39,0.11,0.83
2014-05-29,8.05,7.78,8.08,7.77,182603,144295310.0,3.85,-3.35,-0.27,0.79
2014-05-30,7.78,7.76,7.89,7.72,129687,101201555.0,2.19,-0.26,-0.02,0.56
2014-06-03,7.77,7.76,7.95,7.74,97901,76725629.0,2.71,0.0,0.0,0.43
2014-06-04,7.76,7.67,7.85,7.63,100854,77677704.0,2.84,-1.16,-0.09,0.44
2014-06-05,7.66,7.77,7.77,7.61,76606,58928397.0,2.09,1.3,0.1,0.33
2014-06-06,7.78,7.8,7.83,7.72,118164,92068202.0,1.42,0.39,0.03,0.51
2014-06-09,7.77,7.76,7.86,7.66,132157,102604096.0,2.56,-0.51,-0.04,0.57
2014-06-10,7.74,7.81,7.83,7.7,120762,93903533.0,1.68,0.64,0.05,0.52
2014-06-11,7.78,7.75,7.8,7.69,76151,58955496.0,1.41,-0.77,-0.06,0.33
2014-06-12,7.75,7.67,7.78,7.64,96081,73878493.0,1.81,-1.03,-0.08,0.42
2014-06-13,7.67,7.7,7.78,7.66,126608,97840896.0,1.56,0.39,0.03,0.55
2014-06-16,7.72,7.73,7.78,7.7,68310,52870181.0,1.04,0.39,0.03,0.3
2014-06-17,7.73,7.61,7.77,7.59,96910,74216827.0,2.33,-1.55,-0.12,0.42
2014-06-18,7.6,7.63,7.7,7.5,110193,83608961.0,2.63,0.26,0.02,0.48
2014-06-19,7.6,7.35,7.61,7.35,96542,72041023.0,3.41,-3.67,-0.28,0.42
2014-06-20,7.37,7.4,7.43,7.34,63231,46728933.0,1.22,0.68,0.05,0.27
2014-06-23,7.4,7.45,7.55,7.37,79525,59292361.0,2.43,0.68,0.05,0.35
2014-06-24,7.45,7.55,7.56,7.42,81816,61373813.0,1.88,1.34,0.1,0.36
2014-06-25,7.52,7.52,7.73,7.43,133418,101227693.0,3.97,-0.4,-0.03,0.58
2014-06-26,7.49,7.51,7.55,7.46,81150,60930822.0,1.2,-0.13,-0.01,0.35
2014-06-27,7.51,7.57,7.62,7.49,115879,87670188.0,1.73,0.8,0.06,0.5
2014-06-30,7.57,7.59,7.63,7.48,107454,81267503.0,1.98,0.26,0.02,0.47
2014-07-01,7.59,7.62,7.72,7.56,89249,68220547.0,2.11,0.4,0.03,0.39
2014-07-02,7.63,7.74,7.79,7.56,168721,129877326.0,3.02,1.57,0.12,0.73
2014-07-03,7.74,7.67,7.75,7.65,113584,87449523.0,1.29,-0.9,-0.07,0.49
2014-07-04,7.66,7.48,7.69,7.47,327544,246747583.0,2.87,-2.48,-0.19,1.42
2014-07-07,7.46,7.54,7.57,7.43,173584,130137021.0,1.87,0.8,0.06,0.75
2014-07-08,7.52,7.48,7.53,7.43,116020,86650552.0,1.33,-0.8,-0.06,0.5
2014-07-09,7.49,7.38,7.53,7.35,128104,95275140.0,2.41,-1.34,-0.1,0.56
2014-07-10,7.38,7.38,7.48,7.35,100717,74606285.0,1.76,0.0,0.0,0.44
2014-07-11,7.38,7.43,7.45,7.36,118325,87601554.0,1.22,0.68,0.05,0.51
2014-07-14,7.43,7.5,7.51,7.39,139192,103709167.0,1.62,0.94,0.07,0.6
2014-07-15,7.5,7.58,7.62,7.46,212688,160532129.0,2.13,1.07,0.08,0.92
2014-07-16,7.59,7.51,7.6,7.48,129922,97853729.0,1.58,-0.92,-0.07,0.56
2014-07-17,7.5,7.45,7.53,7.41,90604,67722079.0,1.6,-0.8,-0.06,0.39
2014-07-18,7.43,7.49,7.56,7.42,128276,96236938.0,1.88,0.54,0.04,0.56
2014-07-21,7.46,7.46,7.52,7.44,84509,63090265.0,1.07,-0.4,-0.03,0.37
2014-07-22,7.45,7.58,7.66,7.43,241036,182856292.0,3.08,1.61,0.12,1.05
2014-07-23,7.55,7.69,7.76,7.55,357023,274828064.0,2.77,1.45,0.11,1.55
2014-07-24,7.72,7.94,8.04,7.66,515215,404960128.0,4.94,3.25,0.25,2.24
2014-07-25,7.9,8.07,8.2,7.84,445167,358035920.0,4.53,1.64,0.13,1.93
2014-07-28,8.07,8.55,8.87,8.07,728099,607466576.0,9.91,5.95,0.48,3.16
2014-07-29,8.5,8.44,8.55,8.33,430556,363162208.0,2.57,-1.29,-0.11,1.87
2014-07-30,8.31,8.33,8.6,8.3,399088,336564032.0,3.55,-1.3,-0.11,1.73
2014-07-31,8.35,8.5,8.52,8.19,388164,324575504.0,3.96,2.04,0.17,1.69
2014-08-01,8.43,8.81,9.25,8.34,801799,702079872.0,10.71,3.65,0.31,3.48
2014-08-04,8.77,9.2,9.33,8.73,627247,570577712.0,6.81,4.43,0.39,2.73
2014-08-05,9.18,9.21,9.67,9.08,601628,562519408.0,6.41,0.11,0.01,2.61
2014-08-06,9.19,9.25,9.31,8.91,427243,387905936.0,4.34,0.43,0.04,1.86
2014-08-07,9.26,8.95,9.27,8.93,354375,320826816.0,3.68,-3.24,-0.3,1.54
2014-08-08,8.96,8.87,8.99,8.8,259169,229929977.0,2.12,-0.89,-0.08,1.13
2014-08-11,8.88,9.1,9.18,8.88,280156,253036360.0,3.38,2.59,0.23,1.22
2014-08-12,9.08,8.94,9.08,8.86,224082,200350328.0,2.42,-1.76,-0.16,0.97
2014-08-13,8.9,9.18,9.26,8.86,491219,446463296.0,4.47,2.68,0.24,2.13
2014-08-14,9.09,8.83,9.13,8.8,291743,261394483.0,3.59,-3.81,-0.35,1.27
2014-08-15,8.8,8.97,9.07,8.77,296132,264394812.0,3.4,1.59,0.14,1.29
2014-08-18,8.98,8.98,9.09,8.93,191174,171840837.0,1.78,0.11,0.01,0.83
2014-08-19,8.99,9.24,9.56,8.99,578665,540073728.0,6.35,2.9,0.26,2.51
2014-08-20,9.2,9.13,9.3,9.06,252887,231604914.0,2.6,-1.19,-0.11,1.1
2014-08-21,9.13,9.05,9.2,8.99,206040,186915173.0,2.3,-0.88,-0.08,0.9
2014-08-22,9.03,9.05,9.09,8.9,162961,146591509.0,2.1,0.0,0.0,0.71
2014-08-25,9.05,8.75,9.08,8.71,269252,237590148.0,4.09,-3.31,-0.3,1.17
2014-08-26,8.7,8.56,8.86,8.55,208036,180628499.0,3.54,-2.17,-0.19,0.9
2014-08-27,8.58,8.56,8.62,8.51,145738,124747425.0,1.29,0.0,0.0,0.63
2014-08-28,8.62,8.58,8.77,8.51,173504,149904557.0,3.04,0.23,0.02,0.75
2014-08-29,8.6,8.67,8.7,8.48,115236,98979615.0,2.56,1.05,0.09,0.5
2014-09-01,8.68,8.7,8.7,8.55,178284,154016928.0,1.73,0.35,0.03,0.77
2014-09-02,8.69,8.87,8.88,8.62,329112,288245664.0,2.99,1.95,0.17,1.43
2014-09-03,8.85,8.98,9.17,8.85,431136,389060448.0,3.61,1.24,0.11,1.87
2014-09-04,8.97,9.02,9.08,8.88,280658,252013972.0,2.23,0.45,0.04,1.22
2014-09-05,9.06,9.11,9.26,9.02,335703,306133504.0,2.66,1.0,0.09,1.46
2014-09-09,9.09,9.08,9.23,8.96,292580,265501280.0,2.96,-0.33,-0.03,1.27
2014-09-10,9.0,8.99,9.08,8.92,180088,161755860.0,1.76,-0.99,-0.09,0.78
2014-09-11,8.98,8.96,9.17,8.91,246936,222976122.0,2.89,-0.33,-0.03,1.07
2014-09-12,8.96,9.01,9.04,8.87,173360,155508743.0,1.9,0.56,0.05,0.75
2014-09-15,9.01,9.22,9.27,8.97,401738,368906496.0,3.33,2.33,0.21,1.75
2014-09-16,9.25,8.83,9.28,8.82,417754,379425168.0,4.99,-4.23,-0.39,1.82
2014-09-17,8.8,8.77,8.86,8.64,251287,219941436.0,2.49,-0.68,-0.06,1.09
2014-09-18,8.77,8.81,8.93,8.7,216958,191427957.0,2.62,0.46,0.04,0.94
2014-09-19,8.81,8.81,8.88,8.69,238495,209559328.0,2.16,0.0,0.0,1.04
2014-09-22,8.76,8.74,8.92,8.69,248027,218112685.0,2.61,-0.79,-0.07,1.08
2014-09-23,8.73,8.82,8.85,8.73,133317,117227593.0,1.37,0.92,0.08,0.58
2014-09-24,8.8,9.03,9.07,8.75,330170,295301360.0,3.63,2.38,0.21,1.43
2014-09-25,9.07,9.04,9.17,8.94,302567,273559792.0,2.55,0.11,0.01,1.31
2014-09-26,8.99,9.1,9.2,8.96,340258,309251456.0,2.65,0.66,0.06,1.48
2014-09-29,9.12,9.26,9.32,9.06,444003,407575792.0,2.86,1.76,0.16,1.93
2014-09-30,9.5,9.26,9.59,9.26,613802,578298288.0,3.56,0.0,0.0,2.67
2014-10-08,9.21,9.31,9.37,9.16,346588,320120256.0,2.27,0.54,0.05,1.51
2014-10-09,9.35,9.47,9.5,9.21,478381,448840864.0,3.11,1.72,0.16,2.08
2014-10-10,9.5,9.29,9.67,9.28,590385,558097184.0,4.12,-1.9,-0.18,2.57
2014-10-13,9.23,9.81,9.87,9.22,774357,737720624.0,7.0,5.6,0.52,3.37
2014-10-14,9.78,9.67,9.84,9.55,495450,479085408.0,2.96,-1.43,-0.14,2.15
2014-10-15,9.61,9.57,9.65,9.41,298397,284402240.0,2.48,-1.03,-0.1,1.3
2014-10-16,9.52,9.31,9.69,9.3,320315,305676592.0,4.08,-2.72,-0.26,1.39
2014-10-17,9.3,9.39,9.59,9.25,385895,362680448.0,3.65,0.86,0.08,1.68
2014-10-20,9.41,9.35,9.44,9.31,184803,172945709.0,1.38,-0.43,-0.04,0.8
2014-10-21,9.36,9.27,9.53,9.26,179360,168045895.0,2.89,-0.86,-0.08,0.78
2014-10-22,9.28,9.1,9.43,9.1,266647,246719013.0,3.56,-1.83,-0.17,1.16
2014-10-23,9.03,8.79,9.12,8.75,276329,246196271.0,4.07,-3.41,-0.31,1.2
2014-10-24,8.79,8.7,8.84,8.66,164144,143637965.0,2.05,-1.02,-0.09,0.71
2014-10-27,8.69,8.72,8.76,8.61,112223,97541716.0,1.72,0.23,0.02,0.49
2014-10-28,8.73,8.92,8.93,8.7,170644,150591673.0,2.64,2.29,0.2,0.74
2014-10-29,8.97,9.0,9.19,8.84,371007,334456608.0,3.92,0.9,0.08,1.61
2014-10-30,8.96,9.07,9.15,8.94,263768,238872832.0,2.33,0.78,0.07,1.15
2014-10-31,9.03,9.26,9.38,8.99,450790,415057216.0,4.3,2.09,0.19,1.96
2014-11-03,9.28,9.39,9.45,9.23,385452,360013008.0,2.38,1.4,0.13,1.68
2014-11-04,9.32,9.59,9.68,9.24,620940,591449328.0,4.69,2.13,0.2,2.7
2014-11-05,9.57,9.42,9.69,9.4,368988,350392064.0,3.02,-1.77,-0.17,1.6
2014-11-06,9.35,9.35,9.45,9.2,266517,248133503.0,2.65,-0.74,-0.07,1.16
2014-11-07,9.25,9.21,9.5,9.18,394352,367681792.0,3.42,-1.5,-0.14,1.71
2014-11-10,9.23,9.47,9.48,9.18,371243,348043712.0,3.26,2.82,0.26,1.61
2014-11-11,9.6,9.65,9.85,9.4,883236,851631680.0,4.75,1.9,0.18,3.84
2014-11-12,9.81,10.15,10.47,9.77,1149286,1161599952.0,7.25,5.18,0.5,4.99
2014-11-13,10.0,9.93,10.11,9.74,729072,723273440.0,3.65,-2.17,-0.22,3.17
2014-11-14,9.8,9.79,9.94,9.67,387552,379201408.0,2.72,-1.41,-0.14,1.68
2014-11-17,9.84,9.67,9.89,9.65,313555,306324032.0,2.45,-1.23,-0.12,1.36
2014-11-18,9.58,9.47,9.58,9.39,334408,316419328.0,1.96,-2.07,-0.2,1.45
2014-11-19,9.43,9.5,9.53,9.38,206236,194760089.0,1.58,0.32,0.03,0.9
2014-11-20,9.6,9.44,9.62,9.39,276636,262325124.0,2.42,-0.63,-0.06,1.2
2014-11-21,9.42,9.49,9.49,9.24,322759,302242480.0,2.65,0.53,0.05,1.4
2014-11-24,9.6,9.92,10.06,9.53,735933,721060896.0,5.58,4.53,0.43,3.2
2014-11-25,9.92,10.2,10.25,9.85,697138,701593840.0,4.03,2.82,0.28,3.03
2014-11-26,10.15,10.17,10.35,9.96,560189,567576864.0,3.82,-0.29,-0.03,2.43
2014-11-27,10.24,10.39,10.74,10.17,807338,843465584.0,5.6,2.16,0.22,3.51
2014-11-28,10.36,10.28,10.37,10.0,619135,628342976.0,3.56,-1.06,-0.11,2.69
2014-12-01,10.21,10.65,10.91,10.15,896266,956218544.0,7.39,3.6,0.37,3.89
2014-12-02,10.72,10.8,10.91,10.45,707496,757309376.0,4.32,1.41,0.15,3.07
2014-12-03,10.83,11.08,11.55,10.74,850886,947381392.0,7.5,2.59,0.28,3.7
2014-12-04,11.1,12.18,12.19,11.1,1165061,1368941888.0,9.84,9.93,1.1,5.06
2014-12-05,12.22,11.68,12.63,11.32,1092550,1303089536.0,10.76,-4.11,-0.5,4.75
2014-12-08,11.5,11.92,12.27,11.16,779773,913261568.0,9.5,2.05,0.24,3.39
2014-12-09,11.6,11.07,12.58,11.0,972143,1151946320.0,13.26,-7.13,-0.85,4.22
2014-12-10,11.01,11.36,11.38,10.73,596874,660943408.0,5.87,2.62,0.29,2.59
2014-12-11,11.18,11.18,11.39,10.91,511002,569812720.0,4.23,-1.58,-0.18,2.22
2014-12-12,11.17,11.14,11.34,11.01,425585,476053664.0,2.95,-0.36,-0.04,1.85
2014-12-15,11.18,11.02,11.2,10.73,478372,521927504.0,4.22,-1.08,-0.12,2.08
2014-12-16,11.02,11.6,11.63,10.87,753157,852450560.0,6.9,5.26,0.58,3.27
2014-12-17,11.6,11.27,11.61,11.1,503920,571427200.0,4.4,-2.84,-0.33,2.19
2014-12-18,11.29,11.28,11.66,11.21,461488,527856400.0,3.99,0.09,0.01,2.01
2014-12-19,11.19,11.72,11.78,11.04,759387,875598048.0,6.56,3.9,0.44,3.3
2014-12-22,11.78,12.33,12.88,11.78,1197664,1476230672.0,9.39,5.2,0.61,5.2
2014-12-23,12.19,11.57,12.2,11.4,533467,629792912.0,6.49,-6.16,-0.76,2.32
2014-12-24,11.4,11.19,11.69,10.92,432014,488294368.0,6.66,-3.28,-0.38,1.88
2014-12-25,11.35,11.51,11.58,11.22,348692,396865472.0,3.22,2.86,0.32,1.52
2014-12-26,11.55,11.83,11.88,11.4,433338,503616624.0,4.17,2.78,0.32,1.88
2014-12-29,11.9,11.62,12.22,11.4,615643,729906288.0,6.93,-1.78,-0.21,2.68
2014-12-30,11.6,11.27,11.66,11.14,489195,553347616.0,4.48,-3.01,-0.35,2.13
2014-12-31,11.31,11.54,11.55,11.12,385716,437797664.0,3.82,2.4,0.27,1.68
2015-01-05,11.54,12.69,12.69,11.54,1047764,1293959184.0,9.97,9.97,1.15,4.55
2015-01-06,12.99,12.43,13.23,12.25,1107463,1409935008.0,7.72,-2.05,-0.26,4.81
2015-01-07,12.23,12.42,12.65,12.1,583119,717960752.0,4.42,-0.08,-0.01,2.53
2015-01-08,12.33,12.11,12.6,11.96,492589,604658800.0,5.15,-2.5,-0.31,2.14
2015-01-09,12.01,11.85,12.42,11.71,474413,570771200.0,5.86,-2.15,-0.26,2.06
2015-01-12,11.69,11.6,11.84,11.48,311263,361448848.0,3.04,-2.11,-0.25,1.35
2015-01-13,11.59,11.6,11.78,11.44,214611,248809121.0,2.93,0.0,0.0,0.93
2015-01-14,11.62,11.27,11.72,11.17,260952,297925200.0,4.74,-2.84,-0.33,1.13
2015-01-15,11.31,11.61,11.62,11.11,281726,319943984.0,4.53,3.02,0.34,1.22
2015-01-16,11.6,11.58,11.83,11.4,294139,342046272.0,3.7,-0.26,-0.03,1.28
2015-01-19,11.12,10.42,11.12,10.42,511431,551707856.0,6.04,-10.02,-1.16,2.22
2015-01-20,10.22,10.53,10.65,10.22,354963,372049424.0,4.13,1.06,0.11,1.54
2015-01-21,10.53,10.92,10.97,10.45,405470,435117248.0,4.94,3.7,0.39,1.76
2015-01-22,10.88,11.01,11.21,10.85,382815,423016144.0,3.3,0.82,0.09,1.66
2015-01-23,11.12,10.89,11.19,10.84,276035,303319264.0,3.18,-1.09,-0.12,1.2
2015-01-26,10.82,11.04,11.08,10.75,225473,246428131.0,3.03,1.38,0.15,0.98
2015-01-27,11.0,10.94,11.17,10.75,275645,302285600.0,3.8,-0.91,-0.1,1.2
2015-01-28,10.94,10.73,10.94,10.6,218467,235720559.0,3.11,-1.92,-0.21,0.95
2015-01-29,10.6,10.75,10.89,10.56,211975,228205390.0,3.08,0.19,0.02,0.92
2015-01-30,10.75,10.51,10.83,10.49,179389,190982318.0,3.16,-2.23,-0.24,0.78
2015-02-02,10.47,10.23,10.47,10.19,192603,198846395.0,2.66,-2.66,-0.28,0.84
2015-02-03,10.33,10.47,10.48,10.28,178124,184777955.0,1.96,2.35,0.24,0.77
2015-02-04,10.59,10.49,10.73,10.48,227708,241744664.0,2.39,0.19,0.02,0.99
2015-02-05,10.77,10.25,10.77,10.24,193482,203103334.0,5.05,-2.29,-0.24,0.84
2015-02-06,10.21,9.89,10.31,9.78,269348,269682336.0,5.17,-3.51,-0.36,1.17
2015-02-09,9.83,9.86,9.95,9.83,194553,192128960.0,1.21,-0.3,-0.03,0.85
2015-02-10,9.85,9.99,9.99,9.83,132629,131747530.0,1.62,1.32,0.13,0.58
2015-02-11,10.0,10.03,10.14,9.97,129892,130371534.0,1.7,0.4,0.04,0.56
2015-02-12,10.0,10.04,10.05,9.84,143571,142842375.0,2.09,0.1,0.01,0.62
2015-02-13,10.12,10.18,10.31,10.08,246931,251724923.0,2.29,1.39,0.14,1.07
2015-02-16,10.22,10.26,10.29,10.17,140123,143419138.0,1.18,0.79,0.08,0.61
2015-02-17,10.3,10.25,10.34,10.24,143087,147194846.0,0.97,-0.1,-0.01,0.62
2015-02-25,10.25,10.19,10.34,10.15,154243,158110833.0,1.85,-0.59,-0.06,0.67
2015-02-26,10.21,10.51,10.52,10.16,270244,280244304.0,3.53,3.14,0.32,1.17
2015-02-27,10.47,10.47,10.6,10.42,225223,236419222.0,1.71,-0.38,-0.04,0.98
2015-03-02,10.6,10.89,11.0,10.51,538122,580635888.0,4.68,4.01,0.42,2.34
2015-03-03,10.81,10.52,10.81,10.5,318847,340157296.0,2.85,-3.4,-0.37,1.39
2015-03-04,10.5,10.58,10.67,10.45,215788,227776733.0,2.09,0.57,0.06,0.94
2015-03-05,10.6,10.43,10.63,10.33,226055,236756927.0,2.84,-1.42,-0.15,0.98
2015-03-06,10.44,10.7,10.84,10.4,345354,368219264.0,4.22,2.59,0.27,1.5
2015-03-09,10.72,10.66,10.72,10.34,319557,335139264.0,3.55,-0.37,-0.04,1.39
2015-03-10,10.62,10.61,10.74,10.58,224199,239359328.0,1.5,-0.47,-0.05,0.97
2015-03-11,10.59,10.52,10.72,10.47,203990,216083447.0,2.36,-0.85,-0.09,0.89
2015-03-12,10.53,10.69,10.75,10.49,261148,277556816.0,2.47,1.62,0.17,1.13
2015-03-13,10.72,10.95,11.19,10.68,600583,660306144.0,4.77,2.43,0.26,2.61
2015-03-16,11.0,11.16,11.18,10.81,484803,535821712.0,3.38,1.92,0.21,2.11
2015-03-17,11.17,11.27,11.37,11.1,473848,530591728.0,2.42,0.99,0.11,2.06
2015-03-18,11.27,11.5,11.55,11.21,517908,591801168.0,3.02,2.04,0.23,2.25
2015-03-19,11.52,11.5,11.65,11.39,510003,587107776.0,2.26,0.0,0.0,2.22
2015-03-20,11.46,11.41,11.48,11.26,482790,549153248.0,1.91,-0.78,-0.09,2.1
2015-03-23,11.49,11.68,11.82,11.49,541015,631295712.0,2.89,2.37,0.27,2.35
2015-03-24,11.69,11.59,11.72,11.26,542573,624422784.0,3.94,-0.77,-0.09,2.36
2015-03-25,11.5,11.4,11.56,11.31,400690,457534944.0,2.16,-1.64,-0.19,1.74
2015-03-26,11.5,11.79,11.8,11.4,774840,900220096.0,3.51,3.42,0.39,3.37
2015-03-27,11.82,12.14,12.56,11.82,890795,1091180896.0,6.28,2.97,0.35,3.87
2015-03-30,12.25,12.56,12.59,12.05,795973,983343792.0,4.45,3.46,0.42,3.46
2015-03-31,12.95,12.25,13.08,12.21,905121,1148319104.0,6.93,-2.47,-0.31,3.93
2015-04-01,12.07,12.46,12.54,12.07,529614,651821552.0,3.84,1.71,0.21,2.3
2015-04-02,12.47,12.67,12.75,12.44,621926,782475008.0,2.49,1.69,0.21,2.7
2015-04-03,12.51,12.75,12.86,12.5,579218,733995312.0,2.84,0.63,0.08,2.52
2015-04-07,12.91,13.39,13.68,12.91,832567,1111320592.0,6.04,5.02,0.64,3.62
2015-04-08,13.4,13.6,14.11,13.22,880825,1203025120.0,6.65,1.57,0.21,3.83
2015-04-09,13.47,13.21,13.58,12.8,637525,838960160.0,5.74,-2.87,-0.39,2.77
2015-04-10,13.16,13.5,13.57,13.0,581469,777732384.0,4.31,2.2,0.29,2.53
2015-04-13,13.53,13.69,13.84,13.39,627824,856893488.0,3.33,1.41,0.19,2.73
2015-04-14,13.64,13.3,13.64,13.19,592196,793896592.0,3.29,-2.85,-0.39,2.57
2015-04-15,13.32,12.71,13.36,12.7,561510,727597616.0,4.96,-4.44,-0.59,2.44
2015-04-16,12.61,13.0,13.18,12.56,481225,623500560.0,4.88,2.28,0.29,2.09
2015-04-17,13.11,13.35,13.52,13.07,665212,886186096.0,3.46,2.69,0.35,2.89
2015-04-20,13.2,13.38,13.95,13.0,942658,1272011152.0,7.12,0.22,0.03,4.1
2015-04-21,13.38,13.78,13.87,13.3,712404,971786496.0,4.26,2.99,0.4,3.1
2015-04-22,13.9,14.3,14.43,13.64,994027,1399202352.0,5.73,3.77,0.52,4.32
2015-04-23,14.28,14.77,15.2,14.05,1066543,1552005536.0,8.04,3.29,0.47,4.63
2015-04-24,14.79,14.33,15.05,14.2,786373,1151128000.0,5.75,-2.98,-0.44,3.42
2015-04-27,14.6,14.8,14.94,14.35,793370,1156505344.0,4.12,3.28,0.47,3.45
2015-04-28,14.76,13.86,14.98,13.51,794033,1130645744.0,9.93,-6.35,-0.94,3.45
2015-04-29,13.83,14.13,14.32,13.6,538462,757213648.0,5.19,1.95,0.27,2.34
2015-04-30,14.12,13.8,14.52,13.78,532427,756479648.0,5.24,-2.34,-0.33,2.31
2015-05-04,13.76,13.85,14.08,13.7,327872,454588336.0,2.75,0.36,0.05,1.42
2015-05-05,13.85,13.0,14.06,12.93,447613,604040288.0,8.16,-6.14,-0.85,1.95
2015-05-06,13.05,12.46,13.21,12.3,542349,695791968.0,7.0,-4.15,-0.54,2.36
2015-05-07,12.46,12.32,12.6,12.22,324059,402248112.0,3.05,-1.12,-0.14,1.41
2015-05-08,12.49,12.7,12.71,12.32,332213,415417792.0,3.17,3.08,0.38,1.44
2015-05-11,12.81,13.03,13.18,12.61,538292,690664688.0,4.49,2.6,0.33,2.34
2015-05-12,13.02,12.94,13.03,12.8,459775,593090400.0,1.77,-0.69,-0.09,2.0
2015-05-13,12.91,12.79,12.99,12.58,534001,680636944.0,3.17,-1.16,-0.15,2.32
2015-05-14,12.79,12.74,12.79,12.51,411859,521265136.0,2.19,-0.39,-0.05,1.79
2015-05-15,12.7,12.32,12.78,12.02,398748,498004832.0,5.97,-3.3,-0.42,1.73
2015-05-18,12.2,12.38,12.48,12.06,343257,421491968.0,3.41,0.49,0.06,1.49
2015-05-19,12.36,12.71,12.73,12.35,401426,504858064.0,3.07,2.67,0.33,1.74
2015-05-20,12.7,12.64,12.93,12.58,592450,758164960.0,2.75,-0.55,-0.07,2.57
2015-05-21,12.68,12.88,12.9,12.45,539074,684760208.0,3.56,1.9,0.24,2.34
2015-05-22,12.93,13.32,13.34,12.91,725156,951730592.0,3.34,3.42,0.44,3.15
2015-05-25,13.33,13.61,13.74,13.21,675155,912514144.0,3.98,2.18,0.29,2.93
2015-05-26,13.62,13.81,13.84,13.33,798940,1085527232.0,3.75,1.47,0.2,3.47
2015-05-27,13.81,14.34,14.44,13.55,1137373,1599316384.0,6.44,3.84,0.53,4.94
2015-05-28,14.22,13.17,14.38,13.0,977474,1357248400.0,9.62,-8.16,-1.17,4.25
2015-05-29,13.15,13.05,13.46,12.69,678174,887144112.0,5.85,-0.91,-0.12,2.95
2015-06-01,13.08,14.36,14.36,12.9,1226759,1702987776.0,11.19,10.04,1.31,5.33
2015-06-02,14.48,14.37,14.5,13.92,1220580,1739849936.0,4.04,0.07,0.01,5.3
2015-06-03,14.28,14.11,14.45,13.78,832847,1177572496.0,4.66,-1.81,-0.26,3.62
2015-06-04,14.09,14.92,15.08,12.98,1162678,1666970800.0,14.88,5.74,0.81,5.05
2015-06-05,15.25,15.33,15.9,14.85,1369939,2104248208.0,7.04,2.75,0.41,5.95
2015-06-08,15.38,15.52,15.7,14.98,1051829,1621522656.0,4.7,1.24,0.19,4.57
2015-06-09,15.54,16.16,16.44,15.2,1192238,1892702048.0,7.99,4.12,0.64,5.18
2015-06-10,15.79,15.78,16.28,15.59,778347,1237354528.0,4.27,-2.35,-0.38,3.38
2015-06-11,12.16,12.35,12.63,12.15,603206,744747392.0,3.04,-21.74,-3.43,2.02
2015-06-12,12.2,12.19,12.5,12.0,1103087,1350994208.0,4.05,-1.3,-0.16,3.69
2015-06-15,12.23,11.91,12.28,11.78,914409,1097538112.0,4.1,-2.3,-0.28,3.06
2015-06-16,11.9,11.52,12.08,11.4,787586,926789248.0,5.71,-3.27,-0.39,2.63
2015-06-17,11.5,11.83,11.88,11.2,699781,808700480.0,5.9,2.69,0.31,2.34
2015-06-18,11.78,11.21,11.83,11.2,546150,633269424.0,5.33,-5.24,-0.62,1.83
2015-06-19,11.1,10.15,11.28,10.1,596869,644965776.0,10.53,-9.46,-1.06,2.0
2015-06-23,10.15,10.46,10.53,9.68,578421,589646640.0,8.37,3.05,0.31,1.93
2015-06-24,10.51,10.94,11.04,10.46,805054,863836080.0,5.54,4.59,0.48,2.69
2015-06-25,11.0,10.45,11.1,10.27,613919,664235552.0,7.59,-4.48,-0.49,2.05
2015-06-26,10.16,9.41,10.36,9.41,747015,735141408.0,9.09,-9.95,-1.04,2.5
2015-06-29,9.6,9.02,9.75,8.47,911903,834421328.0,13.6,-4.14,-0.39,3.05
2015-06-30,9.03,9.67,9.76,8.42,841030,766823072.0,14.86,7.21,0.65,2.81
2015-07-01,9.5,9.16,9.84,9.12,754555,723236992.0,7.45,-5.27,-0.51,2.52
2015-07-02,9.24,8.48,9.34,8.34,619238,548568800.0,10.92,-7.42,-0.68,2.07
2015-07-03,8.4,7.64,8.62,7.63,706527,565127456.0,11.67,-9.91,-0.84,2.36
2015-07-06,8.3,7.36,8.3,6.88,864457,652504560.0,18.59,-3.66,-0.28,2.89
2015-07-07,7.06,6.81,7.2,6.62,1151755,776990624.0,7.88,-7.47,-0.55,3.85
2015-07-08,6.13,6.13,6.28,6.13,847101,521223632.0,2.2,-9.99,-0.68,2.83
2015-07-09,6.13,6.74,6.74,5.81,883667,571506912.0,15.17,9.95,0.61,2.95
2015-07-10,6.99,7.41,7.41,6.81,771006,562957696.0,8.9,9.94,0.67,2.58
2015-07-13,7.71,8.15,8.15,7.38,1184330,928457440.0,10.39,9.99,0.74,3.96
2015-07-14,7.99,7.72,8.4,7.5,1001015,795625200.0,11.04,-5.28,-0.43,3.35
2015-07-15,7.55,6.95,7.6,6.95,670414,483881904.0,8.42,-9.97,-0.77,2.24
2015-07-16,6.95,7.18,7.36,6.65,562283,397515216.0,10.22,3.31,0.23,1.88
2015-07-17,7.19,7.56,7.65,7.18,598373,444543008.0,6.55,5.29,0.38,2.0
2015-07-20,7.56,7.55,7.75,7.37,573332,433218048.0,5.03,-0.13,-0.01,1.92
2015-07-21,7.32,7.63,7.69,7.27,529082,400599392.0,5.56,1.06,0.08,1.77
2015-07-22,7.58,7.68,7.8,7.37,596852,452174400.0,5.64,0.66,0.05,2.0
2015-07-23,7.68,7.95,7.96,7.61,692982,540442384.0,4.56,3.52,0.27,2.32
2015-07-24,7.98,7.79,8.3,7.68,1007904,810388976.0,7.8,-2.01,-0.16,3.37
2015-07-27,7.51,7.01,7.66,7.01,720910,531018688.0,8.34,-10.01,-0.78,2.41
2015-07-28,6.7,6.82,6.99,6.32,744971,496137376.0,9.56,-2.71,-0.19,2.49
2015-07-29,7.08,7.16,7.19,6.7,414848,288272432.0,7.18,4.99,0.34,1.39
2015-07-30,7.16,6.83,7.18,6.82,461350,325458304.0,5.03,-4.61,-0.33,1.54
2015-07-31,6.71,6.87,6.88,6.61,365323,246971596.0,3.95,0.59,0.04,1.22
2015-08-03,6.77,7.24,7.27,6.73,490313,338352544.0,7.86,5.39,0.37,1.64
2015-08-04,7.21,7.43,7.45,7.06,415896,302999872.0,5.39,2.62,0.19,1.39
2015-08-05,7.33,7.26,7.52,7.22,411814,304515904.0,4.04,-2.29,-0.17,1.38
2015-08-06,7.17,7.36,7.52,7.07,346681,253518693.0,6.2,1.38,0.1,1.16
2015-08-07,7.4,7.83,7.88,7.36,856392,656672944.0,7.07,6.39,0.47,2.86
2015-08-10,7.78,8.32,8.45,7.78,838388,683414880.0,8.56,6.26,0.49,2.8
2015-08-11,8.21,8.13,8.37,8.0,515822,420746000.0,4.45,-2.28,-0.19,1.72
2015-08-12,8.01,8.15,8.34,7.96,426623,347970624.0,4.67,0.25,0.02,1.43
2015-08-13,8.06,8.25,8.27,7.95,440465,357802096.0,3.93,1.23,0.1,1.47
2015-08-14,8.28,8.22,8.55,8.17,592085,496423776.0,4.61,-0.36,-0.03,1.98
2015-08-17,8.11,8.3,8.32,8.01,408492,333206192.0,3.77,0.97,0.08,1.37
2015-08-18,8.34,7.47,8.61,7.47,658086,532544752.0,13.73,-10.0,-0.83,2.2
2015-08-19,7.3,7.62,7.73,6.95,452228,332527008.0,10.44,2.01,0.15,1.51
2015-08-20,7.51,7.56,7.83,7.5,344819,264236229.0,4.33,-0.79,-0.06,1.15
2015-08-21,7.43,7.12,7.58,7.03,306067,222459888.0,7.28,-5.82,-0.44,1.02
2015-08-24,6.84,6.41,6.87,6.41,370134,240712736.0,6.46,-9.97,-0.71,1.24
2015-08-25,5.93,5.77,6.07,5.77,664463,387035136.0,4.68,-9.98,-0.64,2.22
2015-08-26,5.8,5.78,6.1,5.62,418400,246298994.0,8.32,0.17,0.01,1.4
2015-08-27,5.92,6.11,6.14,5.77,331724,197275704.0,6.4,5.71,0.33,1.11
2015-08-28,6.2,6.5,6.54,6.15,413945,262617595.0,6.38,6.38,0.39,1.38
2015-08-31,6.48,6.53,6.55,6.05,488124,306604256.0,7.69,0.46,0.03,1.63
2015-09-01,6.42,6.65,6.71,6.11,616532,397850832.0,9.19,1.84,0.12,2.06
2015-09-02,6.28,6.8,7.12,6.24,618641,413103104.0,13.23,2.26,0.15,2.07
2015-09-07,6.72,6.4,7.05,6.4,409327,273723968.0,9.56,-5.88,-0.4,1.37
2015-09-08,6.46,6.58,6.66,6.2,226690,145571773.0,7.19,2.81,0.18,0.76
2015-09-09,6.6,6.82,6.86,6.56,306536,207023976.0,4.56,3.65,0.24,1.02
2015-09-10,6.68,6.66,6.85,6.61,167239,112437794.0,3.52,-2.35,-0.16,0.56
2015-09-11,6.66,6.57,6.74,6.44,169665,111463964.0,4.5,-1.35,-0.09,0.57
2015-09-14,6.62,6.28,6.64,5.91,408690,252576031.0,11.11,-4.41,-0.29,1.37
2015-09-15,6.04,5.91,6.3,5.83,205943,125030252.0,7.48,-5.89,-0.37,0.69
2015-09-16,5.95,6.4,6.49,5.92,263873,163290801.0,9.64,8.29,0.49,0.88
2015-09-17,6.35,6.21,6.49,6.19,241032,153578854.0,4.69,-2.97,-0.19,0.81
2015-09-18,6.25,6.23,6.34,6.15,122774,76625778.0,3.06,0.32,0.02,0.41
2015-09-21,6.18,6.4,6.43,6.18,236470,149677611.0,4.01,2.73,0.17,0.79
2015-09-22,6.4,6.48,6.63,6.35,277535,179615283.0,4.38,1.25,0.08,0.93
2015-09-23,6.35,6.17,6.38,6.12,264549,165071394.0,4.01,-4.78,-0.31,0.88
2015-09-24,6.22,6.26,6.32,6.16,177977,110888917.0,2.59,1.46,0.09,0.59
2015-09-25,6.21,6.13,6.28,6.03,186758,114764479.0,3.99,-2.08,-0.13,0.62
2015-09-28,6.15,6.16,6.19,6.04,98529,60406754.0,2.45,0.49,0.03,0.33
2015-09-29,6.04,5.91,6.09,5.85,220602,131648536.0,3.9,-4.06,-0.25,0.74
2015-09-30,5.93,5.92,5.99,5.91,127444,75734998.0,1.35,0.17,0.01,0.43
2015-10-08,6.16,6.1,6.25,6.06,218037,133890658.0,3.21,3.04,0.18,0.73
2015-10-09,6.1,6.3,6.35,6.09,316739,197637507.0,4.26,3.28,0.2,1.06
2015-10-12,6.29,6.57,6.64,6.25,460336,297583568.0,6.19,4.29,0.27,1.54
2015-10-13,6.5,6.48,6.55,6.4,283449,183516297.0,2.28,-1.37,-0.09,0.95
2015-10-14,6.44,6.43,6.63,6.4,307665,200299920.0,3.55,-0.77,-0.05,1.03
2015-10-15,6.42,6.58,6.59,6.4,365233,237597460.0,2.95,2.33,0.15,1.22
2015-10-16,6.61,6.64,6.66,6.5,396388,261154162.0,2.43,0.91,0.06,1.33
2015-10-19,6.65,6.63,6.72,6.55,358869,238122016.0,2.56,-0.15,-0.01,1.2
2015-10-20,6.63,6.7,6.7,6.53,320667,212262413.0,2.56,1.06,0.07,1.07
2015-10-21,6.65,6.16,6.69,6.12,486743,314358528.0,8.51,-8.06,-0.54,1.63
2015-10-22,6.16,6.32,6.38,6.13,325095,202380726.0,4.06,2.6,0.16,1.09
2015-10-23,6.31,6.42,6.45,6.27,301306,191592979.0,2.85,1.58,0.1,1.01
2015-10-26,6.49,6.48,6.53,6.41,343693,222026868.0,1.87,0.93,0.06,1.15
2015-10-27,6.45,6.38,6.45,6.18,286921,181150287.0,4.17,-1.54,-0.1,0.96
2015-10-28,6.31,6.27,6.4,6.21,330460,208932558.0,2.98,-1.72,-0.11,1.1
2015-10-29,6.31,6.29,6.36,6.27,218970,138057865.0,1.44,0.32,0.02,0.73
2015-10-30,6.28,6.19,6.31,6.16,252146,156832987.0,2.38,-1.59,-0.1,0.84
2015-11-02,6.15,6.1,6.21,6.09,196188,120544957.0,1.94,-1.45,-0.09,0.66
2015-11-03,6.13,6.12,6.16,6.09,145483,89133993.0,1.15,0.33,0.02,0.49
2015-11-04,6.15,6.39,6.4,6.13,382356,240117426.0,4.41,4.41,0.27,1.28
2015-11-05,6.35,6.51,6.66,6.34,648500,422771968.0,5.01,1.88,0.12,2.17
2015-11-06,6.49,6.71,6.8,6.45,688389,455246736.0,5.38,3.07,0.2,2.3
2015-11-09,6.65,6.84,6.93,6.62,735677,498761648.0,4.62,1.94,0.13,2.46
2015-11-10,6.77,6.93,6.99,6.65,636077,433393168.0,4.97,1.32,0.09,2.13
2015-11-11,6.86,6.86,6.92,6.77,431696,295647296.0,2.16,-1.01,-0.07,1.44
2015-11-12,6.86,6.91,6.99,6.82,457966,316096576.0,2.48,0.73,0.05,1.53
2015-11-13,6.82,6.64,6.88,6.6,402852,270476496.0,4.05,-3.91,-0.27,1.35
2015-11-16,6.55,6.7,6.71,6.49,280434,184850731.0,3.31,0.9,0.06,0.94
2015-11-17,6.71,6.73,6.94,6.68,451040,307010576.0,3.88,0.45,0.03,1.51
2015-11-18,6.73,6.6,6.76,6.58,225273,150530328.0,2.67,-1.93,-0.13,0.75
2015-11-19,6.62,6.68,6.69,6.57,195830,129838579.0,1.82,1.21,0.08,0.65
2015-11-20,6.67,6.65,6.7,6.62,280874,187009524.0,1.2,-0.45,-0.03,0.94
2015-11-23,6.65,6.63,6.72,6.6,238655,159192016.0,1.8,-0.3,-0.02,0.8
2015-11-24,6.62,6.58,6.63,6.48,243473,159168799.0,2.26,-0.75,-0.05,0.81
2015-11-25,6.57,6.63,6.63,6.53,201769,132966943.0,1.52,0.76,0.05,0.67
2015-11-26,6.64,6.7,6.83,6.63,464701,313124288.0,3.02,1.06,0.07,1.55
2015-11-27,6.66,6.2,6.75,6.11,375939,244160143.0,9.55,-7.46,-0.5,1.26
2015-11-30,6.22,6.23,6.29,6.01,239997,148016109.0,4.52,0.48,0.03,0.8
2015-12-01,6.2,6.27,6.32,6.12,182998,113773509.0,3.21,0.64,0.04,0.61
2015-12-02,6.28,6.44,6.46,6.21,263331,167497613.0,3.99,2.71,0.17,0.88
2015-12-03,6.41,6.48,6.57,6.37,263886,171123436.0,3.11,0.62,0.04,0.88
2015-12-04,6.49,6.38,6.52,6.34,189491,121891723.0,2.78,-1.54,-0.1,0.63
2015-12-07,6.41,6.39,6.45,6.34,146178,93376252.0,1.72,0.16,0.01,0.49
2015-12-08,6.31,6.18,6.33,6.17,159625,99338155.0,2.5,-3.29,-0.21,0.53
2015-12-09,6.16,6.17,6.26,6.11,161783,99873089.0,2.43,-0.16,-0.01,0.54
2015-12-10,6.17,6.13,6.23,6.11,155606,96072566.0,1.94,-0.65,-0.04,0.52
2015-12-11,6.14,6.17,6.22,6.04,155723,95174606.0,2.94,0.65,0.04,0.52
2015-12-14,6.15,6.47,6.48,6.11,390375,247585154.0,6.0,4.86,0.3,1.3
2015-12-15,6.45,6.31,6.46,6.28,206444,131227927.0,2.78,-2.47,-0.16,0.69
2015-12-16,6.35,6.35,6.47,6.31,230462,147535155.0,2.54,0.63,0.04,0.77
2015-12-17,6.38,6.48,6.54,6.36,261827,168792382.0,2.83,2.05,0.13,0.88
2015-12-18,6.44,6.43,6.47,6.36,169516,108742252.0,1.7,-0.77,-0.05,0.57
2015-12-21,6.41,6.62,6.64,6.37,338544,221430636.0,4.2,2.95,0.19,1.13
2015-12-22,6.63,6.75,6.87,6.63,538748,363753392.0,3.63,1.96,0.13,1.8
2015-12-23,6.74,6.63,6.83,6.6,256139,172222625.0,3.41,-1.78,-0.12,0.86
2015-12-24,6.65,6.53,6.67,6.43,221860,144924636.0,3.62,-1.51,-0.1,0.74
2015-12-25,6.54,6.6,6.62,6.48,220582,144194199.0,2.14,1.07,0.07,0.74
2015-12-28,6.59,6.36,6.62,6.35,203347,131913995.0,4.09,-3.64,-0.24,0.68
2015-12-29,6.34,6.45,6.47,6.24,248355,157195358.0,3.62,1.42,0.09,0.83
2015-12-30,6.45,6.51,6.53,6.37,171244,110562931.0,2.48,0.93,0.06,0.57
2015-12-31,6.47,6.42,6.59,6.41,231315,150647236.0,2.76,-1.38,-0.09,0.77
2016-01-04,6.42,6.05,6.56,6.04,229559,146646307.0,8.1,-5.76,-0.37,0.77
2016-01-05,5.85,6.18,6.23,5.85,295931,180306156.0,6.28,2.15,0.13,0.99
2016-01-06,6.23,6.8,6.8,6.16,925880,621471440.0,10.36,10.03,0.62,3.1
2016-01-07,6.79,6.35,6.91,6.25,402941,271576368.0,9.71,-6.62,-0.45,1.35
2016-01-08,6.67,6.99,6.99,6.51,692481,469438336.0,7.56,10.08,0.64,2.31
2016-01-11,7.23,6.94,7.34,6.8,1521995,1079014320.0,7.73,-0.72,-0.05,5.09
2016-01-12,6.66,7.15,7.54,6.38,858954,585721696.0,16.71,3.03,0.21,2.87
2016-01-13,7.03,7.07,7.55,6.86,734747,533949696.0,9.65,-1.12,-0.08,2.46
2016-01-14,6.7,7.33,7.54,6.55,917198,654703216.0,14.0,3.68,0.26,3.07
2016-01-15,7.18,7.0,7.3,6.61,834468,579831616.0,9.41,-4.5,-0.33,2.79
2016-01-18,6.77,6.33,6.88,6.3,763812,493064080.0,8.29,-9.57,-0.67,2.55
2016-01-19,6.25,6.52,6.58,6.18,620144,399052560.0,6.32,3.0,0.19,2.07
2016-01-20,6.43,6.27,6.52,6.12,480660,302896080.0,6.13,-3.83,-0.25,1.61
2016-01-21,6.17,6.25,6.55,6.1,499428,318434800.0,7.18,-0.32,-0.02,1.67
2016-01-22,6.4,6.47,6.7,6.35,510382,331609168.0,5.6,3.52,0.22,1.71
2016-01-25,6.63,6.91,7.12,6.58,732362,505322272.0,8.35,6.8,0.44,2.45
2016-01-26,6.73,6.44,6.95,6.34,486784,327016480.0,8.83,-6.8,-0.47,1.63
2016-01-27,6.58,7.03,7.08,6.5,988326,683096240.0,9.01,9.16,0.59,3.3
2016-01-28,6.84,6.88,7.24,6.8,944941,663473728.0,6.26,-2.13,-0.15,3.16
2016-01-29,6.76,7.07,7.25,6.49,768677,525268512.0,11.05,2.76,0.19,2.57
2016-02-01,7.06,6.66,7.22,6.41,689401,470139904.0,11.46,-5.8,-0.41,2.3
2016-02-02,6.52,6.6,6.74,6.36,458585,300699920.0,5.71,-0.9,-0.06,1.53
2016-02-03,6.41,6.24,6.47,6.06,545035,340252096.0,6.21,-5.45,-0.36,1.82
2016-02-04,6.28,6.33,6.44,6.24,494297,312892928.0,3.21,1.44,0.09,1.65
2016-02-05,6.35,6.38,6.47,6.25,259441,165610466.0,3.48,0.79,0.05,0.87
2016-02-15,6.13,6.3,6.38,6.13,258105,161862116.0,3.92,-1.25,-0.08,0.86
2016-02-16,6.32,6.58,6.65,6.31,506788,327401392.0,5.4,4.44,0.28,1.69
2016-02-17,6.49,6.88,7.04,6.44,672512,450108448.0,9.12,4.56,0.3,2.25
2016-02-18,6.85,6.95,7.4,6.8,677907,478519104.0,8.72,1.02,0.07,2.27
2016-02-19,6.89,6.94,7.18,6.85,464041,325753056.0,4.75,-0.14,-0.01,1.55
2016-02-22,7.05,7.61,7.63,6.97,1341259,999178064.0,9.51,9.65,0.67,4.48
2016-02-23,7.48,7.81,7.99,7.46,1177888,908015088.0,6.96,2.63,0.2,3.94
2016-02-24,7.65,7.77,7.94,7.53,669457,517363936.0,5.25,-0.51,-0.04,2.24
2016-02-25,7.72,7.3,7.92,7.1,765198,569681872.0,10.55,-6.05,-0.47,2.56
2016-02-26,7.37,8.03,8.03,7.26,980216,750089440.0,10.55,10.0,0.73,3.28
2016-02-29,7.95,7.97,8.53,7.31,1086583,867152832.0,15.19,-0.75,-0.06,3.63
2016-03-01,7.8,7.95,8.37,7.6,815947,652802240.0,9.66,-0.25,-0.02,2.73
2016-03-02,7.85,8.58,8.6,7.69,963265,796051856.0,11.45,7.92,0.63,3.22
2016-03-03,8.57,8.32,8.74,8.2,912637,766553968.0,6.29,-3.03,-0.26,3.05
2016-03-04,8.34,8.09,8.43,7.9,717306,586087280.0,6.37,-2.76,-0.23,2.4
2016-03-07,8.27,8.19,8.35,7.93,832860,675480960.0,5.19,1.24,0.1,2.78
2016-03-08,8.38,7.77,8.48,7.43,1466077,1143378080.0,12.82,-5.13,-0.42,4.9
2016-03-09,7.35,7.23,7.38,7.12,839332,609125840.0,3.35,-6.95,-0.54,2.81
2016-03-10,7.26,7.09,7.34,7.04,538465,387226672.0,4.15,-1.94,-0.14,1.8
2016-03-11,7.01,7.19,7.26,6.96,439253,313975664.0,4.23,1.41,0.1,1.47
2016-03-14,7.25,7.28,7.49,7.21,816144,600929264.0,3.89,1.25,0.09,2.73
2016-03-15,7.2,7.08,7.26,7.01,402374,285348016.0,3.43,-2.75,-0.2,1.35
2016-03-16,7.07,7.11,7.2,6.93,385265,272361248.0,3.81,0.42,0.03,1.29
2016-03-17,7.2,7.29,7.34,7.13,551177,399816512.0,2.95,2.53,0.18,1.84
2016-04-15,7.72,7.68,7.9,7.55,1286657,992969328.0,4.8,5.35,0.39,4.3
2016-04-18,7.6,7.61,7.7,7.36,536055,404453600.0,4.43,-0.91,-0.07,1.79
2016-04-19,7.66,7.52,7.84,7.46,608194,466378192.0,4.99,-1.18,-0.09,2.03
2016-04-20,7.62,7.35,7.75,7.02,586693,437514496.0,9.71,-2.26,-0.17,1.96
2016-04-21,7.4,7.73,7.89,7.34,785514,601169600.0,7.48,5.17,0.38,2.63
2016-04-22,7.61,7.75,8.04,7.54,629217,490903888.0,6.47,0.26,0.02,2.1
2016-04-25,7.74,7.79,7.9,7.51,546597,422721824.0,5.03,0.52,0.04,1.83
2016-04-26,7.8,7.85,7.93,7.68,428253,334423216.0,3.21,0.77,0.06,1.43
2016-04-27,7.8,7.44,7.84,7.42,415878,315858800.0,5.35,-5.22,-0.41,1.39
2016-04-28,7.44,7.47,7.5,7.26,406297,300282064.0,3.23,0.4,0.03,1.36
2016-04-29,7.38,7.5,7.58,7.37,304389,227527431.0,2.81,0.4,0.03,1.02
2016-05-03,7.49,7.51,7.58,7.43,416757,313045744.0,2.0,0.13,0.01,1.39
2016-05-04,7.46,7.31,7.46,7.22,439940,321289408.0,3.2,-2.66,-0.2,1.47
2016-05-05,7.33,7.38,7.46,7.23,334180,245411277.0,3.15,0.96,0.07,1.12
2016-05-06,7.32,6.95,7.42,6.93,407980,293411920.0,6.64,-5.83,-0.43,1.36
2016-05-09,6.95,6.44,6.95,6.36,497618,327739312.0,8.49,-7.34,-0.51,1.66
2016-05-10,6.4,6.32,6.46,6.27,296181,187911610.0,2.95,-1.86,-0.12,0.99
2016-05-11,6.36,6.4,6.46,6.27,282074,179602720.0,3.01,1.27,0.08,0.94
2016-05-12,6.32,6.57,6.6,6.2,323985,207200227.0,6.25,2.66,0.17,1.08
2016-05-13,6.47,6.42,6.57,6.36,229923,148948862.0,3.2,-2.28,-0.15,0.77
2016-05-16,6.41,6.39,6.41,6.19,324218,203663711.0,3.43,-0.47,-0.03,1.08
2016-05-17,6.4,6.55,6.6,6.4,470578,307350208.0,3.13,2.5,0.16,1.57
2016-05-18,6.45,6.24,6.53,6.13,335253,211514962.0,6.11,-4.73,-0.31,1.12
2016-05-19,6.26,6.24,6.36,6.19,244548,153233076.0,2.72,0.0,0.0,0.82
2016-05-20,6.18,6.27,6.28,6.08,164765,102141271.0,3.21,0.48,0.03,0.55
2016-05-23,6.26,6.3,6.35,6.22,197014,123821796.0,2.07,0.48,0.03,0.66
2016-05-24,6.27,6.14,6.27,6.12,194923,120302413.0,2.38,-2.54,-0.16,0.65
2016-05-25,6.2,6.18,6.3,6.14,282204,175656600.0,2.61,0.65,0.04,0.94
2016-05-26,6.3,6.28,6.33,6.16,300165,187065896.0,2.75,1.62,0.1,1.0
2016-05-27,6.22,6.23,6.29,6.19,154448,96262950.0,1.59,-0.8,-0.05,0.52
2016-05-30,6.18,6.15,6.2,6.12,148659,91592015.0,1.28,-1.28,-0.08,0.5
2016-05-31,6.16,6.41,6.47,6.16,354889,225828690.0,5.04,4.23,0.26,1.19
2016-06-01,6.42,6.52,6.63,6.38,346885,227595236.0,3.9,1.72,0.11,1.16
2016-06-02,6.55,6.52,6.58,6.45,180933,117613153.0,1.99,0.0,0.0,0.6
2016-06-03,6.5,6.45,6.52,6.37,292950,188079749.0,2.3,-1.07,-0.07,0.98
2016-06-06,6.45,6.41,6.49,6.37,210699,135005214.0,1.86,-0.62,-0.04,0.7
2016-06-07,6.41,6.44,6.46,6.38,182225,116837876.0,1.25,0.47,0.03,0.61
2016-06-08,6.45,6.36,6.45,6.32,276426,175938146.0,2.02,-1.24,-0.08,0.92
2016-06-13,6.25,6.05,6.28,6.04,371237,229123159.0,3.77,-4.87,-0.31,1.24
2016-06-14,6.04,5.96,6.1,5.91,290417,173871481.0,3.14,-1.49,-0.09,0.97
2016-06-15,5.9,6.07,6.07,5.89,293372,176187549.0,3.02,1.85,0.11,0.98
2016-06-16,6.05,5.94,6.06,5.91,322111,192297312.0,2.47,-2.14,-0.13,1.08
2016-06-17,5.96,6.18,6.26,5.94,528479,324119936.0,5.39,4.04,0.24,1.77
2016-06-20,6.12,6.12,6.19,6.09,209979,128886609.0,1.62,-0.97,-0.06,0.7
2016-06-21,6.24,6.13,6.25,6.1,243778,150790864.0,2.45,0.16,0.01,0.81
2016-06-22,6.15,6.44,6.55,6.11,638307,408739408.0,7.18,5.06,0.31,2.13
2016-06-23,6.39,6.52,6.72,6.37,514936,338209232.0,5.43,1.24,0.08,1.72
2016-06-24,6.48,6.35,6.52,6.21,355339,226275278.0,4.75,-2.61,-0.17,1.19
2016-06-27,6.3,6.69,6.87,6.3,604753,406981936.0,8.98,5.35,0.34,2.02
2016-06-28,6.65,6.7,6.76,6.56,279362,186275909.0,2.99,0.15,0.01,0.93
2016-06-29,6.82,6.61,6.82,6.5,298018,197590471.0,4.78,-1.34,-0.09,1.0
2016-06-30,6.6,6.54,6.62,6.49,179470,117488685.0,1.97,-1.06,-0.07,0.6
2016-07-01,6.54,6.57,6.69,6.54,218168,144557163.0,2.29,0.46,0.03,0.73
2016-07-04,6.54,7.02,7.09,6.51,609111,423463264.0,8.83,6.85,0.45,2.04
2016-07-05,7.0,7.0,7.23,6.92,396235,280224544.0,4.42,-0.28,-0.02,1.32
2016-07-06,6.95,7.1,7.25,6.9,323987,229522433.0,5.0,1.43,0.1,1.08
2016-07-07,7.13,7.1,7.34,7.05,414804,297558304.0,4.08,0.0,0.0,1.39
2016-07-08,7.1,6.9,7.1,6.88,257788,178898289.0,3.1,-2.82,-0.2,0.86
2016-07-11,6.96,7.33,7.55,6.91,565228,409841744.0,9.28,6.23,0.43,1.89
2016-07-12,7.31,7.92,8.06,7.31,888786,693845776.0,10.23,8.05,0.59,2.97
2016-07-13,7.9,7.87,8.1,7.71,425224,336650800.0,4.92,-0.63,-0.05,1.42
2016-07-14,7.92,7.82,7.92,7.6,286586,221697974.0,4.07,-0.64,-0.05,0.96
2016-07-15,7.82,7.74,8.05,7.59,360600,281081856.0,5.88,-1.02,-0.08,1.21
2016-07-18,7.74,7.53,7.76,7.45,421084,318546928.0,4.01,-2.71,-0.21,1.41
2016-07-19,7.52,7.57,7.7,7.44,302925,228531991.0,3.45,0.53,0.04,1.01
2016-07-20,7.59,7.39,7.63,7.32,300790,223449054.0,4.1,-2.38,-0.18,1.01
2016-07-21,7.4,7.4,7.54,7.34,271374,202129438.0,2.71,0.14,0.01,0.91
2016-07-22,7.42,7.28,7.47,7.23,237425,173957109.0,3.24,-1.62,-0.12,0.79
2016-07-25,7.31,7.41,7.48,7.27,248095,183446579.0,2.88,1.79,0.13,0.83
2016-07-26,7.4,7.78,7.84,7.39,421392,323237536.0,6.07,4.99,0.37,1.41
2016-07-27,7.78,7.46,7.93,7.3,492325,376658864.0,8.1,-4.11,-0.32,1.65
2016-07-28,7.45,7.73,7.84,7.43,275144,210787168.0,5.5,3.62,0.27,0.92
2016-07-29,7.64,7.83,8.03,7.61,406897,320942080.0,5.43,1.29,0.1,1.36
2016-08-01,7.83,7.81,8.03,7.55,417457,325038672.0,6.13,-0.26,-0.02,1.4
2016-08-02,7.81,7.78,7.92,7.56,255972,197168806.0,4.61,-0.38,-0.03,0.86
2016-08-03,7.7,7.65,7.87,7.62,299610,232299654.0,3.21,-1.67,-0.13,1.0
2016-08-04,7.7,7.5,7.7,7.47,222137,168061155.0,3.01,-1.96,-0.15,0.74
2016-08-05,7.51,7.51,7.61,7.41,182163,136474689.0,2.67,0.13,0.01,0.61
2016-08-08,7.61,8.25,8.26,7.61,791079,636095952.0,8.66,9.85,0.74,2.64
2016-08-09,8.2,8.14,8.29,8.03,472461,384978736.0,3.15,-1.33,-0.11,1.58
2016-08-10,8.12,8.29,8.8,8.1,666974,563984144.0,8.6,1.84,0.15,2.23
2016-08-11,8.24,8.04,8.28,7.99,390625,316037120.0,3.5,-3.02,-0.25,1.31
2016-08-12,7.99,8.18,8.32,7.92,262816,212208742.0,4.98,1.74,0.14,0.88
2016-08-15,8.13,8.4,8.64,7.99,460598,384183664.0,7.95,2.69,0.22,1.54
2016-08-16,8.37,8.5,8.75,8.28,536481,459685920.0,5.6,1.19,0.1,1.79
2016-08-17,8.5,8.52,8.68,8.4,287944,245317993.0,3.29,0.24,0.02,0.96
2016-08-18,8.48,8.25,9.13,8.2,719872,620704304.0,10.92,-3.17,-0.27,2.41
2016-08-19,8.25,8.26,8.34,8.05,421057,344313392.0,3.52,0.12,0.01,1.41
2016-08-22,8.26,8.23,8.37,8.13,401993,331366832.0,2.91,-0.36,-0.03,1.34
2016-08-23,8.25,8.18,8.29,8.05,240417,196625394.0,2.92,-0.61,-0.05,0.8
2016-08-24,8.18,8.21,8.25,8.09,136149,111278824.0,1.96,0.37,0.03,0.46
2016-08-25,8.19,8.14,8.32,8.01,269951,220954132.0,3.78,-0.85,-0.07,0.9
2016-08-26,8.19,8.13,8.28,8.11,171774,140398571.0,2.09,-0.12,-0.01,0.57
2016-08-29,8.1,8.13,8.17,8.03,114685,92874578.0,1.72,0.0,0.0,0.38
2016-08-30,8.16,8.34,8.47,8.16,336379,280353232.0,3.81,2.58,0.21,1.12
2016-08-31,8.38,8.33,8.48,8.21,166349,138523237.0,3.24,-0.12,-0.01,0.56
2016-09-01,8.26,7.94,8.29,7.93,369848,297426224.0,4.32,-4.68,-0.39,1.24
2016-09-02,7.93,7.95,8.11,7.82,241916,193045014.0,3.65,0.13,0.01,0.81
2016-09-05,8.02,8.13,8.35,8.02,441492,360938128.0,4.15,2.26,0.18,1.48
2016-09-06,8.13,8.34,8.4,8.09,334442,276436464.0,3.81,2.58,0.21,1.12
2016-09-07,8.19,8.11,8.25,8.04,459947,372630912.0,2.52,-2.76,-0.23,1.54
2016-09-08,8.08,8.15,8.2,8.01,269096,218186356.0,2.34,0.49,0.04,0.9
2016-09-09,8.14,7.96,8.22,7.95,351226,283910368.0,3.31,-2.33,-0.19,1.17
2016-09-12,7.82,7.43,7.82,7.34,398360,300850512.0,6.03,-6.66,-0.53,1.33
2016-09-13,7.52,7.36,7.55,7.15,384771,281918928.0,5.38,-0.94,-0.07,1.29
2016-09-14,7.26,7.29,7.36,7.18,158639,115634461.0,2.45,-0.95,-0.07,0.53
2016-09-19,7.35,7.47,7.54,7.35,224500,167303868.0,2.61,2.47,0.18,0.75
2016-09-20,7.49,7.66,7.74,7.44,268957,205233156.0,4.02,2.54,0.19,0.9
2016-09-21,7.63,7.62,7.75,7.54,208960,159475413.0,2.74,-0.52,-0.04,0.7
2016-09-22,7.71,7.68,7.89,7.66,302766,235623108.0,3.02,0.79,0.06,1.01
2016-09-23,7.71,7.75,7.81,7.66,157120,121830146.0,1.95,0.91,0.07,0.53
2016-09-26,7.85,7.69,7.96,7.67,318925,249993656.0,3.74,-0.77,-0.06,1.07
2016-09-27,7.69,7.63,7.7,7.48,200799,152110456.0,2.86,-0.78,-0.06,0.67
2016-09-28,7.61,7.6,7.67,7.51,129216,97898526.0,2.1,-0.39,-0.03,0.43
2016-09-29,7.8,7.91,8.03,7.78,404262,319814336.0,3.29,4.08,0.31,1.35
2016-09-30,7.87,8.01,8.05,7.78,280387,220865935.0,3.41,1.26,0.1,0.94
2016-10-10,8.16,8.07,8.32,7.9,445318,357570544.0,5.24,0.75,0.06,1.49
2016-10-11,8.08,8.21,8.22,7.99,355531,287651200.0,2.85,1.73,0.14,1.19
2016-10-12,8.13,8.09,8.15,8.03,319764,258277624.0,1.46,-1.46,-0.12,1.07
2016-10-13,8.13,8.04,8.22,8.02,287950,233951098.0,2.47,-0.62,-0.05,0.96
2016-10-14,8.06,8.03,8.07,7.9,352873,280975664.0,2.11,-0.12,-0.01,1.18
2016-10-17,8.11,8.06,8.18,8.0,413558,335226064.0,2.24,0.37,0.03,1.38
2016-10-18,7.97,8.15,8.15,7.94,246871,198800085.0,2.61,1.12,0.09,0.83
2016-10-19,8.4,8.19,8.55,8.15,431888,359070656.0,4.91,0.49,0.04,1.44
2016-10-20,8.21,8.22,8.28,8.1,233927,191542874.0,2.2,0.37,0.03,0.78
2016-10-21,8.17,8.12,8.22,8.02,300195,243311876.0,2.43,-1.22,-0.1,1.0
2016-10-24,8.15,8.54,8.65,8.14,706102,596229984.0,6.28,5.17,0.42,2.36
2016-10-25,8.59,9.02,9.18,8.52,1133944,999713504.0,7.73,5.62,0.48,3.79
2016-10-26,8.86,8.78,8.97,8.69,487432,429820480.0,3.1,-2.66,-0.24,1.63
2016-10-27,8.74,8.63,8.95,8.42,579605,502500016.0,6.04,-1.71,-0.15,1.94
2016-10-28,8.58,8.77,8.81,8.54,351759,306006768.0,3.13,1.62,0.14,1.18
2016-10-31,8.77,8.69,8.82,8.58,311576,270508432.0,2.74,-0.91,-0.08,1.04
2016-11-01,8.63,8.63,8.72,8.55,291722,252150475.0,1.96,-0.69,-0.06,0.98
2016-11-02,8.64,8.31,8.85,8.21,631184,533531776.0,7.42,-3.71,-0.32,2.11
2016-11-03,8.26,8.29,8.35,8.09,513940,422289280.0,3.13,-0.24,-0.02,1.72
2016-11-04,8.31,8.41,8.55,8.28,526868,442406832.0,3.26,1.45,0.12,1.76
2016-11-07,8.5,8.81,9.08,8.43,896757,784721968.0,7.73,4.76,0.4,3.0
2016-11-08,8.81,8.66,8.89,8.57,615490,536952864.0,3.63,-1.7,-0.15,2.06
2016-11-09,8.67,8.86,9.03,8.52,589334,519549664.0,5.89,2.31,0.2,1.97
2016-11-10,9.01,8.9,9.13,8.77,531979,476005216.0,4.06,0.45,0.04,1.78
2016-11-11,8.88,9.44,9.7,8.76,949544,888253584.0,10.56,6.07,0.54,3.17
2016-11-14,9.3,10.07,10.38,9.3,2026601,2062475024.0,11.44,6.67,0.63,6.77
2016-11-15,10.09,9.63,10.29,9.51,1209848,1194717712.0,7.75,-4.37,-0.44,4.04
2016-11-16,9.63,9.49,9.74,9.34,877057,833004976.0,4.15,-1.45,-0.14,2.93
2016-11-17,9.44,9.53,9.62,9.27,565862,536104016.0,3.69,0.42,0.04,1.89
2016-11-18,9.44,9.28,9.47,9.21,481489,447622192.0,2.73,-2.62,-0.25,1.61
2016-11-21,9.2,9.23,9.45,9.18,383619,357034224.0,2.91,-0.54,-0.05,1.28
2016-11-22,9.36,9.85,9.93,9.36,1015801,983928560.0,6.18,6.72,0.62,3.4
2016-11-23,9.81,9.64,9.87,9.57,425616,413331344.0,3.05,-2.13,-0.21,1.42
2016-11-24,10.38,10.01,10.6,9.99,1158667,1197333552.0,6.33,3.84,0.37,3.87
2016-11-25,9.86,10.38,10.48,9.64,874948,884583616.0,8.39,3.7,0.37,2.92
2016-11-28,10.31,10.5,10.8,10.31,761180,802072624.0,4.72,1.16,0.12,2.54
2016-11-29,10.28,9.94,10.34,9.76,794457,799649072.0,5.52,-5.33,-0.56,2.66
2016-11-30,9.71,9.35,9.77,9.15,821669,775227824.0,6.24,-5.94,-0.59,2.75
2016-12-01,9.42,9.46,9.63,9.3,502302,475115008.0,3.53,1.18,0.11,1.68
2016-12-02,9.35,9.05,9.44,9.0,681792,624157216.0,4.65,-4.33,-0.41,2.28
2016-12-05,8.83,9.29,9.39,8.83,496855,455049696.0,6.19,2.65,0.24,1.66
2016-12-06,9.33,9.04,9.35,9.02,308448,281632576.0,3.55,-2.69,-0.25,1.03
2016-12-07,9.08,9.45,9.47,9.03,475007,442567632.0,4.87,4.54,0.41,1.59
2016-12-08,9.35,9.36,9.5,9.28,236586,221785038.0,2.33,-0.95,-0.09,0.79
2016-12-09,9.18,9.37,9.41,9.05,394562,363806656.0,3.85,0.11,0.01,1.32
2016-12-12,9.4,8.74,9.48,8.6,523506,472279200.0,9.39,-6.72,-0.63,1.75
2016-12-13,8.67,8.68,8.78,8.35,507333,434675120.0,4.92,-0.69,-0.06,1.7
2016-12-14,8.6,8.7,8.85,8.51,360619,313511984.0,3.92,0.23,0.02,1.21
2016-12-15,8.65,8.78,9.05,8.65,356521,314964528.0,4.6,0.92,0.08,1.19
2016-12-16,8.78,8.62,8.84,8.5,291389,251848298.0,3.87,-1.82,-0.16,0.97
2016-12-19,8.56,8.73,8.81,8.51,260524,225687310.0,3.48,1.28,0.11,0.87
2016-12-20,8.7,8.56,8.7,8.4,329156,279800992.0,3.44,-1.95,-0.17,1.1
2016-12-21,8.59,8.64,8.65,8.48,216840,185441682.0,1.99,0.93,0.08,0.72
2016-12-22,8.58,8.41,8.59,8.31,326309,274021440.0,3.24,-2.66,-0.23,1.09
2016-12-23,8.37,8.02,8.39,8.0,510014,414105760.0,4.64,-4.64,-0.39,1.7
2016-12-26,7.96,7.86,7.98,7.67,586388,456199568.0,3.87,-2.0,-0.16,1.96
2016-12-27,7.81,7.91,8.03,7.75,439690,347376160.0,3.56,0.64,0.05,1.47
2016-12-28,7.98,7.91,8.13,7.88,319911,255892200.0,3.16,0.0,0.0,1.07
2016-12-29,7.89,7.99,8.11,7.8,252641,200988473.0,3.92,1.01,0.08,0.84
2016-12-30,8.02,8.05,8.12,7.94,222509,178879947.0,2.25,0.75,0.06,0.74
2017-01-03,8.04,8.12,8.23,8.04,156610,127639476.0,2.36,0.87,0.07,0.52
2017-01-04,8.06,8.22,8.25,7.95,336305,271713344.0,3.69,1.23,0.1,1.12
2017-01-05,8.2,8.46,8.51,8.18,508664,428461936.0,4.01,2.92,0.24,1.7
2017-01-06,8.46,8.35,8.56,8.33,266074,224710211.0,2.72,-1.3,-0.11,0.89
2017-01-09,8.35,8.4,8.5,8.29,202541,169684026.0,2.51,0.6,0.05,0.68
2017-01-10,8.45,8.6,8.82,8.4,462651,399027664.0,5.0,2.38,0.2,1.55
2017-01-11,8.56,8.74,9.04,8.55,577943,511043968.0,5.7,1.63,0.14,1.93
2017-01-12,8.7,8.53,8.86,8.52,193386,167465721.0,3.89,-2.4,-0.21,0.65
2017-01-13,8.52,8.42,8.58,8.34,175323,148155305.0,2.81,-1.29,-0.11,0.59
2017-01-16,8.53,8.65,8.88,8.4,573310,497315840.0,5.7,2.73,0.23,1.92
2017-01-17,8.6,8.63,8.75,8.37,434956,372609616.0,4.39,-0.23,-0.02,1.45
2017-01-18,8.58,8.8,8.84,8.53,328873,287825232.0,3.59,1.97,0.17,1.1
2017-01-19,8.75,8.83,8.84,8.67,169789,148386646.0,1.93,0.34,0.03,0.57
2017-01-20,8.8,8.8,8.89,8.71,164202,144562312.0,2.04,-0.34,-0.03,0.55
2017-01-23,8.75,8.97,9.07,8.63,307775,272141776.0,5.0,1.93,0.17,1.03
2017-01-24,8.9,9.21,9.28,8.89,347474,318595024.0,4.35,2.68,0.24,1.16
2017-01-25,9.21,9.09,9.28,9.0,248909,227063721.0,3.04,-1.3,-0.12,0.83
2017-01-26,8.99,9.42,9.44,8.96,352579,325756208.0,5.28,3.63,0.33,1.18
2017-02-03,9.38,9.25,9.47,9.2,239630,223197722.0,2.87,-1.8,-0.17,0.8
2017-02-06,9.26,9.19,9.29,9.02,239768,218649111.0,2.92,-0.65,-0.06,0.8
2017-02-07,9.19,8.94,9.24,8.8,499838,449179232.0,4.79,-2.72,-0.25,1.67
2017-02-08,8.93,9.27,9.37,8.84,389215,352995696.0,5.93,3.69,0.33,1.3
2017-02-09,9.22,9.14,9.32,9.04,345810,317453312.0,3.02,-1.4,-0.13,1.16
2017-02-10,9.15,9.53,9.66,9.1,615164,579295568.0,6.13,4.27,0.39,2.06
2017-02-13,9.62,9.5,9.99,9.38,710999,688110016.0,6.4,-0.31,-0.03,2.38
2017-02-14,9.44,9.76,9.78,9.34,556086,529505168.0,4.63,2.74,0.26,1.86
2017-02-15,9.68,9.56,9.83,9.48,484190,465469456.0,3.59,-2.05,-0.2,1.62
2017-02-16,9.52,9.6,9.77,9.5,540022,520750544.0,2.82,0.42,0.04,1.81
2017-02-17,9.5,9.33,9.54,9.25,380426,356083712.0,3.02,-2.81,-0.27,1.27
2017-02-20,9.35,9.6,9.61,9.35,402830,380560992.0,2.79,2.89,0.27,1.35
2017-02-21,9.6,9.6,9.77,9.47,389521,373836032.0,3.13,0.0,0.0,1.3
2017-02-22,9.54,9.45,9.55,9.25,563585,527162928.0,3.13,-1.56,-0.15,1.88
2017-02-23,9.42,9.19,9.42,9.14,422806,391425840.0,2.96,-2.75,-0.26,1.41
2017-02-24,9.13,9.04,9.13,8.9,506113,455324816.0,2.5,-1.63,-0.15,1.69
2017-02-27,9.06,9.01,9.17,8.95,292392,264784242.0,2.43,-0.33,-0.03,0.98
2017-02-28,9.0,9.1,9.17,8.9,347230,314688352.0,3.0,1.0,0.09,1.16
2017-03-01,9.1,9.15,9.24,9.09,374009,342734224.0,1.65,0.55,0.05,1.25
2017-03-02,9.18,9.06,9.18,8.96,240596,218065586.0,2.4,-0.98,-0.09,0.8
2017-03-03,8.98,8.87,8.98,8.71,386778,341942128.0,2.98,-2.1,-0.19,1.29
2017-03-06,8.87,9.05,9.11,8.82,331100,298488336.0,3.27,2.03,0.18,1.11
2017-03-07,9.02,8.95,9.12,8.88,229668,205584662.0,2.65,-1.1,-0.1,0.77
2017-03-08,8.91,8.84,8.91,8.77,251760,222197960.0,1.56,-1.23,-0.11,0.84
2017-03-09,8.77,8.6,8.79,8.53,320765,276451328.0,2.94,-2.71,-0.24,1.07
2017-03-10,8.68,8.6,8.71,8.59,198935,171915731.0,1.4,0.0,0.0,0.67
2017-03-13,8.6,8.91,8.95,8.57,361638,318628112.0,4.42,3.6,0.31,1.21
2017-03-14,8.9,9.01,9.15,8.88,433658,392840752.0,3.03,1.12,0.1,1.45
2017-03-15,9.01,8.97,9.13,8.95,203725,183889805.0,2.0,-0.44,-0.04,0.68
2017-03-16,9.0,9.09,9.25,9.0,292946,267009399.0,2.79,1.34,0.12,0.98
2017-03-17,9.12,8.75,9.14,8.69,466266,413643792.0,4.95,-3.74,-0.34,1.56
2017-03-20,8.94,8.83,9.02,8.77,384431,340918032.0,2.86,0.91,0.08,1.29
2017-03-21,8.84,8.83,8.86,8.73,216005,190082990.0,1.47,0.0,0.0,0.72
2017-03-22,8.78,8.65,8.78,8.57,336824,291145328.0,2.38,-2.04,-0.18,1.13
2017-03-23,8.68,8.66,8.72,8.6,227439,196810198.0,1.39,0.12,0.01,0.76
2017-03-24,8.66,8.69,8.7,8.52,255027,219250423.0,2.08,0.35,0.03,0.85
2017-03-27,8.7,8.54,8.7,8.49,250618,215066637.0,2.42,-1.73,-0.15,0.84
2017-03-28,8.53,8.52,8.56,8.44,161488,137281125.0,1.41,-0.23,-0.02,0.54
2017-03-29,8.58,8.74,8.77,8.58,376202,326962192.0,2.23,2.58,0.22,1.26
2017-03-30,8.79,8.77,8.9,8.66,306479,269043008.0,2.75,0.34,0.03,1.02
2017-03-31,8.71,8.87,8.9,8.59,443083,388261568.0,3.53,1.14,0.1,1.48
2017-04-05,9.05,9.14,9.19,8.98,640360,583427408.0,2.37,3.04,0.27,2.14
2017-04-06,9.14,9.13,9.18,9.01,322117,292513248.0,1.86,-0.11,-0.01,1.08
2017-04-07,9.05,9.0,9.17,8.98,354314,321351568.0,2.08,-1.42,-0.13,1.18
2017-04-10,9.02,8.95,9.09,8.91,325638,293133536.0,2.0,-0.56,-0.05,1.09
2017-04-11,8.95,8.78,9.02,8.58,489202,429746496.0,4.92,-1.9,-0.17,1.64
2017-04-12,8.75,8.62,8.75,8.56,334231,288685296.0,2.16,-1.82,-0.16,1.12
2017-04-13,8.62,8.65,8.75,8.6,212473,184132835.0,1.74,0.35,0.03,0.71
2017-04-14,8.68,8.58,8.75,8.44,363818,312516112.0,3.58,-0.81,-0.07,1.22
2017-04-17,8.55,8.41,8.57,8.32,338062,285277344.0,2.91,-1.98,-0.17,1.13
2017-04-18,8.41,8.26,8.5,8.24,278059,233164036.0,3.09,-1.78,-0.15,0.93
2017-04-19,8.19,8.0,8.2,7.83,572795,456362144.0,4.48,-3.15,-0.26,1.91
2017-04-20,8.02,8.05,8.1,7.96,231168,185563727.0,1.75,0.63,0.05,0.77
2017-04-21,8.04,8.05,8.17,7.99,278784,224905924.0,2.24,0.0,0.0,0.93
2017-04-24,8.03,7.71,8.03,7.69,245283,191759066.0,4.22,-4.22,-0.34,0.82
2017-04-25,7.72,7.8,7.86,7.72,169160,131882786.0,1.82,1.17,0.09,0.57
2017-04-26,7.8,7.79,7.88,7.76,182170,142347523.0,1.54,-0.13,-0.01,0.61
2017-04-27,7.82,7.88,7.93,7.67,199467,155260261.0,3.34,1.16,0.09,0.67
2017-04-28,7.86,7.94,7.95,7.84,204295,161610055.0,1.4,0.76,0.06,0.68
2017-05-02,7.93,7.82,7.96,7.78,217425,170532616.0,2.27,-1.51,-0.12,0.73
2017-05-03,7.8,7.68,7.8,7.6,268742,206575621.0,2.56,-1.79,-0.14,0.9
2017-05-04,7.61,7.41,7.61,7.37,387068,289864224.0,3.13,-3.52,-0.27,1.29
2017-05-05,7.33,7.12,7.33,7.08,421114,302897408.0,3.37,-3.91,-0.29,1.41
2017-05-08,7.13,7.09,7.19,7.06,229096,163166105.0,1.83,-0.42,-0.03,0.77
2017-05-09,7.08,7.18,7.19,7.05,192968,137891049.0,1.97,1.27,0.09,0.65
2017-05-10,7.18,6.88,7.24,6.83,346707,243963390.0,5.71,-4.18,-0.3,1.16
2017-05-11,6.83,6.76,6.9,6.65,383662,258825313.0,3.63,-1.74,-0.12,1.28
2017-05-12,6.74,6.8,6.82,6.67,282784,191262518.0,2.22,0.59,0.04,0.95
2017-05-15,6.83,6.83,6.87,6.78,186183,127004687.0,1.32,0.44,0.03,0.62
2017-05-16,6.83,6.97,6.99,6.73,237561,162662644.0,3.81,2.05,0.14,0.79
2017-05-17,6.96,7.01,7.11,6.94,269947,190040445.0,2.44,0.57,0.04,0.9
2017-05-18,6.91,6.98,7.08,6.89,203229,142092161.0,2.71,-0.43,-0.03,0.68
2017-05-19,6.99,7.04,7.11,6.96,185051,130462705.0,2.15,0.86,0.06,0.62
2017-05-22,7.02,6.94,7.15,6.93,204049,143894519.0,3.13,-1.42,-0.1,0.68
2017-05-23,6.92,6.79,7.06,6.78,232467,161199089.0,4.03,-2.16,-0.15,0.78
2017-05-24,6.76,6.8,6.86,6.62,188944,127515420.0,3.53,0.15,0.01,0.63
2017-05-25,6.79,7.21,7.26,6.75,532181,375418016.0,7.5,6.03,0.41,1.78
2017-05-26,7.17,7.12,7.28,7.1,283578,203639767.0,2.5,-1.25,-0.09,0.95
2017-05-31,7.13,7.04,7.2,7.0,203424,144349401.0,2.81,-1.12,-0.08,0.68
2017-06-01,7.0,6.79,7.01,6.74,339027,232812910.0,3.84,-3.55,-0.25,1.13
2017-06-02,6.77,6.96,6.98,6.7,289559,198023455.0,4.12,2.5,0.17,0.97
2017-06-05,6.96,6.99,7.08,6.95,211444,148327966.0,1.87,0.43,0.03,0.71
2017-06-06,7.0,7.12,7.17,6.92,232275,163781794.0,3.58,1.86,0.13,0.78
2017-06-07,7.12,7.23,7.25,7.09,320436,230223014.0,2.25,1.54,0.11,1.07
2017-06-08,7.21,7.21,7.24,7.17,160594,115754136.0,0.97,-0.28,-0.02,0.54
2017-06-09,7.22,7.16,7.28,7.13,272095,195971248.0,2.08,-0.69,-0.05,0.91
2017-06-12,7.1,7.13,7.21,7.07,253449,180769210.0,1.96,-0.42,-0.03,0.85
2017-06-13,7.15,7.41,7.56,7.12,657016,483958336.0,6.17,3.93,0.28,2.2
2017-06-14,7.37,7.47,7.6,7.35,511089,381296256.0,3.37,0.81,0.06,1.71
2017-06-15,7.46,7.48,7.54,7.4,247050,184389802.0,1.87,0.13,0.01,0.83
2017-06-16,7.47,7.47,7.54,7.42,188143,140639850.0,1.6,-0.13,-0.01,0.63
2017-06-19,7.5,7.67,7.75,7.47,388884,297407776.0,3.75,2.68,0.2,1.3
2017-06-20,7.68,7.57,7.7,7.55,224200,170599371.0,1.96,-1.3,-0.1,0.75
2017-06-21,7.58,7.53,7.6,7.46,209276,157313675.0,1.85,-0.53,-0.04,0.7
2017-06-22,7.56,7.55,7.73,7.52,341109,259954038.0,2.79,0.27,0.02,1.14
2017-06-23,7.5,7.67,7.69,7.49,320732,243467291.0,2.65,1.59,0.12,1.07
2017-06-26,7.68,7.84,7.86,7.64,351396,272469936.0,2.87,2.22,0.17,1.17
2017-06-27,7.84,7.87,7.97,7.8,341788,269265376.0,2.17,0.38,0.03,1.14
2017-06-28,7.86,7.87,7.91,7.78,269829,212029929.0,1.65,0.0,0.0,0.9
2017-06-29,7.87,7.81,8.09,7.79,492329,391377536.0,3.81,-0.76,-0.06,1.65
2017-06-30,7.78,7.82,7.86,7.73,251713,196381811.0,1.66,0.13,0.01,0.84
2017-07-03,7.82,7.98,8.02,7.8,315568,250311642.0,2.81,2.05,0.16,1.05
2017-07-04,7.97,7.88,7.97,7.81,335448,264067357.0,2.01,-1.25,-0.1,1.12
2017-07-05,7.93,7.98,8.0,7.88,328022,261297634.0,1.52,1.27,0.1,1.1
2017-07-06,8.01,8.11,8.23,7.97,629235,509353952.0,3.26,1.63,0.13,2.1
2017-07-07,8.03,8.27,8.31,7.98,481306,392769968.0,4.07,1.97,0.16,1.61
2017-07-10,8.27,8.27,8.47,8.22,576258,481080368.0,3.02,0.0,0.0,1.93
2017-07-11,8.32,8.15,8.35,8.06,412991,339476256.0,3.51,-1.45,-0.12,1.38
2017-07-12,8.14,8.24,8.25,7.93,431676,348734704.0,3.93,1.1,0.09,1.44
2017-07-13,8.23,8.27,8.54,8.17,752012,626361712.0,4.49,0.36,0.03,2.51
2017-07-14,8.26,8.33,8.39,8.21,346211,286718672.0,2.18,0.73,0.06,1.16
2017-07-17,8.32,8.37,8.6,7.93,880074,733910384.0,8.04,0.48,0.04,2.94
2017-07-18,8.23,8.84,8.85,8.22,1093063,939232000.0,7.53,5.62,0.47,3.65
2017-07-19,8.95,9.55,9.68,8.92,1635410,1522301120.0,8.6,8.03,0.71,5.47
2017-07-20,9.55,9.91,10.04,9.43,1525978,1487547744.0,6.39,3.77,0.36,5.1
2017-07-21,9.8,9.86,9.93,9.53,1098610,1066951776.0,4.04,-0.5,-0.05,3.67
2017-07-24,9.71,9.49,9.98,9.4,834769,803057536.0,5.88,-3.75,-0.37,2.79
2017-07-25,9.56,9.43,9.62,9.27,651788,611825776.0,3.69,-0.63,-0.06,2.18
2017-07-26,9.48,9.52,9.6,9.29,888924,840866128.0,3.29,0.95,0.09,2.97
2017-07-27,9.44,8.95,9.44,8.73,1242296,1122534624.0,7.46,-5.99,-0.57,4.15
2017-07-28,8.9,9.02,9.1,8.85,697589,626992800.0,2.79,0.78,0.07,2.33
2017-07-31,9.17,9.69,9.74,9.17,1241522,1168813840.0,6.32,7.43,0.67,4.15
2017-08-01,9.61,9.35,9.63,9.3,885236,832858384.0,3.41,-3.51,-0.34,2.96
2017-08-02,9.32,9.37,9.75,9.22,1062716,1010953248.0,5.67,0.21,0.02,3.55
2017-08-03,9.3,9.59,9.63,9.21,558360,527218016.0,4.48,2.35,0.22,1.87
2017-08-04,9.7,9.98,10.55,9.67,1847733,1884324432.0,9.18,4.07,0.39,6.18
2017-08-07,9.95,10.29,10.36,9.54,1425441,1409961616.0,8.22,3.11,0.31,4.77
2017-08-08,10.18,9.83,10.44,9.76,1241521,1249691184.0,6.61,-4.47,-0.46,4.15
2017-08-09,9.98,10.81,10.81,9.82,2128193,2203458032.0,10.07,9.97,0.98,7.11
2017-08-10,10.41,10.93,10.96,10.35,1519725,1611553040.0,5.64,1.11,0.12,5.08
2017-08-11,10.7,10.0,10.84,9.84,1629835,1677011216.0,9.15,-8.51,-0.93,5.45
2017-08-14,10.0,10.12,10.22,9.87,787055,791316400.0,3.5,1.2,0.12,2.63
2017-08-15,9.9,9.83,10.02,9.62,737290,721973424.0,3.95,-2.87,-0.29,2.46
2017-08-16,9.88,10.0,10.16,9.7,666861,663072512.0,4.68,1.73,0.17,2.23
2017-08-17,10.49,10.41,10.63,10.22,1162355,1212650800.0,4.1,4.1,0.41,3.89
2017-08-18,10.13,10.28,10.52,10.08,617701,636801312.0,4.23,-1.25,-0.13,2.06
2017-08-21,10.2,10.71,10.91,10.12,908833,961395024.0,7.68,4.18,0.43,3.04
2017-08-22,10.56,10.42,10.64,10.37,560106,586766752.0,2.52,-2.71,-0.29,1.87
2017-08-23,10.25,10.03,10.27,9.86,634798,638652032.0,3.93,-3.74,-0.39,2.12
2017-08-24,10.14,9.89,10.29,9.78,553989,555742592.0,5.08,-1.4,-0.14,1.85
2017-08-25,10.13,10.5,10.65,9.98,1111724,1153467712.0,6.77,6.17,0.61,3.72
2017-08-28,10.43,10.71,10.82,10.25,1097412,1157916016.0,5.43,2.0,0.21,3.67
2017-08-29,10.68,10.6,10.95,10.4,888765,949030480.0,5.14,-1.03,-0.11,2.97
2017-08-30,10.4,10.99,11.31,10.34,1374706,1495135456.0,9.15,3.68,0.39,4.6
2017-08-31,11.05,11.31,11.43,10.83,1257567,1401364400.0,5.46,2.91,0.32,4.2
2017-09-01,11.71,11.99,12.4,11.53,1642985,1956029168.0,7.69,6.01,0.68,5.49
2017-09-04,12.27,11.69,12.35,11.57,927839,1099330256.0,6.51,-2.5,-0.3,3.1
2017-09-05,11.72,11.59,11.75,11.3,746715,861278000.0,3.85,-0.86,-0.1,2.5
2017-09-06,11.47,11.57,11.78,11.37,530787,616135056.0,3.54,-0.17,-0.02,1.77
2017-09-07,11.51,11.24,11.56,11.11,543555,614891504.0,3.89,-2.85,-0.33,1.82
2017-09-08,11.29,11.29,11.58,11.16,557906,634656032.0,3.74,0.44,0.05,1.87
2017-09-11,11.13,11.48,11.5,10.9,634696,706481552.0,5.31,1.68,0.19,2.12
2017-09-12,11.73,11.48,11.98,11.43,1018868,1194573440.0,4.79,0.0,0.0,3.41
2017-09-13,11.39,11.51,11.72,11.22,547079,629094448.0,4.36,0.26,0.03,1.83
2017-09-14,11.48,11.12,11.5,11.03,721013,806167184.0,4.08,-3.39,-0.39,2.41
2017-09-15,11.08,10.37,11.08,10.2,1116310,1175414288.0,7.91,-6.74,-0.75,3.73
2017-09-18,10.3,10.38,10.45,10.13,707404,728291216.0,3.09,0.1,0.01,2.36
2017-09-19,10.37,10.39,10.48,10.26,405067,421062944.0,2.12,0.1,0.01,1.35
2017-09-20,10.44,10.61,10.66,10.27,499444,524255728.0,3.75,2.12,0.22,1.67
2017-09-21,10.55,10.23,10.68,10.22,409271,426911184.0,4.34,-3.58,-0.38,1.37
2017-09-22,10.11,10.31,10.45,9.95,518798,530550560.0,4.89,0.78,0.08,1.73
2017-09-25,10.2,10.09,10.2,10.0,403300,406793600.0,1.94,-2.13,-0.22,1.35
2017-09-26,10.12,10.19,10.32,10.11,294848,301238768.0,2.08,0.99,0.1,0.99
2017-09-27,10.19,10.43,10.54,10.19,391418,407183728.0,3.43,2.36,0.24,1.31
2017-09-28,10.34,10.35,10.46,10.14,344123,354879504.0,3.07,-0.77,-0.08,1.15
2017-09-29,10.28,10.25,10.46,10.1,337455,346745392.0,3.48,-0.97,-0.1,1.13
2017-10-09,10.4,10.01,10.48,9.98,548311,555535648.0,4.88,-2.34,-0.24,1.83
2017-10-10,9.93,9.74,9.95,9.67,528290,515923616.0,2.8,-2.7,-0.27,1.77
2017-10-11,9.76,9.77,9.87,9.68,369144,361125936.0,1.95,0.31,0.03,1.23
2017-10-12,9.79,9.61,9.79,9.27,638333,605210576.0,5.32,-1.64,-0.16,2.13
2017-10-13,9.68,9.9,9.95,9.65,515161,504765152.0,3.12,3.02,0.29,1.72
2017-10-16,9.9,9.92,10.09,9.66,440952,435290608.0,4.34,0.2,0.02,1.47
2017-10-17,9.71,9.68,9.85,9.67,241757,236126422.0,1.81,-2.42,-0.24,0.81
2017-10-18,9.69,9.63,9.8,9.53,255412,246698836.0,2.79,-0.52,-0.05,0.85
2017-10-19,9.53,9.66,9.68,9.39,272752,259717318.0,3.01,0.31,0.03,0.91
2017-10-20,9.59,9.86,9.88,9.58,268443,262473999.0,3.11,2.07,0.2,0.9
2017-10-23,9.8,9.73,9.86,9.67,183608,179027177.0,1.93,-1.32,-0.13,0.61
2017-10-24,9.73,9.82,9.83,9.7,245149,239663471.0,1.34,0.92,0.09,0.82
2017-10-25,9.8,9.91,9.94,9.78,250156,247243972.0,1.63,0.92,0.09,0.84
2017-10-26,9.93,10.01,10.04,9.81,365576,363203408.0,2.32,1.01,0.1,1.22
2017-10-27,10.05,9.54,10.05,9.54,610349,594181456.0,5.09,-4.7,-0.47,2.04
2017-10-30,9.53,9.34,9.54,9.2,369415,343944496.0,3.56,-2.1,-0.2,1.23
2017-10-31,9.27,9.34,9.41,9.23,233893,218017607.0,1.93,0.0,0.0,0.78
2017-11-01,9.33,9.25,9.42,9.23,301162,280761888.0,2.03,-0.96,-0.09,1.01
2017-11-02,9.34,9.31,9.43,9.27,241168,225170414.0,1.73,0.65,0.06,0.81
2017-11-03,9.3,8.93,9.3,8.83,560435,504608192.0,5.05,-4.08,-0.38,1.87
2017-11-06,8.96,9.04,9.05,8.66,462407,411205120.0,4.37,1.23,0.11,1.55
2017-11-07,9.0,9.07,9.23,8.87,584828,529954672.0,3.98,0.33,0.03,1.96
2017-11-08,9.06,9.14,9.25,8.95,428206,390504048.0,3.31,0.77,0.07,1.43
2017-11-09,9.25,9.28,9.49,9.25,541374,506859392.0,2.63,1.53,0.14,1.81
2017-11-10,9.21,9.14,9.23,9.1,284142,260043121.0,1.4,-1.51,-0.14,0.95
2017-11-13,9.07,9.32,9.38,9.01,369147,340782432.0,4.05,1.97,0.18,1.23
2017-11-14,9.32,9.61,9.78,9.3,718992,690846960.0,5.15,3.11,0.29,2.4
2017-11-15,9.5,9.57,9.64,9.35,431534,411880032.0,3.02,-0.42,-0.04,1.44
2017-11-16,9.54,9.19,9.58,9.19,384796,359579920.0,4.08,-3.97,-0.38,1.29
2017-11-17,9.17,9.05,9.25,8.81,575411,515545472.0,4.79,-1.52,-0.14,1.92
2017-11-20,8.98,9.17,9.18,8.78,301501,270731936.0,4.42,1.33,0.12,1.01
2017-11-21,9.18,9.07,9.31,8.98,339945,310339856.0,3.6,-1.09,-0.1,1.14
2017-11-22,9.24,9.59,9.6,9.23,686947,644795344.0,4.08,5.73,0.52,2.3
2017-11-23,9.73,9.55,10.0,9.52,984734,968209312.0,5.01,-0.42,-0.04,3.29
2017-11-24,9.46,10.0,10.08,9.37,778900,761059120.0,7.43,4.71,0.45,2.6
2017-11-27,10.0,10.02,10.37,9.91,860449,872844384.0,4.6,0.2,0.02,2.88
2017-11-28,9.93,10.33,10.35,9.72,813122,817865408.0,6.29,3.09,0.31,2.72
2017-11-29,10.21,10.36,10.54,10.13,838587,870011648.0,3.97,0.29,0.03,2.8
2017-11-30,10.55,10.5,10.77,10.42,812450,861225488.0,3.38,1.35,0.14,2.72
2017-12-01,10.5,10.43,10.59,10.12,590706,609208400.0,4.48,-0.67,-0.07,1.97
2017-12-04,10.55,10.28,10.77,10.21,608592,638901248.0,5.37,-1.44,-0.15,2.03
2017-12-05,10.35,10.33,10.6,10.08,642752,664769472.0,5.06,0.49,0.05,2.15
2017-12-06,10.21,10.68,10.7,9.95,656213,679571440.0,7.26,3.39,0.35,2.19
2017-12-07,10.51,10.17,10.69,10.06,594156,617587392.0,5.9,-4.78,-0.51,1.99
2017-12-08,10.04,10.19,10.22,9.8,513076,514174768.0,4.13,0.2,0.02,1.72
2017-12-11,10.29,10.21,10.34,10.02,423931,430831216.0,3.14,0.2,0.02,1.42
2017-12-12,10.19,9.81,10.25,9.76,445092,444276864.0,4.8,-3.92,-0.4,1.49
2017-12-13,9.74,9.83,9.95,9.56,408357,399036064.0,3.98,0.2,0.02,1.37
2017-12-14,9.76,9.68,9.89,9.57,300355,292295616.0,3.26,-1.53,-0.15,1.0
2017-12-15,9.68,9.4,9.76,9.39,319461,303746128.0,3.82,-2.89,-0.28,1.07
2017-12-18,9.56,10.34,10.34,9.56,876177,877831760.0,8.3,10.0,0.94,2.93
2017-12-19,10.62,10.88,10.95,10.45,1360626,1458091728.0,4.84,5.22,0.54,4.55
2017-12-20,10.85,10.91,10.95,10.65,861154,930537776.0,2.76,0.28,0.03,2.88
2017-12-21,10.8,10.91,10.94,10.55,695215,749898848.0,3.57,0.0,0.0,2.32
2017-12-22,10.86,10.93,11.25,10.76,862447,949674624.0,4.49,0.18,0.02,2.88
2017-12-25,10.93,10.81,11.21,10.7,743619,812479488.0,4.67,-1.1,-0.12,2.49
2017-12-26,10.85,11.02,11.1,10.56,683748,740159904.0,5.0,1.94,0.21,2.29
2017-12-27,10.88,11.08,11.62,10.83,1094183,1232688864.0,7.17,0.54,0.06,3.66
2017-12-28,11.07,11.49,11.74,10.95,1266077,1436178864.0,7.13,3.7,0.41,4.23
2017-12-29,11.39,11.38,11.45,11.19,600622,679583904.0,2.26,-0.96,-0.11,2.01
2018-01-02,11.55,12.22,12.38,11.55,1122978,1348627376.0,7.29,7.38,0.84,3.75
2018-01-03,12.1,12.2,12.59,12.06,870375,1069239392.0,4.34,-0.16,-0.02,2.91
2018-01-04,12.17,12.4,12.47,12.04,563657,693667440.0,3.52,1.64,0.2,1.88
2018-01-05,12.35,11.92,12.35,11.8,698839,842649248.0,4.44,-3.87,-0.48,2.34
2018-01-08,11.92,12.82,13.11,11.92,1593937,2038017136.0,9.98,7.55,0.9,5.33
2018-01-09,12.69,12.8,12.84,12.51,890227,1128185168.0,2.57,-0.16,-0.02,2.98
2018-01-10,12.68,12.51,12.96,12.3,723794,909948144.0,5.16,-2.27,-0.29,2.42
2018-01-11,12.44,12.1,12.66,11.93,787945,958661776.0,5.84,-3.28,-0.41,2.63
2018-01-12,11.94,12.04,12.3,11.73,773887,928839712.0,4.71,-0.5,-0.06,2.59
2018-01-15,11.97,11.22,11.99,11.02,1105978,1262557120.0,8.06,-6.81,-0.82,3.7
2018-01-16,11.15,11.07,11.36,10.76,1125220,1242226176.0,5.35,-1.34,-0.15,3.76
2018-01-17,11.03,11.15,11.38,10.7,900001,1000111328.0,6.14,0.72,0.08,3.01
2018-01-18,11.2,11.3,11.39,10.97,750573,843045440.0,3.77,1.35,0.15,2.51
2018-01-19,11.3,11.57,11.75,11.21,928355,1071422112.0,4.78,2.39,0.27,3.1
2018-01-22,11.67,11.71,12.1,11.52,799986,947697792.0,5.01,1.21,0.14,2.67
2018-01-23,11.66,11.71,11.74,11.4,552114,637692464.0,2.9,0.0,0.0,1.85
2018-01-24,11.75,11.44,11.75,11.28,527386,602021232.0,4.01,-2.31,-0.27,1.76
2018-01-25,11.54,11.89,12.05,11.54,789775,936022720.0,4.46,3.93,0.45,2.64
2018-01-26,11.6,11.75,11.85,11.33,689946,804521968.0,4.37,-1.18,-0.14,2.31
2018-01-29,11.98,12.55,12.57,11.98,1229755,1521362144.0,5.02,6.81,0.8,4.11
2018-01-30,12.49,12.73,13.23,12.33,1084247,1388819280.0,7.17,1.43,0.18,3.62
2018-01-31,12.7,12.87,12.98,12.31,824404,1041431600.0,5.26,1.1,0.14,2.76
2018-02-01,12.8,12.67,13.31,12.05,1178949,1506396192.0,9.79,-1.55,-0.2,3.94
2018-02-02,12.65,13.94,13.94,12.46,1506212,2006786240.0,11.68,10.02,1.27,5.04
2018-02-05,13.98,14.3,14.94,13.82,1642347,2352160848.0,8.03,2.58,0.36,5.49
2018-02-06,13.88,13.86,14.2,13.13,1321674,1809175856.0,7.48,-3.08,-0.44,4.42
2018-02-07,14.27,13.31,14.88,13.19,1705532,2415108224.0,12.19,-3.97,-0.55,5.7
2018-02-08,12.98,12.7,13.36,12.24,1226408,1568201552.0,8.41,-4.58,-0.61,4.1
2018-02-09,12.1,11.59,12.34,11.43,1205190,1410411360.0,7.17,-8.74,-1.11,4.03
2018-02-12,11.59,11.67,11.9,11.21,713560,827301152.0,5.95,0.69,0.08,2.39
2018-02-13,11.8,11.88,12.18,11.65,665074,791703200.0,4.54,1.8,0.21,2.22
2018-02-14,11.9,12.29,12.34,11.58,539055,644948976.0,6.4,3.45,0.41,1.8
2018-02-22,12.45,12.59,12.79,12.36,631520,793091648.0,3.5,2.44,0.3,2.11
2018-02-23,12.55,13.34,13.63,12.33,838629,1081050944.0,10.33,5.96,0.75,2.8
2018-02-26,13.65,13.56,13.84,13.12,790861,1068950112.0,5.4,1.65,0.22,2.64
2018-02-27,13.5,12.67,13.5,12.36,1185347,1516527776.0,8.41,-6.56,-0.89,3.96
2018-02-28,12.31,12.48,12.75,11.92,776067,958388512.0,6.55,-1.5,-0.19,2.59
2018-03-01,12.22,12.49,12.78,12.16,644593,805411568.0,4.97,0.08,0.01,2.15
2018-03-02,12.21,12.06,12.36,11.96,629761,763818448.0,3.2,-3.44,-0.43,2.11
2018-03-05,12.04,11.62,12.23,11.33,824845,968913376.0,7.46,-3.65,-0.44,2.76
2018-03-06,11.59,12.21,12.27,11.25,1155034,1356827488.0,8.78,5.08,0.59,3.86
2018-03-07,12.0,11.67,12.09,11.56,724116,856782576.0,4.34,-4.42,-0.54,2.42
2018-03-08,11.59,11.58,11.79,11.43,573331,662863568.0,3.08,-0.77,-0.09,1.92
2018-03-09,11.5,11.43,11.58,11.28,587372,668285072.0,2.59,-1.3,-0.15,1.96
2018-03-12,11.44,11.57,11.81,11.35,798076,926688800.0,4.02,1.22,0.14,2.67
2018-03-13,11.47,11.63,11.77,11.41,550615,640369984.0,3.11,0.52,0.06,1.84
2018-03-14,11.53,11.88,12.05,11.39,910069,1070916912.0,5.67,2.15,0.25,3.04
2018-03-15,11.8,12.1,12.11,11.73,737956,879937488.0,3.2,1.85,0.22,2.47
2018-03-16,12.03,11.53,12.14,11.5,670296,791242240.0,5.29,-4.71,-0.57,2.24
2018-03-19,11.22,10.71,11.22,10.7,872761,957760320.0,4.51,-7.11,-0.82,2.92
2018-03-20,10.45,10.75,10.85,10.36,448767,478887952.0,4.58,0.37,0.04,1.5
2018-03-21,10.95,10.65,10.95,10.45,581104,619908256.0,4.65,-0.93,-0.1,1.94
2018-03-22,10.62,10.66,10.74,10.51,329318,350233248.0,2.16,0.09,0.01,1.1
2018-03-23,10.03,10.47,10.5,9.71,1004395,1003391168.0,7.41,-1.78,-0.19,3.36
2018-03-26,10.14,10.21,10.29,10.0,405643,411499168.0,2.77,-2.48,-0.26,1.36
2018-03-27,10.39,10.25,10.44,10.13,530683,543678736.0,3.04,0.39,0.04,1.77
2018-03-28,9.96,9.98,10.24,9.88,435419,436036512.0,3.51,-2.63,-0.27,1.46
2018-03-29,9.96,10.49,10.66,9.91,743416,765882096.0,7.52,5.11,0.51,2.49
2018-03-30,10.5,10.62,10.78,10.44,576110,610453056.0,3.24,1.24,0.13,1.93
2018-04-02,10.75,10.68,11.09,10.6,593313,643909152.0,4.61,0.56,0.06,1.98
2018-04-03,10.43,10.29,10.43,10.13,353971,364577072.0,2.81,-3.65,-0.39,1.18
2018-04-04,10.33,10.28,10.56,10.24,342579,355295648.0,3.11,-0.1,-0.01,1.15
2018-04-09,10.17,10.27,10.42,10.02,253155,258963393.0,3.89,-0.1,-0.01,0.85
2018-04-10,10.32,10.69,10.7,10.32,467111,492233824.0,3.7,4.09,0.42,1.56
2018-04-11,10.75,10.55,10.85,10.45,445201,471869792.0,3.74,-1.31,-0.14,1.49
2018-04-12,10.45,10.32,10.46,10.23,343319,354704176.0,2.18,-2.18,-0.23,1.15
2018-04-13,10.37,10.37,10.54,10.3,351473,365649648.0,2.33,0.48,0.05,1.17
2018-04-16,10.22,10.01,10.25,9.89,463983,465300400.0,3.47,-3.47,-0.36,1.55
2018-04-17,10.04,9.93,10.14,9.91,334785,334990752.0,2.3,-0.8,-0.08,1.12
2018-04-18,10.18,10.23,10.31,10.03,524119,533151920.0,2.82,3.02,0.3,1.75
2018-04-19,10.23,10.52,10.56,10.23,530991,554124192.0,3.23,2.83,0.29,1.78
2018-04-20,10.41,10.35,10.45,10.11,492251,504793792.0,3.23,-1.62,-0.17,1.65
2018-04-23,10.4,10.54,10.64,10.22,350136,366397216.0,4.06,1.84,0.19,1.17
2018-04-24,10.68,10.45,10.9,10.42,810044,866474256.0,4.55,-0.85,-0.09,2.71
2018-04-25,10.28,10.17,10.35,10.11,386874,394096064.0,2.3,-2.68,-0.28,1.29
2018-04-26,10.18,10.18,10.35,10.02,341507,347540064.0,3.24,0.1,0.01,1.14
2018-04-27,10.21,10.26,10.3,10.08,280673,286506800.0,2.16,0.79,0.08,0.94
2018-05-02,10.16,10.02,10.2,9.87,403919,402966336.0,3.22,-2.34,-0.24,1.35
2018-05-03,10.0,10.06,10.11,9.95,289622,290745248.0,1.6,0.4,0.04,0.97
2018-05-04,10.0,9.88,10.05,9.87,283254,281579984.0,1.79,-1.79,-0.18,0.95
2018-05-07,9.91,10.21,10.22,9.85,426566,430911536.0,3.74,3.34,0.33,1.43
2018-05-08,10.16,10.16,10.26,10.09,324201,329649120.0,1.67,-0.49,-0.05,1.08
2018-05-09,10.2,10.19,10.38,10.14,353810,362339248.0,2.36,0.3,0.03,1.18
2018-05-10,10.27,10.44,10.55,10.24,584906,609546064.0,3.04,2.45,0.25,1.96
2018-05-11,10.4,10.66,10.79,10.32,666385,706583344.0,4.5,2.11,0.22,2.23
2018-05-14,10.73,10.54,10.8,10.45,408511,434217712.0,3.28,-1.13,-0.12,1.37
2018-05-15,10.65,10.64,10.78,10.37,330534,348877200.0,3.89,0.95,0.1,1.1
2018-05-16,10.56,10.6,10.76,10.45,358882,380695120.0,2.91,-0.38,-0.04,1.2
2018-05-17,10.6,10.47,10.66,10.4,321863,337273840.0,2.45,-1.23,-0.13,1.08
2018-05-18,10.47,11.06,11.08,10.47,909664,984368240.0,5.83,5.64,0.59,3.04
2018-05-21,10.99,10.91,11.01,10.82,697602,760800080.0,1.72,-1.36,-0.15,2.33
2018-05-22,10.91,10.71,10.94,10.57,579524,621056336.0,3.39,-1.83,-0.2,1.94
2018-05-23,10.47,10.0,10.47,9.94,952935,967785168.0,4.95,-6.63,-0.71,3.19
2018-05-24,9.92,9.95,10.07,9.85,295752,295062624.0,2.2,-0.5,-0.05,0.99
2018-05-25,10.0,9.98,10.04,9.8,269742,267151611.0,2.41,0.3,0.03,0.9
2018-05-28,9.98,9.99,10.09,9.92,198399,198672521.0,1.7,0.1,0.01,0.66
2018-05-29,10.05,10.05,10.17,10.01,302447,304941840.0,1.6,0.6,0.06,1.01
2018-05-30,9.86,9.28,9.86,9.25,487773,465507776.0,6.07,-7.66,-0.77,1.63
2018-05-31,9.38,9.39,9.48,9.25,322660,302952832.0,2.48,1.19,0.11,1.08
2018-06-01,9.45,9.63,9.8,9.44,487575,470808000.0,3.83,2.56,0.24,1.63
2018-06-04,9.73,9.7,9.92,9.67,270835,265073886.0,2.6,0.73,0.07,0.91
2018-06-05,9.74,9.75,9.76,9.53,239158,231216143.0,2.37,0.52,0.05,0.8
2018-06-06,9.69,9.86,9.9,9.65,183822,180619757.0,2.56,1.13,0.11,0.61
2018-06-07,9.86,9.91,10.07,9.86,268810,268371864.0,2.13,0.51,0.05,0.9
2018-06-08,9.89,9.78,9.89,9.51,247387,239249255.0,3.83,-1.31,-0.13,0.83
2018-06-11,9.68,9.69,9.8,9.55,156406,151611543.0,2.56,-0.92,-0.09,0.52
2018-06-12,9.7,9.86,9.98,9.66,293482,289327344.0,3.3,1.75,0.17,0.98
2018-06-13,9.84,9.86,9.97,9.76,283294,279817600.0,2.13,0.0,0.0,0.95
2018-06-14,9.83,10.06,10.08,9.78,356484,356240672.0,3.04,2.03,0.2,1.19
2018-06-15,10.07,10.17,10.28,9.99,468599,476953712.0,2.88,1.09,0.11,1.57
2018-06-19,10.0,9.79,10.2,9.49,822166,822744704.0,6.98,-3.74,-0.38,2.75
2018-06-20,9.78,10.04,10.07,9.61,291883,287620192.0,4.7,2.55,0.25,0.98
2018-06-21,10.02,10.19,10.55,10.01,615271,633892112.0,5.38,1.49,0.15,2.06
2018-06-22,10.01,10.36,10.4,9.68,420175,425577200.0,7.07,1.67,0.17,1.4
2018-06-25,10.45,10.09,10.53,10.01,345944,352660736.0,5.02,-2.61,-0.27,1.16
2018-06-26,9.56,9.46,9.63,9.23,334020,314666144.0,3.96,-6.24,-0.63,1.12
2018-06-27,9.48,9.27,9.58,9.2,260518,244090932.0,4.02,-2.01,-0.19,0.87
2018-06-28,9.23,9.11,9.36,9.01,183307,169076212.0,3.78,-1.73,-0.16,0.61
2018-06-29,9.17,9.26,9.28,8.74,283830,257470962.0,5.93,1.65,0.15,0.95
2018-07-02,9.2,8.74,9.21,8.67,304419,272006416.0,5.83,-5.62,-0.52,1.02
2018-07-03,8.71,8.59,8.8,8.32,282094,241369889.0,5.49,-1.72,-0.15,0.94
2018-07-04,8.56,8.5,8.68,8.46,182805,156749383.0,2.56,-1.05,-0.09,0.61
2018-07-05,8.44,8.1,8.55,8.08,238045,196632147.0,5.53,-4.71,-0.4,0.8
2018-07-06,8.11,8.05,8.19,7.8,260761,209643654.0,4.81,-0.62,-0.05,0.87
2018-07-09,8.08,8.51,8.57,8.06,309950,257639219.0,6.34,5.71,0.46,1.04
2018-07-10,8.48,8.52,8.6,8.39,212530,180194175.0,2.47,0.12,0.01,0.71
2018-07-11,8.28,8.14,8.29,8.0,254397,206733137.0,3.4,-4.46,-0.38,0.85
2018-07-12,8.19,8.44,8.45,8.17,267696,223429604.0,3.44,3.69,0.3,0.89
2018-07-13,8.4,8.35,8.47,8.3,193503,161950442.0,2.01,-1.07,-0.09,0.65
2018-07-16,8.34,8.44,8.57,8.34,251282,212553428.0,2.75,1.08,0.09,0.84
2018-07-17,8.41,8.24,8.41,8.18,224185,184834054.0,2.73,-2.37,-0.2,0.75
2018-07-18,8.26,8.16,8.32,8.15,157112,129293336.0,2.06,-0.97,-0.08,0.53
2018-07-19,8.21,8.18,8.28,8.13,171426,140790315.0,1.84,0.25,0.02,0.57
2018-07-20,8.12,8.25,8.27,7.9,266276,215048883.0,4.52,0.86,0.07,0.89
2018-07-23,8.16,8.55,8.6,8.11,507361,428675712.0,5.94,3.64,0.3,1.7
2018-07-24,8.5,8.89,8.92,8.5,637654,559833552.0,4.91,3.98,0.34,2.13
2018-07-25,9.02,8.83,9.1,8.78,412653,367399536.0,3.6,-0.67,-0.06,1.38
2018-07-26,8.88,8.86,9.03,8.81,324142,288194400.0,2.49,0.34,0.03,1.08
2018-07-27,8.85,8.81,8.97,8.77,237851,210595163.0,2.26,-0.56,-0.05,0.8
2018-07-30,8.9,9.01,9.11,8.85,328480,294594816.0,2.95,2.27,0.2,1.1
2018-07-31,9.02,8.81,9.04,8.71,271591,239611782.0,3.66,-2.22,-0.2,0.91
2018-08-01,8.88,8.52,8.99,8.51,271748,237995034.0,5.45,-3.29,-0.29,0.91
2018-08-02,8.5,8.31,8.5,8.08,332437,274886192.0,4.93,-2.46,-0.21,1.11
2018-08-03,8.31,8.6,8.74,8.31,479506,411728336.0,5.17,3.49,0.29,1.6
2018-08-06,8.6,8.64,8.85,8.56,402737,349637312.0,3.37,0.47,0.04,1.35
2018-08-07,8.78,8.9,8.91,8.5,432704,377876448.0,4.75,3.01,0.26,1.45
2018-08-08,8.8,8.79,8.92,8.74,271589,239066124.0,2.02,-1.24,-0.11,0.91
2018-08-09,8.68,8.78,8.91,8.5,424987,371152976.0,4.66,-0.11,-0.01,1.42
2018-08-10,8.77,8.64,8.77,8.56,305672,264754473.0,2.39,-1.59,-0.14,1.02
2018-08-13,8.5,8.61,8.63,8.33,308726,261416365.0,3.47,-0.35,-0.03,1.03
2018-08-14,8.6,8.55,8.76,8.5,314662,271569168.0,3.02,-0.7,-0.06,1.05
2018-08-15,8.55,8.23,8.55,8.21,284533,237362964.0,3.98,-3.74,-0.32,0.95
2018-08-16,8.1,8.12,8.24,8.0,219194,178141108.0,2.92,-1.34,-0.11,0.73
2018-08-17,8.21,8.16,8.35,8.12,253001,208123816.0,2.83,0.49,0.04,0.85
2018-08-20,8.18,8.26,8.26,8.06,184463,150655572.0,2.45,1.23,0.1,0.62
2018-08-21,8.12,8.2,8.26,8.03,288952,235800390.0,2.78,-0.73,-0.06,0.97
2018-08-22,8.23,8.25,8.36,8.19,262547,217523096.0,2.07,0.61,0.05,0.88
2018-08-23,8.21,8.18,8.24,8.06,186486,151881909.0,2.18,-0.85,-0.07,0.62
2018-08-24,8.17,8.11,8.19,8.05,176197,142836116.0,1.71,-0.86,-0.07,0.59
2018-08-27,8.15,8.28,8.28,8.11,190823,156833163.0,2.1,2.1,0.17,0.64
2018-08-28,8.26,8.35,8.38,8.24,251892,209445602.0,1.69,0.85,0.07,0.84
2018-08-29,8.31,8.24,8.34,8.22,129344,106908836.0,1.44,-1.32,-0.11,0.43
2018-08-30,8.28,8.06,8.28,8.06,163091,132713381.0,2.67,-2.18,-0.18,0.55
2018-08-31,8.06,7.99,8.12,7.99,143859,115963041.0,1.61,-0.87,-0.07,0.48
2018-09-03,7.94,7.93,7.98,7.75,180574,142016660.0,2.88,-0.75,-0.06,0.6
2018-09-04,7.91,7.98,8.01,7.78,155879,123300872.0,2.9,0.63,0.05,0.52
2018-09-05,7.93,7.74,7.98,7.73,167519,131284417.0,3.13,-3.01,-0.24,0.56
2018-09-06,7.73,7.61,7.8,7.55,178334,137046399.0,3.23,-1.68,-0.13,0.6
2018-09-07,7.69,7.72,7.84,7.64,201305,156100789.0,2.63,1.45,0.11,0.67
2018-09-10,7.7,7.7,7.78,7.68,151512,117060950.0,1.3,-0.26,-0.02,0.51
2018-09-11,7.65,7.48,7.69,7.45,177798,133948214.0,3.12,-2.86,-0.22,0.59
2018-09-12,7.51,7.47,7.56,7.4,108567,80994165.0,2.14,-0.13,-0.01,0.36
2018-09-13,7.55,7.58,7.59,7.46,123047,92716233.0,1.74,1.47,0.11,0.41
2018-09-14,7.57,7.54,7.64,7.53,106851,80944994.0,1.45,-0.53,-0.04,0.36
2018-09-17,7.52,7.38,7.53,7.35,124352,92232690.0,2.39,-2.12,-0.16,0.42
2018-09-18,7.37,7.56,7.58,7.36,140746,105213849.0,2.98,2.44,0.18,0.47
2018-09-19,7.52,7.68,7.79,7.51,233041,178743537.0,3.7,1.59,0.12,0.78
2018-09-20,7.68,7.64,7.74,7.61,138725,106364554.0,1.69,-0.52,-0.04,0.46
2018-09-21,7.65,7.89,7.92,7.63,285083,222023845.0,3.8,3.27,0.25,0.95
2018-09-25,7.83,7.88,7.89,7.77,206138,161123766.0,1.52,-0.13,-0.01,0.69
2018-09-26,7.85,7.89,8.08,7.85,270626,215979170.0,2.92,0.13,0.01,0.9
2018-09-27,7.89,8.01,8.08,7.88,319588,255978973.0,2.53,1.52,0.12,1.07
2018-09-28,8.03,8.04,8.06,7.96,176230,141364384.0,1.25,0.37,0.03,0.59
2018-10-08,7.91,7.93,8.05,7.89,217355,172933584.0,1.99,-1.37,-0.11,0.73
2018-10-09,7.98,8.11,8.15,7.9,315117,254025818.0,3.15,2.27,0.18,1.05
2018-10-10,8.11,8.19,8.31,8.09,358968,294371168.0,2.71,0.99,0.08,1.2
2018-10-11,7.88,7.8,8.11,7.71,401625,317240240.0,4.88,-4.76,-0.39,1.34
2018-10-12,7.8,8.01,8.04,7.57,309363,242726033.0,6.03,2.69,0.21,1.03
2018-10-15,8.02,7.58,8.02,7.58,249314,193826091.0,5.49,-5.37,-0.43,0.83
2018-10-16,7.55,7.45,7.71,7.41,152815,115366407.0,3.96,-1.72,-0.13,0.51
2018-10-17,7.58,7.88,7.9,7.53,320723,247188267.0,4.97,5.77,0.43,1.07
2018-10-18,7.76,7.59,7.78,7.55,175421,134640809.0,2.92,-3.68,-0.29,0.59
2018-10-19,7.52,7.82,7.83,7.41,219706,168610991.0,5.53,3.03,0.23,0.73
2018-10-22,7.85,8.16,8.29,7.83,448132,361625952.0,5.88,4.35,0.34,1.5
2018-10-23,8.13,7.96,8.24,7.9,244237,196698442.0,4.17,-2.45,-0.2,0.82
2018-10-24,7.91,8.06,8.14,7.84,225497,180849824.0,3.77,1.26,0.1,0.75
2018-10-25,7.72,7.97,7.98,7.67,278965,218170909.0,3.85,-1.12,-0.09,0.93
2018-10-26,8.0,8.16,8.3,7.99,410624,334718368.0,3.89,2.38,0.19,1.37
2018-10-29,8.07,7.97,8.15,7.9,222369,178225406.0,3.06,-2.33,-0.19,0.74
2018-10-30,7.97,8.14,8.14,7.83,211288,169865641.0,3.89,2.13,0.17,0.71
2018-10-31,8.15,8.25,8.31,8.06,327038,268836960.0,3.07,1.35,0.11,1.09
2018-11-01,8.28,8.06,8.35,8.05,370931,303959824.0,3.64,-2.3,-0.19,1.24
2018-11-02,8.17,8.25,8.26,8.02,352398,287409584.0,2.98,2.36,0.19,1.18
2018-11-05,8.2,8.19,8.23,8.07,208904,170263548.0,1.94,-0.73,-0.06,0.7
2018-11-06,8.19,8.1,8.21,8.03,177540,143642385.0,2.2,-1.1,-0.09,0.59
2018-11-07,8.08,8.0,8.17,8.0,205103,165517467.0,2.1,-1.23,-0.1,0.69
2018-11-08,8.05,8.0,8.11,7.99,181392,145951767.0,1.5,0.0,0.0,0.61
2018-11-09,7.93,7.8,7.97,7.77,183818,144721195.0,2.5,-2.5,-0.2,0.61
2018-11-12,7.8,7.91,7.91,7.72,212520,166395066.0,2.44,1.41,0.11,0.71
2018-11-13,7.79,8.0,8.03,7.76,233949,184907929.0,3.41,1.14,0.09,0.78
2018-11-14,7.93,7.9,8.05,7.9,232851,185330760.0,1.88,-1.25,-0.1,0.78
2018-11-15,7.9,8.03,8.03,7.85,199189,158161449.0,2.28,1.65,0.13,0.67
2018-11-16,8.08,8.08,8.12,8.0,257580,207742032.0,1.49,0.62,0.05,0.86
2018-11-19,8.05,8.18,8.21,8.03,284171,230907427.0,2.23,1.24,0.1,0.95
2018-11-20,8.11,7.94,8.18,7.92,202198,162836878.0,3.18,-2.93,-0.24,0.68
2018-11-21,7.88,7.78,7.88,7.69,336892,261773687.0,2.39,-2.02,-0.16,1.13
2018-11-22,7.78,7.78,7.81,7.73,112319,87310699.0,1.03,0.0,0.0,0.38
2018-11-23,7.74,7.52,7.77,7.45,249057,188768005.0,4.11,-3.34,-0.26,0.83
2018-11-26,7.49,7.44,7.55,7.39,136318,101692731.0,2.13,-1.06,-0.08,0.46
2018-11-27,7.46,7.47,7.54,7.43,89517,67062395.0,1.48,0.4,0.03,0.3
2018-11-28,7.5,7.53,7.55,7.39,100630,75274621.0,2.14,0.8,0.06,0.34
2018-11-29,7.56,7.37,7.58,7.36,130150,97372475.0,2.92,-2.12,-0.16,0.44
2018-11-30,7.36,7.42,7.44,7.29,90550,66789479.0,2.04,0.68,0.05,0.3
2018-12-03,7.62,7.67,7.75,7.53,229054,174901466.0,2.96,3.37,0.25,0.77
2018-12-04,7.64,7.69,7.71,7.6,145427,111289695.0,1.43,0.26,0.02,0.49
2018-12-05,7.59,7.62,7.69,7.54,121278,92286404.0,1.95,-0.91,-0.07,0.41
2018-12-06,7.6,7.55,7.66,7.51,99797,75552216.0,1.97,-0.92,-0.07,0.33
2018-12-07,7.55,7.72,7.73,7.55,202684,155317488.0,2.38,2.25,0.17,0.68
2018-12-10,7.66,7.59,7.68,7.54,96869,73661719.0,1.81,-1.68,-0.13,0.32
2018-12-11,7.63,7.56,7.64,7.52,67280,50915731.0,1.58,-0.4,-0.03,0.22
2018-12-12,7.58,7.57,7.6,7.55,49731,37655652.0,0.66,0.13,0.01,0.17
2018-12-13,7.57,7.64,7.69,7.54,122697,93676669.0,1.98,0.92,0.07,0.41
2018-12-14,7.62,7.47,7.65,7.47,99446,75099244.0,2.36,-2.23,-0.17,0.33
2018-12-17,7.43,7.47,7.49,7.41,64478,48026062.0,1.07,0.0,0.0,0.22
2018-12-18,7.41,7.36,7.46,7.3,102135,75189775.0,2.14,-1.47,-0.11,0.34
2018-12-19,7.36,7.15,7.38,7.14,136761,98888985.0,3.26,-2.85,-0.21,0.46
2018-12-20,7.15,7.13,7.2,7.07,107180,76494774.0,1.82,-0.28,-0.02,0.36
2018-12-21,7.1,7.0,7.14,6.95,120210,84411636.0,2.66,-1.82,-0.13,0.4
2018-12-24,6.99,7.08,7.11,6.98,64514,45551880.0,1.86,1.14,0.08,0.22
2018-12-25,7.0,6.88,7.0,6.7,147824,100891358.0,4.24,-2.82,-0.2,0.49
2018-12-26,6.86,6.69,6.9,6.68,161482,108926849.0,3.2,-2.76,-0.19,0.54
2018-12-27,6.82,6.64,6.84,6.62,166052,112050342.0,3.29,-0.75,-0.05,0.56
2018-12-28,6.65,6.66,6.72,6.62,81984,54703780.0,1.51,0.3,0.02,0.27
2019-01-02,6.7,6.56,6.72,6.51,128841,84738159.0,3.15,-1.5,-0.1,0.43
2019-01-03,6.56,6.55,6.63,6.51,119922,78652440.0,1.83,-0.15,-0.01,0.4
2019-01-04,6.49,6.7,6.71,6.43,163594,107999242.0,4.27,2.29,0.15,0.55
2019-01-07,6.73,6.8,6.86,6.71,198228,134460093.0,2.24,1.49,0.1,0.66
2019-01-08,6.78,6.73,6.78,6.72,87365,58923533.0,0.88,-1.03,-0.07,0.29
2019-01-09,6.76,6.74,6.86,6.73,190474,129653945.0,1.93,0.15,0.01,0.64
2019-01-10,6.73,6.67,6.75,6.66,104559,70013385.0,1.34,-1.04,-0.07,0.35
2019-01-11,6.65,6.82,6.84,6.65,183579,124108479.0,2.85,2.25,0.15,0.61
2019-01-14,6.85,6.98,7.12,6.84,330922,232011848.0,4.11,2.35,0.16,1.11
2019-01-15,6.9,6.95,6.98,6.81,178959,123566271.0,2.44,-0.43,-0.03,0.6
2019-01-16,6.94,7.1,7.18,6.92,238380,169209508.0,3.74,2.16,0.15,0.8
2019-01-17,7.06,7.18,7.31,7.05,354045,255668772.0,3.66,1.13,0.08,1.18
2019-01-18,7.16,7.23,7.37,7.15,281196,204277129.0,3.06,0.7,0.05,0.94
2019-01-21,7.27,7.23,7.32,7.17,218181,157887043.0,2.07,0.0,0.0,0.73
2019-01-22,7.23,7.06,7.23,7.04,170486,121114130.0,2.63,-2.35,-0.17,0.57
2019-01-23,7.06,7.08,7.15,7.03,143645,101939181.0,1.7,0.28,0.02,0.48
2019-01-24,7.11,7.03,7.14,6.98,98287,69224174.0,2.26,-0.71,-0.05,0.33
2019-01-25,7.08,7.02,7.1,7.02,80886,57077435.0,1.14,-0.14,-0.01,0.27
2019-01-28,7.07,6.96,7.13,6.95,128703,90625973.0,2.56,-0.85,-0.06,0.43
2019-01-29,6.99,7.05,7.07,6.84,139144,97203885.0,3.3,1.29,0.09,0.47
2019-01-30,7.05,7.01,7.13,6.98,120041,84606294.0,2.13,-0.57,-0.04,0.4
2019-01-31,7.02,6.93,7.06,6.87,177371,123313392.0,2.71,-1.14,-0.08,0.59
2019-02-01,6.96,7.16,7.16,6.96,229145,161625860.0,2.89,3.32,0.23,0.77
2019-02-11,7.15,7.29,7.31,7.1,235231,170286199.0,2.93,1.82,0.13,0.79
2019-02-12,7.27,7.5,7.55,7.22,342299,254506376.0,4.53,2.88,0.21,1.14
2019-02-13,7.5,7.52,7.52,7.35,291061,217166352.0,2.27,0.27,0.02,0.97
2019-02-14,7.46,7.45,7.55,7.41,191261,142724957.0,1.86,-0.93,-0.07,0.64
2019-02-15,7.44,7.32,7.45,7.29,195950,144289295.0,2.15,-1.74,-0.13,0.66
2019-02-18,7.38,7.5,7.53,7.32,336314,249636939.0,2.87,2.46,0.18,1.12
2019-02-19,7.49,7.4,7.53,7.33,281883,209320176.0,2.67,-1.33,-0.1,0.94
2019-02-20,7.4,7.58,7.62,7.39,335812,252766792.0,3.11,2.43,0.18,1.12
2019-02-21,7.58,7.48,7.69,7.4,374744,283464880.0,3.83,-1.32,-0.1,1.25
2019-02-22,7.46,7.64,7.64,7.43,396920,299683216.0,2.81,2.14,0.16,1.33
2019-02-25,7.7,8.01,8.03,7.64,616915,485180944.0,5.1,4.84,0.37,2.06
2019-02-26,8.01,8.17,8.5,7.9,832334,684357152.0,7.49,2.0,0.16,2.78
2019-02-27,8.22,8.29,8.55,8.15,802379,669063024.0,4.9,1.47,0.12,2.68
2019-02-28,8.31,8.17,8.37,8.11,299948,246159825.0,3.14,-1.45,-0.12,1.0
2019-03-01,8.18,8.29,8.29,8.09,380722,312063472.0,2.45,1.47,0.12,1.27
2019-03-04,8.37,8.35,8.54,8.21,728398,609666656.0,3.98,0.72,0.06,2.43
2019-03-05,8.35,8.33,8.35,8.19,397187,327609040.0,1.92,-0.24,-0.02,1.33
2019-03-06,8.34,8.42,8.47,8.23,554702,464350048.0,2.88,1.08,0.09,1.85
2019-03-07,8.42,8.51,8.7,8.31,700250,594821568.0,4.63,1.07,0.09,2.34
2019-03-08,8.3,7.9,8.31,7.9,620411,503550704.0,4.82,-7.17,-0.61,2.07
2019-03-11,7.92,8.06,8.06,7.88,302963,241221034.0,2.28,2.03,0.16,1.01
2019-03-12,8.1,8.08,8.18,7.96,379155,306840656.0,2.73,0.25,0.02,1.27
2019-03-13,8.05,7.92,8.07,7.9,311452,248847505.0,2.1,-1.98,-0.16,1.04
2019-03-14,7.89,7.87,8.05,7.8,213958,169268201.0,3.16,-0.63,-0.05,0.72
2019-03-15,7.88,7.95,8.03,7.88,206168,163901279.0,1.91,1.02,0.08,0.69
2019-03-18,7.98,8.2,8.24,7.9,490560,396721312.0,4.28,3.14,0.25,1.64
2019-03-19,8.2,8.11,8.22,8.05,331489,269180976.0,2.07,-1.1,-0.09,1.11
2019-03-20,8.13,8.07,8.19,7.93,301191,243297018.0,3.21,-0.49,-0.04,1.01
2019-03-21,8.02,8.06,8.13,7.99,333941,269414864.0,1.73,-0.12,-0.01,1.12
2019-03-22,8.07,7.97,8.07,7.88,325398,258732549.0,2.36,-1.12,-0.09,1.09
2019-03-25,7.86,7.71,7.86,7.71,337136,262054568.0,1.88,-3.26,-0.26,1.13
2019-03-26,7.74,7.6,7.78,7.57,214774,164714776.0,2.72,-1.43,-0.11,0.72
2019-03-27,7.63,7.71,7.72,7.62,168450,129249328.0,1.32,1.45,0.11,0.56
2019-03-28,7.67,7.58,7.67,7.57,176146,134135073.0,1.3,-1.69,-0.13,0.59
2019-03-29,7.61,7.83,7.83,7.58,339541,263033297.0,3.3,3.3,0.25,1.14
2019-04-01,7.9,8.14,8.17,7.83,526629,423569232.0,4.34,3.96,0.31,1.76
2019-04-02,8.15,8.11,8.16,8.04,355617,287723072.0,1.47,-0.37,-0.03,1.19
2019-04-03,8.1,8.25,8.28,8.06,502740,412109152.0,2.71,1.73,0.14,1.68
2019-04-04,8.29,8.38,8.5,8.21,611046,510931936.0,3.52,1.58,0.13,2.04
2019-04-08,8.5,8.65,8.7,8.35,766233,653233280.0,4.18,3.22,0.27,2.56
2019-04-09,8.6,8.41,8.61,8.34,411403,347128928.0,3.12,-2.77,-0.24,1.38
2019-04-10,8.35,8.26,8.37,8.14,347176,286412112.0,2.73,-1.78,-0.15,1.16
2019-04-11,8.25,8.15,8.42,8.14,259380,213965266.0,3.39,-1.33,-0.11,0.87
2019-04-12,8.15,8.16,8.21,8.08,188913,153691379.0,1.6,0.12,0.01,0.63
2019-04-15,8.29,8.11,8.39,8.1,274127,226963413.0,3.55,-0.61,-0.05,0.92
2019-04-16,8.07,8.36,8.36,8.05,321073,265163033.0,3.82,3.08,0.25,1.07
2019-04-17,8.37,8.5,8.64,8.37,668315,568899648.0,3.23,1.67,0.14,2.23
2019-04-18,8.48,8.42,8.61,8.36,302055,255610189.0,2.94,-0.94,-0.08,1.01
2019-04-19,8.39,8.72,8.88,8.23,588000,504376336.0,7.72,3.56,0.3,1.97
2019-04-22,8.8,8.72,8.94,8.62,709247,622509200.0,3.67,0.0,0.0,2.37
2019-04-23,8.69,8.57,8.96,8.55,578803,508202688.0,4.7,-1.72,-0.15,1.93
2019-04-24,8.59,8.64,8.79,8.48,383584,331103776.0,3.62,0.82,0.07,1.28
2019-04-25,8.6,8.52,8.97,8.52,755486,661667920.0,5.21,-1.39,-0.12,2.53
2019-04-26,8.43,8.25,8.62,8.16,560802,469145584.0,5.4,-3.17,-0.27,1.87
2019-04-29,8.24,8.08,8.31,8.03,325357,265646979.0,3.39,-2.06,-0.17,1.09
2019-04-30,8.1,8.25,8.25,8.08,259289,211812118.0,2.1,2.1,0.17,0.87
2019-05-06,8.04,7.68,8.04,7.56,443458,344147904.0,5.82,-6.91,-0.57,1.48
2019-05-07,7.77,7.76,7.84,7.65,237661,184333789.0,2.47,1.04,0.08,0.79
2019-05-08,7.63,7.68,7.76,7.54,167242,128076632.0,2.84,-1.03,-0.08,0.56
2019-05-09,7.6,7.53,7.66,7.45,196727,148657787.0,2.73,-1.95,-0.15,0.66
2019-05-10,7.64,7.74,7.75,7.45,185659,142119855.0,3.98,2.79,0.21,0.62
2019-05-13,7.65,7.71,7.8,7.62,140050,107926421.0,2.33,-0.39,-0.03,0.47
2019-05-14,7.62,7.59,7.68,7.55,148581,113035611.0,1.69,-1.56,-0.12,0.5
2019-05-15,7.66,7.76,7.76,7.61,146479,112829720.0,1.98,2.24,0.17,0.49
2019-05-16,7.8,7.92,7.94,7.73,200288,157895840.0,2.71,2.06,0.16,0.67
2019-05-17,7.9,7.69,7.91,7.67,187679,146020850.0,3.03,-2.9,-0.23,0.63
2019-05-20,7.69,7.62,7.76,7.51,162190,123123345.0,3.25,-0.91,-0.07,0.54
2019-05-21,7.63,7.85,7.85,7.6,154036,119355455.0,3.28,3.02,0.23,0.51
2019-05-22,7.85,7.77,7.97,7.75,174937,137520726.0,2.8,-1.02,-0.08,0.58
2019-05-23,7.76,7.79,7.94,7.65,152484,118792490.0,3.73,0.26,0.02,0.51
2019-05-24,7.84,7.71,7.85,7.62,105927,81890639.0,2.95,-1.03,-0.08,0.35
2019-05-27,7.71,7.8,7.83,7.62,148297,114791079.0,2.72,1.17,0.09,0.5
2019-05-28,7.8,7.83,7.86,7.71,179147,139593845.0,1.92,0.38,0.03,0.6
2019-05-29,7.75,7.72,7.82,7.69,122728,94991007.0,1.66,-1.4,-0.11,0.41
2019-05-30,7.92,7.8,7.98,7.75,257508,201822972.0,2.98,1.04,0.08,0.86
2019-05-31,7.75,7.71,7.8,7.67,140520,108753509.0,1.67,-1.15,-0.09,0.47
2019-06-03,7.7,7.61,7.78,7.52,156560,119569384.0,3.37,-1.3,-0.1,0.52
2019-06-04,7.63,7.64,7.75,7.56,133443,102466562.0,2.5,0.39,0.03,0.45
2019-06-05,7.73,7.76,7.86,7.7,151868,118310463.0,2.09,1.57,0.12,0.51
2019-06-06,7.8,7.84,7.88,7.74,145533,113604634.0,1.8,1.03,0.08,0.49
2019-06-10,7.85,7.86,7.87,7.78,89548,70135184.0,1.15,0.26,0.02,0.3
2019-06-11,7.85,8.11,8.17,7.84,262531,211458711.0,4.2,3.18,0.25,0.88
2019-06-12,8.09,8.31,8.33,8.06,275114,226778016.0,3.33,2.47,0.2,0.92
2019-06-13,8.29,8.29,8.37,8.19,168332,139269870.0,2.17,-0.24,-0.02,0.56
2019-06-14,8.29,8.13,8.39,8.1,244325,201321623.0,3.5,-1.93,-0.16,0.82
2019-06-17,8.16,8.3,8.32,8.13,181186,149797912.0,2.34,2.09,0.17,0.61
2019-06-18,8.34,8.28,8.39,8.23,125008,103741389.0,1.93,-0.24,-0.02,0.42
2019-06-19,8.45,8.27,8.48,8.26,157639,131721047.0,2.66,-0.12,-0.01,0.53
2019-06-20,8.26,8.43,8.52,8.25,215966,181625245.0,3.26,1.93,0.16,0.72
2019-06-21,8.42,8.41,8.56,8.33,231248,194917327.0,2.73,-0.24,-0.02,0.77
2019-06-24,8.41,8.39,8.53,8.36,164000,138000411.0,2.02,-0.24,-0.02,0.55
2019-06-25,8.39,8.28,8.42,8.19,206296,170742373.0,2.74,-1.31,-0.11,0.69
2019-06-26,8.06,8.09,8.18,8.0,148943,120337658.0,2.17,-2.29,-0.19,0.5
2019-06-27,8.09,8.02,8.11,7.99,145985,117238401.0,1.48,-0.87,-0.07,0.49
2019-06-28,8.03,7.94,8.07,7.91,102205,81758061.0,2.0,-1.0,-0.08,0.34
2019-07-01,8.08,8.12,8.13,8.01,160597,129672446.0,1.51,2.27,0.18,0.54
2019-07-02,8.11,8.35,8.37,8.06,318882,264093463.0,3.82,2.83,0.23,1.07
2019-07-03,8.34,8.32,8.39,8.21,151873,125872385.0,2.16,-0.36,-0.03,0.51
2019-07-04,8.32,8.27,8.37,8.22,96039,79520452.0,1.8,-0.6,-0.05,0.32
2019-07-05,8.27,8.25,8.33,8.19,87688,72298607.0,1.69,-0.24,-0.02,0.29
2019-07-08,8.28,8.01,8.29,7.98,141768,114605200.0,3.76,-2.91,-0.24,0.47
2019-07-09,8.04,8.0,8.06,7.96,67857,54236001.0,1.25,-0.12,-0.01,0.23
2019-07-10,8.02,7.83,8.06,7.79,121590,95912018.0,3.38,-2.13,-0.17,0.41
2019-07-11,7.89,8.04,8.06,7.86,145424,116226555.0,2.55,2.68,0.21,0.49
2019-07-12,8.08,7.97,8.09,7.94,90677,72488065.0,1.87,-0.87,-0.07,0.3
2019-07-15,7.99,8.04,8.1,7.84,107513,85977599.0,3.26,0.88,0.07,0.36
2019-07-16,8.07,8.05,8.13,8.01,81583,65891699.0,1.49,0.12,0.01,0.27
2019-07-17,8.09,8.05,8.1,8.0,87809,70636901.0,1.24,0.0,0.0,0.29
2019-07-18,8.02,7.91,8.02,7.9,77596,61553378.0,1.49,-1.74,-0.14,0.26
2019-07-19,7.95,7.95,8.04,7.92,85671,68330749.0,1.52,0.51,0.04,0.29
2019-07-22,7.98,7.84,8.0,7.81,74336,58477689.0,2.39,-1.38,-0.11,0.25
2019-07-23,7.84,7.83,7.94,7.79,94891,74242473.0,1.91,-0.13,-0.01,0.32
2019-07-24,7.86,7.92,7.98,7.84,73232,58027862.0,1.79,1.15,0.09,0.24
2019-07-25,7.91,7.98,8.02,7.9,83479,66473850.0,1.52,0.76,0.06,0.28
2019-07-26,7.97,8.01,8.02,7.93,80636,64388623.0,1.13,0.38,0.03,0.27
2019-07-29,8.03,7.99,8.03,7.93,62708,49994725.0,1.25,-0.25,-0.02,0.21
2019-07-30,8.04,8.07,8.25,7.98,212415,172193377.0,3.38,1.0,0.08,0.71
2019-07-31,8.1,8.24,8.32,8.07,307266,253033547.0,3.1,2.11,0.17,1.03
2019-08-01,8.23,8.18,8.29,8.18,160860,132359393.0,1.33,-0.73,-0.06,0.54
2019-08-02,8.0,8.28,8.32,7.98,244252,200880494.0,4.16,1.22,0.1,0.82
2019-08-05,8.24,8.14,8.35,8.1,169588,139492551.0,3.02,-1.69,-0.14,0.57
2019-08-06,8.05,7.98,8.15,7.93,184960,148321270.0,2.7,-1.97,-0.16,0.62
2019-08-07,8.0,8.16,8.31,7.98,204227,167009384.0,4.14,2.26,0.18,0.68
2019-08-08,8.22,8.24,8.34,8.17,191382,157977461.0,2.08,0.98,0.08,0.64
2019-08-09,8.26,8.2,8.31,8.12,148718,121928922.0,2.31,-0.49,-0.04,0.5
2019-08-12,8.22,8.14,8.23,8.04,160475,129918412.0,2.32,-0.73,-0.06,0.54
2019-08-13,8.06,7.69,8.08,7.64,275322,214762433.0,5.41,-5.53,-0.45,0.92
2019-08-14,7.78,7.56,7.79,7.53,234496,178642573.0,3.38,-1.69,-0.13,0.78
2019-08-15,7.42,7.33,7.42,7.16,315656,229210395.0,3.44,-3.04,-0.23,1.06
2019-08-16,7.27,7.3,7.38,7.24,185862,135987638.0,1.91,-0.41,-0.03,0.62
2019-08-19,7.33,7.5,7.52,7.31,229279,169573772.0,2.88,2.74,0.2,0.77
2019-08-20,7.51,7.6,7.72,7.48,246200,187562348.0,3.2,1.33,0.1,0.82
2019-08-21,7.56,7.57,7.65,7.52,128505,97404827.0,1.71,-0.39,-0.03,0.43
2019-08-22,7.59,7.57,7.61,7.49,122263,92285650.0,1.59,0.0,0.0,0.41
2019-08-23,7.57,7.52,7.62,7.5,73639,55606291.0,1.59,-0.66,-0.05,0.25
2019-08-26,7.41,7.41,7.47,7.36,126051,93324257.0,1.46,-1.46,-0.11,0.42
2019-08-27,7.44,7.45,7.59,7.42,149771,112515632.0,2.29,0.54,0.04,0.5
2019-08-28,7.5,7.49,7.53,7.32,165618,122976535.0,2.82,0.54,0.04,0.55
2019-08-29,7.45,7.37,7.48,7.35,136991,101273114.0,1.74,-1.6,-0.12,0.46
2019-08-30,7.41,7.41,7.45,7.35,124980,92428229.0,1.36,0.54,0.04,0.42
2019-09-02,7.42,7.6,7.63,7.41,228025,172649276.0,2.97,2.56,0.19,0.76
2019-09-03,7.61,7.59,7.64,7.56,98169,74501869.0,1.05,-0.13,-0.01,0.33
2019-09-04,7.6,7.72,7.72,7.56,150774,115458797.0,2.11,1.71,0.13,0.5
2019-09-05,7.76,7.7,7.81,7.67,218318,169010648.0,1.81,-0.26,-0.02,0.73
2019-09-06,7.73,7.71,7.74,7.58,151256,115693807.0,2.08,0.13,0.01,0.51
2019-09-09,7.72,7.74,7.81,7.64,167035,128619487.0,2.2,0.39,0.03,0.56
2019-09-10,7.68,7.71,7.76,7.67,116917,90158865.0,1.16,-0.39,-0.03,0.39
2019-09-11,7.7,7.72,7.8,7.67,147268,113791355.0,1.69,0.13,0.01,0.49
2019-09-12,7.76,7.78,7.82,7.73,156157,121452157.0,1.17,0.78,0.06,0.52
2019-09-16,7.92,7.81,7.95,7.77,162803,127893419.0,2.31,0.39,0.03,0.54
2019-09-17,7.82,7.66,7.84,7.59,124182,95470864.0,3.2,-1.92,-0.15,0.42
2019-09-18,7.66,7.66,7.71,7.61,83610,63896746.0,1.31,0.0,0.0,0.28
2019-09-19,7.66,7.63,7.66,7.56,77819,59086510.0,1.31,-0.39,-0.03,0.26
2019-09-20,7.63,7.53,7.64,7.5,135883,102490660.0,1.83,-1.31,-0.1,0.45
2019-09-23,7.54,7.42,7.54,7.35,121758,90059002.0,2.52,-1.46,-0.11,0.41
2019-09-24,7.4,7.38,7.45,7.37,117552,86972349.0,1.08,-0.54,-0.04,0.39
2019-09-25,7.37,7.26,7.37,7.23,128910,93928096.0,1.9,-1.63,-0.12,0.43
2019-09-26,7.29,7.29,7.37,7.28,146015,107085725.0,1.24,0.41,0.03,0.49
2019-09-27,7.35,7.33,7.38,7.29,96783,71033530.0,1.23,0.55,0.04,0.32
2019-09-30,7.34,7.24,7.36,7.2,90868,65938275.0,2.18,-1.23,-0.09,0.3
2019-10-08,7.25,7.24,7.29,7.21,65564,47593598.0,1.1,0.0,0.0,0.22
2019-10-09,7.25,7.38,7.39,7.21,116460,85365058.0,2.49,1.93,0.14,0.39
2019-10-10,7.38,7.39,7.43,7.33,66696,49213967.0,1.36,0.14,0.01,0.22
2019-10-11,7.41,7.4,7.42,7.35,72283,53371045.0,0.95,0.14,0.01,0.24
2019-10-14,7.42,7.45,7.49,7.41,96712,72118222.0,1.08,0.68,0.05,0.32
2019-10-15,7.46,7.37,7.46,7.37,87136,64444186.0,1.21,-1.07,-0.08,0.29
2019-10-16,7.39,7.28,7.43,7.25,98597,72256019.0,2.44,-1.22,-0.09,0.33
2019-10-17,7.29,7.28,7.31,7.25,51450,37453153.0,0.82,0.0,0.0,0.17
2019-10-18,7.3,7.23,7.32,7.12,95450,68779150.0,2.75,-0.69,-0.05,0.32
2019-10-21,7.18,7.18,7.2,7.12,75089,53728981.0,1.11,-0.69,-0.05,0.25
2019-10-22,7.18,7.24,7.25,7.15,61749,44474725.0,1.39,0.84,0.06,0.21
2019-10-23,7.24,7.17,7.26,7.16,54028,38878057.0,1.38,-0.97,-0.07,0.18
2019-10-24,7.18,7.24,7.25,7.16,47940,34581491.0,1.26,0.98,0.07,0.16
2019-10-25,7.23,7.3,7.3,7.17,58898,42651254.0,1.8,0.83,0.06,0.2
2019-10-28,7.29,7.33,7.35,7.26,70429,51472911.0,1.23,0.41,0.03,0.24
2019-10-29,7.33,7.3,7.35,7.28,71381,52163764.0,0.95,-0.41,-0.03,0.24
2019-10-30,7.26,7.18,7.28,7.16,71940,51739795.0,1.64,-1.64,-0.12,0.24
2019-10-31,7.16,7.01,7.19,6.94,169452,118839324.0,3.48,-2.37,-0.17,0.57
2019-11-01,6.99,7.01,7.02,6.87,114902,79871178.0,2.14,0.0,0.0,0.38
2019-11-04,7.02,6.92,7.03,6.89,149112,103283663.0,2.0,-1.28,-0.09,0.5
2019-11-05,6.93,6.95,6.98,6.89,125466,87017273.0,1.3,0.43,0.03,0.42
2019-11-06,6.96,6.82,6.96,6.8,158061,108396755.0,2.3,-1.87,-0.13,0.53
2019-11-07,6.81,6.85,6.86,6.79,91743,62567411.0,1.03,0.44,0.03,0.31
2019-11-08,6.87,6.82,6.89,6.82,76398,52237175.0,1.02,-0.44,-0.03,0.26
2019-11-11,6.83,6.63,6.84,6.62,128397,86155894.0,3.23,-2.79,-0.19,0.43
2019-11-12,6.62,6.65,6.66,6.58,81593,54093496.0,1.21,0.3,0.02,0.27
2019-11-13,6.65,6.59,6.65,6.57,59943,39521740.0,1.2,-0.9,-0.06,0.2
2019-11-14,6.59,6.61,6.63,6.57,64169,42374418.0,0.91,0.3,0.02,0.21
2019-11-15,6.61,6.55,6.62,6.54,58973,38752211.0,1.21,-0.91,-0.06,0.2
2019-11-18,6.55,6.65,6.68,6.52,81087,53557211.0,2.44,1.53,0.1,0.27
2019-11-19,6.6,6.7,6.7,6.6,89679,59746542.0,1.5,0.75,0.05,0.3
2019-11-20,6.69,6.82,6.88,6.65,191852,130743441.0,3.43,1.79,0.12,0.64
2019-11-21,6.78,6.84,6.85,6.73,76837,52299762.0,1.76,0.29,0.02,0.26
2019-11-22,6.85,6.94,6.96,6.78,162657,112072094.0,2.63,1.46,0.1,0.54
2019-11-25,6.98,7.17,7.21,6.96,315073,224771376.0,3.6,3.31,0.23,1.05
2019-11-26,7.17,6.99,7.17,6.99,184298,130060780.0,2.51,-2.51,-0.18,0.62
2019-11-27,7.03,7.0,7.07,6.92,130610,91222497.0,2.15,0.14,0.01,0.44
2019-11-28,6.97,6.88,6.97,6.85,99614,68646936.0,1.71,-1.71,-0.12,0.33
2019-11-29,6.9,6.92,6.95,6.81,112462,77518074.0,2.03,0.58,0.04,0.38
2019-12-02,6.87,6.84,6.93,6.81,93160,63884386.0,1.73,-1.16,-0.08,0.31
2019-12-03,6.82,6.82,6.84,6.73,87602,59318501.0,1.61,-0.29,-0.02,0.29
2019-12-04,6.78,6.77,6.82,6.74,75729,51260613.0,1.17,-0.73,-0.05,0.25
2019-12-05,6.79,6.78,6.79,6.74,103990,70373240.0,0.74,0.15,0.01,0.35
2019-12-06,6.78,6.77,6.78,6.72,76791,51804916.0,0.88,-0.15,-0.01,0.26
2019-12-09,6.78,6.96,6.97,6.74,200278,137830000.0,3.4,2.81,0.19,0.67
2019-12-10,6.9,6.92,6.95,6.85,112370,77499739.0,1.44,-0.57,-0.04,0.38
2019-12-11,6.94,6.94,6.98,6.86,111850,77298209.0,1.73,0.29,0.02,0.37
2019-12-12,6.9,6.8,6.92,6.78,131836,90056181.0,2.02,-2.02,-0.14,0.44
2019-12-13,6.83,6.91,6.93,6.83,127371,87663017.0,1.47,1.62,0.11,0.43
2019-12-16,6.96,7.01,7.02,6.85,170873,118904556.0,2.46,1.45,0.1,0.57
2019-12-17,7.0,7.08,7.13,6.96,160193,113005136.0,2.43,1.0,0.07,0.54
2019-12-18,7.09,7.04,7.12,7.02,126506,89388269.0,1.41,-0.56,-0.04,0.42
2019-12-19,7.05,7.11,7.13,7.03,103756,73441334.0,1.42,0.99,0.07,0.35
2019-12-20,7.11,7.04,7.14,7.04,111198,78685989.0,1.41,-0.98,-0.07,0.37
2019-12-23,7.03,6.93,7.07,6.93,90807,63673080.0,1.99,-1.56,-0.11,0.3
2019-12-24,6.94,7.04,7.04,6.88,87663,61031638.0,2.31,1.59,0.11,0.29
2019-12-25,7.02,6.97,7.02,6.92,100116,69779385.0,1.42,-0.99,-0.07,0.33
2019-12-26,6.96,7.03,7.04,6.94,85728,59933466.0,1.43,0.86,0.06,0.29
2019-12-27,7.03,7.09,7.22,7.02,193062,137414293.0,2.84,0.85,0.06,0.65
2019-12-30,7.05,7.24,7.26,7.02,208571,149609376.0,3.39,2.12,0.15,0.7
2019-12-31,7.21,7.26,7.27,7.15,141260,101850731.0,1.66,0.28,0.02,0.47
2020-01-02,7.31,7.26,7.36,7.24,207552,151639906.0,1.65,0.0,0.0,0.69
2020-01-03,7.27,7.26,7.3,7.22,116751,84661650.0,1.1,0.0,0.0,0.39
2020-01-06,7.25,7.28,7.33,7.22,165052,120180934.0,1.52,0.28,0.02,0.55
2020-01-07,7.28,7.4,7.5,7.27,300891,222557751.0,3.16,1.65,0.12,1.01
2020-01-08,7.35,7.27,7.38,7.2,247031,179677566.0,2.43,-1.76,-0.13,0.83
2020-01-09,7.3,7.25,7.34,7.23,155208,112674945.0,1.51,-0.28,-0.02,0.52
2020-01-10,7.24,7.2,7.26,7.19,139227,100496608.0,0.97,-0.69,-0.05,0.47
2020-01-13,7.2,7.16,7.21,7.1,149783,106876874.0,1.53,-0.56,-0.04,0.5
2020-01-14,7.16,7.2,7.27,7.16,170576,122935992.0,1.54,0.56,0.04,0.57
2020-01-15,7.2,7.09,7.2,7.07,113919,81101608.0,1.81,-1.53,-0.11,0.38
2020-01-16,7.09,7.08,7.12,7.05,77595,55002444.0,0.99,-0.14,-0.01,0.26
2020-01-17,7.09,7.09,7.15,7.05,66939,47525154.0,1.41,0.14,0.01,0.22
2020-01-20,7.09,7.11,7.14,7.05,102643,72747906.0,1.27,0.28,0.02,0.34
2020-01-21,7.09,6.99,7.09,6.95,124683,87295428.0,1.97,-1.69,-0.12,0.42
2020-01-22,6.96,6.96,6.98,6.89,100604,69771266.0,1.29,-0.43,-0.03,0.34
2020-01-23,6.94,6.7,6.94,6.66,176266,119208487.0,4.02,-3.74,-0.26,0.59
2020-02-03,6.03,6.03,6.09,6.03,147635,89092229.0,0.9,-10.0,-0.67,0.49
2020-02-04,5.83,6.0,6.1,5.82,245364,146492481.0,4.64,-0.5,-0.03,0.82
2020-02-05,6.01,6.05,6.15,5.96,128570,78086079.0,3.17,0.83,0.05,0.43
2020-02-06,6.14,6.23,6.24,6.08,172985,106210419.0,2.64,2.98,0.18,0.58
2020-02-07,6.19,6.2,6.22,6.13,114906,70954060.0,1.44,-0.48,-0.03,0.38
2020-02-10,6.15,6.34,6.38,6.12,176220,111266568.0,4.19,2.26,0.14,0.59
2020-02-11,6.35,6.36,6.51,6.31,181236,115995165.0,3.15,0.32,0.02,0.61
2020-02-12,6.32,6.38,6.38,6.28,142981,90605480.0,1.57,0.31,0.02,0.48
2020-02-13,6.39,6.32,6.44,6.3,113753,72201165.0,2.19,-0.94,-0.06,0.38
2020-02-14,6.31,6.35,6.35,6.29,79858,50514526.0,0.95,0.47,0.03,0.27
2020-02-17,6.35,6.48,6.48,6.33,129198,82886842.0,2.36,2.05,0.13,0.43
2020-02-18,6.48,6.44,6.53,6.39,159847,102854253.0,2.16,-0.62,-0.04,0.53
2020-02-19,6.43,6.37,6.48,6.36,159294,102044813.0,1.86,-1.09,-0.07,0.53
2020-02-20,6.38,6.45,6.46,6.33,176991,113228319.0,2.04,1.26,0.08,0.59
2020-02-21,6.44,6.44,6.48,6.4,188820,121568621.0,1.24,-0.16,-0.01,0.63
2020-02-24,6.4,6.32,6.42,6.29,203571,128896162.0,2.02,-1.86,-0.12,0.68
2020-02-25,6.2,6.18,6.23,6.09,256792,158178038.0,2.22,-2.22,-0.14,0.86
2020-02-26,6.12,6.31,6.37,6.1,261446,164090972.0,4.37,2.1,0.13,0.87
2020-02-27,6.26,6.29,6.36,6.25,138920,87568722.0,1.74,-0.32,-0.02,0.46
2020-02-28,6.17,6.06,6.2,6.03,207215,126370420.0,2.7,-3.66,-0.23,0.69
2020-03-02,6.09,6.38,6.42,6.09,272503,172313926.0,5.45,5.28,0.32,0.91
2020-03-03,6.47,6.33,6.49,6.29,255978,163299535.0,3.13,-0.78,-0.05,0.86
2020-03-04,6.3,6.43,6.44,6.28,199745,127333601.0,2.53,1.58,0.1,0.67
2020-03-05,6.47,6.54,6.58,6.45,258372,168625775.0,2.02,1.71,0.11,0.86
2020-03-06,6.47,6.4,6.51,6.38,232463,149275577.0,1.99,-2.14,-0.14,0.78
2020-03-09,6.25,6.18,6.26,6.16,205805,127738779.0,1.56,-3.44,-0.22,0.69
2020-03-10,6.1,6.29,6.34,6.1,216018,134422692.0,3.88,1.78,0.11,0.72
2020-03-11,6.31,6.21,6.31,6.2,113877,71181502.0,1.75,-1.27,-0.08,0.38
2020-03-12,6.14,6.14,6.19,6.1,132710,81313820.0,1.45,-1.13,-0.07,0.44
2020-03-13,5.99,6.02,6.07,5.87,282324,168273489.0,3.26,-1.95,-0.12,0.94
2020-03-16,6.05,5.94,6.06,5.92,157711,94588456.0,2.33,-1.33,-0.08,0.53
2020-03-17,5.95,5.93,6.02,5.84,123556,73146924.0,3.03,-0.17,-0.01,0.41
2020-03-18,5.94,5.87,6.01,5.87,105794,62722672.0,2.36,-1.01,-0.06,0.35
2020-03-19,5.83,5.75,5.9,5.64,188077,108190574.0,4.43,-2.04,-0.12,0.63
2020-03-20,5.81,5.8,5.85,5.72,91888,53111712.0,2.26,0.87,0.05,0.31
2020-03-23,5.71,5.64,5.73,5.62,104351,59210434.0,1.9,-2.76,-0.16,0.35
2020-03-24,5.7,5.75,5.78,5.66,106840,61171368.0,2.13,1.95,0.11,0.36
2020-03-25,5.84,5.81,5.85,5.78,92655,53904513.0,1.22,1.04,0.06,0.31
2020-03-26,5.8,5.81,5.83,5.76,63067,36528846.0,1.2,0.0,0.0,0.21
2020-03-27,5.84,5.82,5.89,5.79,79369,46340581.0,1.72,0.17,0.01,0.27
2020-03-30,5.8,5.89,5.93,5.75,135384,79231786.0,3.09,1.2,0.07,0.45
2020-03-31,5.92,5.83,5.94,5.79,84205,49419398.0,2.55,-1.02,-0.06,0.28
2020-04-01,5.78,5.78,5.85,5.74,83744,48523728.0,1.89,-0.86,-0.05,0.28
2020-04-02,5.78,5.84,5.84,5.73,98021,56735096.0,1.9,1.04,0.06,0.33
2020-04-03,5.84,5.8,5.84,5.76,80187,46393286.0,1.37,-0.68,-0.04,0.27
2020-04-07,5.85,5.87,5.9,5.84,103561,60869215.0,1.03,1.21,0.07,0.35
2020-04-08,5.85,5.89,5.95,5.83,126323,74514105.0,2.04,0.34,0.02,0.42
2020-04-09,5.91,5.87,5.96,5.87,82610,48771851.0,1.53,-0.34,-0.02,0.28
2020-04-10,5.87,5.86,5.92,5.84,72915,42873794.0,1.36,-0.17,-0.01,0.24
2020-04-13,5.87,5.82,5.89,5.79,47985,27950785.0,1.71,-0.68,-0.04,0.16
2020-04-14,5.85,5.9,5.93,5.81,74387,43805921.0,2.06,1.37,0.08,0.25
2020-04-15,5.9,5.88,5.92,5.84,57855,34010814.0,1.36,-0.34,-0.02,0.19
2020-04-16,5.87,5.87,5.91,5.84,65621,38530265.0,1.19,-0.17,-0.01,0.22
2020-04-17,5.87,5.89,5.91,5.86,58639,34534280.0,0.85,0.34,0.02,0.2
2020-04-20,5.88,5.94,5.94,5.86,96912,57146934.0,1.36,0.85,0.05,0.32
2020-04-21,5.92,5.74,5.93,5.7,159791,92100892.0,3.87,-3.37,-0.2,0.53
2020-04-22,5.71,5.72,5.79,5.65,132445,75541276.0,2.44,-0.35,-0.02,0.44
2020-04-23,5.72,5.66,5.72,5.66,93846,53339427.0,1.05,-1.05,-0.06,0.31
2020-04-24,5.67,5.64,5.7,5.59,89259,50346469.0,1.94,-0.35,-0.02,0.3
2020-04-27,5.63,5.61,5.69,5.6,67984,38380288.0,1.6,-0.53,-0.03,0.23
2020-04-28,5.6,5.48,5.63,5.4,121465,66837914.0,4.1,-2.32,-0.13,0.41
2020-04-29,5.48,5.56,5.58,5.48,60173,33346181.0,1.82,1.46,0.08,0.2
2020-04-30,5.6,5.68,5.7,5.57,85162,48143858.0,2.34,2.16,0.12,0.28
2020-05-06,5.66,5.71,5.73,5.63,112197,63917922.0,1.76,0.53,0.03,0.38
2020-05-07,5.71,5.6,5.73,5.57,118568,66717630.0,2.8,-1.93,-0.11,0.4
2020-05-08,5.61,5.69,5.7,5.6,126470,71537344.0,1.79,1.61,0.09,0.42
2020-05-11,5.69,5.64,5.76,5.63,127036,72232395.0,2.28,-0.88,-0.05,0.42
2020-05-12,5.63,5.56,5.65,5.5,154439,86007320.0,2.66,-1.42,-0.08,0.52
2020-05-13,5.56,5.53,5.56,5.5,121467,67064058.0,1.08,-0.54,-0.03,0.41
2020-05-14,5.51,5.46,5.52,5.43,165369,90308654.0,1.63,-1.27,-0.07,0.55
2020-05-15,5.47,5.46,5.5,5.44,93221,50998913.0,1.1,0.0,0.0,0.31
2020-05-18,5.48,5.54,5.6,5.45,168394,93103927.0,2.75,1.47,0.08,0.56
2020-05-19,5.6,5.63,5.72,5.59,222132,125656042.0,2.35,1.62,0.09,0.74
2020-05-20,5.62,5.59,5.73,5.55,177213,99803522.0,3.2,-0.71,-0.04,0.59
2020-05-21,5.59,5.52,5.62,5.5,129713,72014015.0,2.15,-1.25,-0.07,0.43
2020-05-22,5.52,5.42,5.53,5.41,160773,87628074.0,2.17,-1.81,-0.1,0.54
2020-05-25,5.41,5.47,5.5,5.4,119056,64868598.0,1.85,0.92,0.05,0.4
2020-05-26,5.49,5.51,5.51,5.43,124765,68166588.0,1.46,0.73,0.04,0.42
2020-05-27,5.48,5.6,5.66,5.46,212629,118488192.0,3.63,1.63,0.09,0.71
2020-05-28,5.6,5.57,5.64,5.54,126189,70407451.0,1.79,-0.54,-0.03,0.42
2020-05-29,5.56,5.55,5.6,5.53,121123,67213529.0,1.26,-0.36,-0.02,0.4
2020-06-01,5.57,5.62,5.63,5.54,174585,97709361.0,1.62,1.26,0.07,0.58
2020-06-02,5.61,5.66,5.66,5.6,144096,81106576.0,1.07,0.71,0.04,0.48
2020-06-03,5.66,5.61,5.7,5.61,201141,113378270.0,1.59,-0.88,-0.05,0.67
2020-06-04,5.62,5.58,5.63,5.56,122914,68615904.0,1.25,-0.53,-0.03,0.41
2020-06-05,5.58,5.58,5.59,5.53,125459,69743123.0,1.08,0.0,0.0,0.42
2020-06-08,5.6,5.62,5.64,5.59,145835,81915306.0,0.9,0.72,0.04,0.49
2020-06-09,5.63,5.6,5.63,5.58,145453,81530666.0,0.89,-0.36,-0.02,0.49
2020-06-10,5.61,5.54,5.61,5.53,112660,62534221.0,1.43,-1.07,-0.06,0.38
2020-06-11,5.54,5.47,5.54,5.46,140690,77414403.0,1.44,-1.26,-0.07,0.47
2020-06-12,5.41,5.46,5.47,5.4,120948,65738609.0,1.28,-0.18,-0.01,0.4
2020-06-15,5.44,5.42,5.47,5.42,111436,60632377.0,0.92,-0.73,-0.04,0.37
2020-06-16,5.45,5.5,5.51,5.45,105906,58045723.0,1.11,1.48,0.08,0.35
2020-06-17,5.5,5.53,5.57,5.48,115225,63757407.0,1.64,0.55,0.03,0.39
2020-06-18,5.55,6.07,6.08,5.52,856327,501766384.0,10.13,9.76,0.54,2.86
2020-06-19,5.98,5.99,6.05,5.9,463914,277212960.0,2.47,-1.32,-0.08,1.55
2020-06-22,5.99,5.84,6.04,5.83,333968,197539222.0,3.51,-2.5,-0.15,1.12
2020-06-23,5.84,5.86,5.92,5.78,231813,135303707.0,2.4,0.34,0.02,0.77
2020-06-24,5.87,5.85,6.04,5.83,338660,199740454.0,3.58,-0.17,-0.01,1.13
2020-06-29,5.61,5.52,5.61,5.51,186220,103357253.0,1.71,-5.64,-0.33,0.62
2020-06-30,5.54,5.57,5.59,5.53,93442,51950832.0,1.09,0.91,0.05,0.31
2020-07-01,5.58,5.68,5.7,5.57,177835,100456386.0,2.33,1.97,0.11,0.59
2020-07-02,5.71,5.92,5.96,5.66,469514,273065184.0,5.28,4.23,0.24,1.57
2020-07-03,5.95,6.45,6.51,5.92,1027315,654927440.0,9.97,8.95,0.53,3.43
2020-07-06,6.59,6.9,6.99,6.39,1133841,755175728.0,9.3,6.98,0.45,3.79
2020-07-07,6.92,6.61,6.96,6.54,888286,595120064.0,6.09,-4.2,-0.29,2.97
2020-07-08,6.54,6.72,6.82,6.48,614066,409375136.0,5.14,1.66,0.11,2.05
2020-07-09,6.66,6.98,7.04,6.56,737188,499549280.0,7.14,3.87,0.26,2.46
2020-07-10,6.83,6.6,6.83,6.55,466170,313086000.0,4.01,-5.44,-0.38,1.56
2020-07-13,6.52,6.71,6.76,6.52,444377,296279696.0,3.64,1.67,0.11,1.49
2020-07-14,6.69,7.22,7.38,6.58,754693,523747440.0,11.92,7.6,0.51,2.52
2020-07-15,7.03,6.82,7.16,6.74,670262,465955104.0,5.82,-5.54,-0.4,2.24
2020-07-16,6.8,6.51,6.89,6.5,405628,272316512.0,5.72,-4.55,-0.31,1.36
2020-07-17,6.56,6.55,6.66,6.44,293751,192394773.0,3.38,0.61,0.04,0.98
2020-07-20,6.64,6.8,6.86,6.53,480375,322159392.0,5.04,3.82,0.25,1.61
2020-07-21,6.76,6.66,6.81,6.62,322208,215369617.0,2.79,-2.06,-0.14,1.08
2020-07-22,6.7,6.6,6.76,6.58,330610,220253635.0,2.7,-0.9,-0.06,1.11
2020-07-23,6.54,6.53,6.58,6.36,309263,200460627.0,3.33,-1.06,-0.07,1.03
2020-07-24,6.49,6.27,6.64,6.25,327013,210738027.0,5.97,-3.98,-0.26,1.09
2020-07-27,6.32,6.26,6.35,6.16,154248,96277632.0,3.03,-0.16,-0.01,0.52
2020-07-28,6.32,6.31,6.47,6.24,186723,118646552.0,3.67,0.8,0.05,0.62
2020-07-29,6.3,6.39,6.39,6.22,191865,121427617.0,2.69,1.27,0.08,0.64
2020-07-30,6.43,6.4,6.53,6.36,197277,126814105.0,2.66,0.16,0.01,0.66
2020-07-31,6.38,6.37,6.46,6.32,204695,130529640.0,2.19,-0.47,-0.03,0.68
2020-08-03,6.41,6.54,6.55,6.38,271061,175923776.0,2.67,2.67,0.17,0.91
2020-08-04,6.54,6.46,6.54,6.43,208561,134939756.0,1.68,-1.22,-0.08,0.7
2020-08-05,6.43,6.4,6.48,6.32,193729,123593215.0,2.48,-0.93,-0.06,0.65
2020-08-06,6.4,6.36,6.42,6.27,231986,146865251.0,2.34,-0.63,-0.04,0.78
2020-08-07,6.35,6.25,6.4,6.2,187532,118020160.0,3.14,-1.73,-0.11,0.63
2020-08-10,6.18,6.3,6.34,6.18,148369,93059316.0,2.56,0.8,0.05,0.5
2020-08-11,6.3,6.17,6.35,6.15,185834,116337241.0,3.17,-2.06,-0.13,0.62
2020-08-12,6.17,6.28,6.31,6.13,259491,160963896.0,2.92,1.78,0.11,0.87
2020-08-13,6.29,6.31,6.42,6.26,204248,129541875.0,2.55,0.48,0.03,0.68
2020-08-14,6.31,6.3,6.32,6.23,138381,86893636.0,1.43,-0.16,-0.01,0.46
2020-08-17,6.32,6.46,6.52,6.28,315278,202731362.0,3.81,2.54,0.16,1.05
2020-08-18,6.47,6.56,6.7,6.44,448691,295797248.0,4.02,1.55,0.1,1.5
2020-08-19,6.53,6.53,6.69,6.47,324453,213670133.0,3.35,-0.46,-0.03,1.08
2020-08-20,6.53,6.43,6.59,6.38,232489,149997548.0,3.22,-1.53,-0.1,0.78
2020-08-21,6.41,6.4,6.44,6.35,181997,116317278.0,1.4,-0.47,-0.03,0.61
2020-08-24,6.44,6.35,6.44,6.3,117591,74689835.0,2.19,-0.78,-0.05,0.39
2020-08-25,6.37,6.28,6.38,6.26,127096,80100980.0,1.89,-1.1,-0.07,0.42
2020-08-26,6.28,6.21,6.3,6.2,117759,73468399.0,1.59,-1.11,-0.07,0.39
2020-08-27,6.25,6.26,6.28,6.2,68947,43101269.0,1.29,0.81,0.05,0.23
2020-08-28,6.27,6.33,6.35,6.22,119114,75015403.0,2.08,1.12,0.07,0.4
2020-08-31,6.33,6.3,6.42,6.3,141177,89845813.0,1.9,-0.47,-0.03,0.47
2020-09-01,6.34,6.4,6.4,6.31,111321,70812637.0,1.43,1.59,0.1,0.37
2020-09-02,6.38,6.37,6.4,6.28,105560,66969016.0,1.88,-0.47,-0.03,0.35
2020-09-03,6.37,6.4,6.55,6.35,201472,129914300.0,3.14,0.47,0.03,0.67
2020-09-04,6.33,6.32,6.35,6.28,102162,64492245.0,1.09,-1.25,-0.08,0.34
2020-09-07,6.31,6.29,6.4,6.26,101191,63964199.0,2.22,-0.47,-0.03,0.34
2020-09-08,6.28,6.42,6.44,6.26,179034,114130479.0,2.86,2.07,0.13,0.6
2020-09-09,6.38,6.39,6.5,6.34,216209,139160947.0,2.49,-0.47,-0.03,0.72
2020-09-10,6.44,6.35,6.55,6.28,209577,134423868.0,4.23,-0.63,-0.04,0.7
2020-09-11,6.27,6.23,6.3,6.16,161011,100114994.0,2.2,-1.89,-0.12,0.54
2020-09-14,6.24,6.17,6.27,6.13,125958,77852017.0,2.25,-0.96,-0.06,0.42
2020-09-15,6.18,6.21,6.22,6.13,82040,50689919.0,1.46,0.65,0.04,0.27
2020-09-16,6.2,6.21,6.26,6.15,81652,50707258.0,1.77,0.0,0.0,0.27
2020-09-17,6.19,6.18,6.27,6.15,96941,60158511.0,1.93,-0.48,-0.03,0.32
2020-09-18,6.19,6.37,6.46,6.17,255884,161931603.0,4.69,3.07,0.19,0.86
2020-09-21,6.41,6.42,6.48,6.35,216749,139028465.0,2.04,0.78,0.05,0.72
2020-09-22,6.38,6.24,6.38,6.22,146688,92523936.0,2.49,-2.8,-0.18,0.49
2020-09-23,6.3,6.23,6.31,6.22,93398,58355368.0,1.44,-0.16,-0.01,0.31
2020-09-24,6.18,6.12,6.21,6.11,127717,78395354.0,1.61,-1.77,-0.11,0.43
2020-09-25,6.15,6.13,6.24,6.12,97025,59843706.0,1.96,0.16,0.01,0.32
2020-09-28,6.18,6.33,6.42,6.18,272638,172180153.0,3.92,3.26,0.2,0.91
2020-09-29,6.36,6.26,6.37,6.25,172799,108667776.0,1.9,-1.11,-0.07,0.58
2020-09-30,6.25,6.1,6.28,6.04,237950,145771745.0,3.83,-2.56,-0.16,0.8
2020-10-09,6.17,6.4,6.46,6.16,379184,240730719.0,4.92,4.92,0.3,1.27
2020-10-12,6.41,6.48,6.53,6.38,319086,206302520.0,2.34,1.25,0.08,1.07
2020-10-13,6.53,6.48,6.58,6.43,228433,148370855.0,2.31,0.0,0.0,0.76
2020-10-14,6.46,6.38,6.48,6.35,161466,103289971.0,2.01,-1.54,-0.1,0.54
2020-10-15,6.38,6.49,6.71,6.35,416982,272412864.0,5.64,1.72,0.11,1.39
2020-10-16,6.46,6.7,6.78,6.43,569959,379693072.0,5.39,3.24,0.21,1.91
2020-10-19,6.66,6.45,6.66,6.44,397247,259852763.0,3.28,-3.73,-0.25,1.33
2020-10-20,6.42,6.41,6.46,6.37,218712,139861867.0,1.4,-0.62,-0.04,0.73
2020-10-21,6.39,6.3,6.4,6.26,195830,123595731.0,2.18,-1.72,-0.11,0.65
2020-10-22,6.3,6.31,6.35,6.26,136464,86069424.0,1.43,0.16,0.01,0.46
2020-10-23,6.29,6.27,6.34,6.23,133130,83743022.0,1.74,-0.63,-0.04,0.45
2020-10-26,6.24,6.24,6.27,6.21,95206,59399780.0,0.96,-0.48,-0.03,0.32
2020-10-27,6.22,6.25,6.26,6.18,88620,55150554.0,1.28,0.16,0.01,0.3
2020-10-28,6.22,6.26,6.26,6.16,107174,66444021.0,1.6,0.16,0.01,0.36
2020-10-29,6.19,6.2,6.24,6.15,72140,44737900.0,1.44,-0.96,-0.06,0.24
2020-10-30,6.12,5.88,6.13,5.86,345950,207710867.0,4.35,-5.16,-0.32,1.16
2020-11-02,5.91,5.8,5.94,5.78,143669,83985050.0,2.72,-1.36,-0.08,0.48
2020-11-03,5.82,5.92,5.94,5.82,98004,57751526.0,2.07,2.07,0.12,0.33
2020-11-04,5.93,5.94,5.98,5.88,92987,55179826.0,1.69,0.34,0.02,0.31
2020-11-05,5.95,5.96,5.98,5.91,115331,68595412.0,1.18,0.34,0.02,0.39
2020-11-06,5.98,5.96,6.03,5.94,109569,65469729.0,1.51,0.0,0.0,0.37
2020-11-09,5.98,6.06,6.12,5.97,240193,145555347.0,2.52,1.68,0.1,0.8
2020-11-10,6.08,6.03,6.12,6.0,159589,96680038.0,1.98,-0.5,-0.03,0.53
2020-11-11,6.02,6.11,6.19,5.99,322081,197291314.0,3.32,1.33,0.08,1.08
2020-11-12,6.1,6.07,6.1,6.02,151560,91818031.0,1.31,-0.65,-0.04,0.51
2020-11-13,6.05,6.03,6.07,5.91,174354,104408210.0,2.64,-0.66,-0.04,0.58
2020-11-16,6.01,6.33,6.35,6.01,507978,317324864.0,5.64,4.98,0.3,1.7
2020-11-17,6.32,6.33,6.42,6.27,392640,249458171.0,2.37,0.0,0.0,1.31
2020-11-18,6.33,6.39,6.47,6.25,302464,192735248.0,3.48,0.95,0.06,1.01
2020-11-19,6.36,6.35,6.44,6.27,206109,130286259.0,2.66,-0.63,-0.04,0.69
2020-11-20,6.33,6.45,6.46,6.26,291087,185755301.0,3.15,1.57,0.1,0.97
2020-11-23,6.48,6.89,6.92,6.45,1035928,696957392.0,7.29,6.82,0.44,3.46
2020-11-24,6.8,6.77,6.84,6.65,531228,358292112.0,2.76,-1.74,-0.12,1.78
2020-11-25,6.81,6.66,6.9,6.65,426869,288499232.0,3.69,-1.62,-0.11,1.43
2020-11-26,6.62,6.64,6.72,6.56,280036,185522991.0,2.4,-0.3,-0.02,0.94
2020-11-27,6.69,6.68,6.74,6.52,315677,208984956.0,3.31,0.6,0.04,1.06
2020-11-30,6.68,6.57,6.83,6.57,475292,319104432.0,3.89,-1.65,-0.11,1.59
2020-12-01,6.7,6.66,6.74,6.58,405487,269616416.0,2.44,1.37,0.09,1.36
2020-12-02,6.68,6.77,6.84,6.67,484793,327429904.0,2.55,1.65,0.11,1.62
2020-12-03,6.77,6.52,6.77,6.48,432788,284486432.0,4.28,-3.69,-0.25,1.45
2020-12-04,6.48,6.52,6.54,6.42,194579,126191366.0,1.84,0.0,0.0,0.65
2020-12-07,6.55,6.4,6.63,6.38,271239,176496796.0,3.83,-1.84,-0.12,0.91
2020-12-08,6.4,6.38,6.45,6.36,183518,117404243.0,1.41,-0.31,-0.02,0.61
2020-12-09,6.43,6.45,6.6,6.42,355329,231093425.0,2.82,1.1,0.07,1.19
2020-12-10,6.52,6.47,6.57,6.41,266118,172628066.0,2.48,0.31,0.02,0.89
2020-12-11,6.6,6.4,6.69,6.38,394444,257399220.0,4.79,-1.08,-0.07,1.32
2020-12-14,6.33,6.05,6.33,6.01,373206,228002369.0,5.0,-5.47,-0.35,1.25
2020-12-15,6.05,6.06,6.1,5.99,154268,93308339.0,1.82,0.17,0.01,0.52
2020-12-16,6.1,6.05,6.18,6.05,126465,77108646.0,2.15,-0.17,-0.01,0.42
2020-12-17,6.06,6.22,6.28,6.02,287816,177879932.0,4.3,2.81,0.17,0.96
2020-12-18,6.31,6.74,6.8,6.31,964975,640535936.0,7.88,8.36,0.52,3.23
2020-12-21,6.78,6.84,6.89,6.65,642095,435460896.0,3.56,1.48,0.1,2.15
2020-12-22,6.78,6.54,6.85,6.54,497022,332569424.0,4.53,-4.39,-0.3,1.66
2020-12-23,6.56,6.62,6.77,6.54,375445,250401077.0,3.52,1.22,0.08,1.26
2020-12-24,6.68,6.64,6.75,6.54,285339,189744781.0,3.17,0.3,0.02,0.95
2020-12-25,6.63,6.81,6.91,6.51,534069,362121280.0,6.02,2.56,0.17,1.79
2020-12-28,6.85,6.82,6.94,6.74,492872,336935584.0,2.94,0.15,0.01,1.65
2020-12-29,6.83,6.48,6.83,6.46,363308,239692825.0,5.43,-4.99,-0.34,1.21
2020-12-30,6.45,6.55,6.75,6.42,333315,219834464.0,5.09,1.08,0.07,1.11
2020-12-31,6.56,6.5,6.61,6.4,326383,212147251.0,3.21,-0.76,-0.05,1.09
2021-01-04,6.51,6.65,6.73,6.42,449383,298593184.0,4.77,2.31,0.15,1.5
2021-01-05,6.65,6.47,6.68,6.36,378046,243354575.0,4.81,-2.71,-0.18,1.26
2021-01-06,6.45,6.35,6.53,6.3,279924,178634607.0,3.55,-1.85,-0.12,0.94
2021-01-07,6.37,6.47,6.61,6.35,451910,292437680.0,4.09,1.89,0.12,1.51
2021-01-08,6.47,6.36,6.58,6.32,411355,264754464.0,4.02,-1.7,-0.11,1.38
2021-01-11,6.3,6.09,6.31,6.07,385602,237366486.0,3.77,-4.25,-0.27,1.29
2021-01-12,6.09,6.12,6.15,6.05,346740,211457984.0,1.64,0.49,0.03,1.16
2021-01-13,6.13,6.12,6.22,6.03,269733,164955200.0,3.1,0.0,0.0,0.9
2021-01-14,6.11,6.01,6.14,6.0,263716,159951648.0,2.29,-1.8,-0.11,0.88
2021-01-15,6.04,6.08,6.12,6.02,207086,125776349.0,1.66,1.16,0.07,0.69
2021-01-18,6.06,6.08,6.18,6.04,282864,172586573.0,2.3,0.0,0.0,0.95
2021-01-19,6.08,6.07,6.18,6.04,247880,151074142.0,2.3,-0.16,-0.01,0.83
2021-01-20,6.07,6.01,6.09,5.99,207986,125292736.0,1.65,-0.99,-0.06,0.7
2021-01-21,6.02,6.01,6.14,6.0,471337,285860896.0,2.33,0.0,0.0,1.58
2021-01-22,6.05,5.84,6.05,5.82,368975,217827906.0,3.83,-2.83,-0.17,1.23
2021-01-25,5.81,5.78,5.82,5.71,223219,128597898.0,1.88,-1.03,-0.06,0.75
2021-01-26,5.72,5.8,5.89,5.72,189796,110023506.0,2.94,0.35,0.02,0.63
2021-01-27,5.81,5.78,5.9,5.76,181272,105573938.0,2.41,-0.34,-0.02,0.61
2021-01-28,5.72,5.62,5.75,5.59,220076,124417257.0,2.77,-2.77,-0.16,0.74
2021-01-29,5.64,5.46,5.65,5.44,230867,127700294.0,3.74,-2.85,-0.16,0.77
2021-02-01,5.47,5.48,5.52,5.41,142983,78043134.0,2.01,0.37,0.02,0.48
2021-02-02,5.49,5.41,5.51,5.39,148304,80389650.0,2.19,-1.28,-0.07,0.5
2021-02-03,5.42,5.44,5.46,5.31,164203,88530263.0,2.77,0.55,0.03,0.55
2021-02-04,5.41,5.41,5.47,5.33,140294,75540741.0,2.57,-0.55,-0.03,0.47
2021-02-05,5.42,5.33,5.45,5.33,104809,56297538.0,2.22,-1.48,-0.08,0.35
2021-02-08,5.33,5.35,5.41,5.32,153076,81939106.0,1.69,0.38,0.02,0.51
2021-02-09,5.35,5.39,5.41,5.28,171677,91970955.0,2.43,0.75,0.04,0.57
2021-02-10,5.44,5.42,5.46,5.36,189030,102331752.0,1.86,0.56,0.03,0.63
2021-02-18,5.52,5.73,5.79,5.52,415978,236267866.0,4.98,5.72,0.31,1.39
2021-02-19,5.7,5.86,5.89,5.67,374171,216626872.0,3.84,2.27,0.13,1.25
2021-02-22,5.88,6.05,6.24,5.87,578450,351557072.0,6.31,3.24,0.19,1.93
2021-02-23,6.0,5.86,6.03,5.84,354567,210445461.0,3.14,-3.14,-0.19,1.19
2021-02-24,5.87,5.81,5.95,5.8,206647,121146179.0,2.56,-0.85,-0.05,0.69
2021-02-25,5.88,5.87,6.01,5.86,201701,119477979.0,2.58,1.03,0.06,0.67
2021-02-26,5.75,5.73,5.84,5.72,202830,116981449.0,2.04,-2.39,-0.14,0.68
2021-03-01,5.77,5.86,5.89,5.73,238332,138481631.0,2.79,2.27,0.13,0.8
2021-03-02,5.86,5.86,6.0,5.79,250231,147553166.0,3.58,0.0,0.0,0.84
2021-03-03,5.85,6.01,6.06,5.82,401683,240083666.0,4.1,2.56,0.15,1.34
2021-03-04,5.99,6.04,6.1,5.96,344843,207957548.0,2.33,0.5,0.03,1.15
2021-03-05,5.98,5.92,6.06,5.87,257436,152647622.0,3.15,-1.99,-0.12,0.86
2021-03-08,5.96,5.98,6.07,5.96,285750,171949068.0,1.86,1.01,0.06,0.96
2021-03-09,6.0,6.03,6.12,5.86,357165,214722884.0,4.35,0.84,0.05,1.19
2021-03-10,6.01,5.94,6.12,5.93,231059,138942830.0,3.15,-1.49,-0.09,0.77
2021-03-11,5.91,6.1,6.12,5.9,292200,176583184.0,3.7,2.69,0.16,0.98
2021-03-12,6.09,6.14,6.25,6.03,340065,208446971.0,3.61,0.66,0.04,1.14
2021-03-15,6.1,6.21,6.26,6.07,301137,186435016.0,3.09,1.14,0.07,1.01
2021-03-16,6.17,6.11,6.19,6.03,251174,153298537.0,2.58,-1.61,-0.1,0.84
2021-03-17,6.1,6.11,6.11,5.97,304030,183686882.0,2.29,0.0,0.0,1.02
2021-03-18,6.06,6.0,6.09,5.99,210306,126906434.0,1.64,-1.8,-0.11,0.7
2021-03-19,5.96,5.94,6.04,5.9,207259,123231329.0,2.33,-1.0,-0.06,0.69
2021-03-22,5.94,5.97,6.04,5.91,190262,113648008.0,2.19,0.51,0.03,0.64
2021-03-23,6.08,5.88,6.1,5.87,257283,153115824.0,3.85,-1.51,-0.09,0.86
2021-03-24,5.81,5.96,5.99,5.8,228250,134700031.0,3.23,1.36,0.08,0.76
2021-03-25,5.94,6.0,6.07,5.91,202429,121479573.0,2.68,0.67,0.04,0.68
2021-03-26,5.98,5.96,6.01,5.93,120666,72017675.0,1.33,-0.67,-0.04,0.4
2021-03-29,6.04,6.2,6.28,6.04,436918,269445264.0,4.03,4.03,0.24,1.46
2021-03-30,6.2,6.13,6.2,6.07,222511,136036413.0,2.1,-1.13,-0.07,0.74
2021-03-31,6.1,6.13,6.17,6.09,148024,90646501.0,1.31,0.0,0.0,0.49
2021-04-01,6.12,6.14,6.16,6.04,151384,92239063.0,1.96,0.16,0.01,0.51
2021-04-02,6.14,6.09,6.15,6.06,105964,64517163.0,1.47,-0.81,-0.05,0.35
2021-04-06,6.08,6.06,6.13,6.05,104315,63447929.0,1.31,-0.49,-0.03,0.35
2021-04-07,6.04,6.11,6.13,6.01,154125,93671676.0,1.98,0.83,0.05,0.52
2021-04-08,6.15,6.19,6.27,6.11,331579,205350234.0,2.62,1.31,0.08,1.11
2021-04-09,6.16,6.31,6.32,6.12,334689,209544610.0,3.23,1.94,0.12,1.12
2021-04-12,6.31,6.32,6.4,6.26,260609,164866526.0,2.22,0.16,0.01,0.87
2021-04-13,6.32,6.15,6.32,6.13,201798,124505132.0,3.01,-2.69,-0.17,0.67
2021-04-14,6.13,6.21,6.25,6.08,164824,101701243.0,2.76,0.98,0.06,0.55
2021-04-15,6.19,6.35,6.37,6.17,236469,148770693.0,3.22,2.25,0.14,0.79
2021-04-16,6.36,6.48,6.57,6.33,360134,233931884.0,3.78,2.05,0.13,1.2
2021-04-19,6.64,6.87,7.13,6.64,902347,627674000.0,7.56,6.02,0.39,3.02
2021-04-20,6.81,7.07,7.09,6.79,529591,368135952.0,4.37,2.91,0.2,1.77
2021-04-21,7.0,7.36,7.5,6.98,744224,543164912.0,7.36,4.1,0.29,2.49
2021-04-22,7.35,7.5,7.6,7.33,651074,482464064.0,3.67,1.9,0.14,2.18
2021-04-23,7.43,7.42,7.43,7.22,413517,302479328.0,2.8,-1.07,-0.08,1.38
2021-04-26,7.8,8.04,8.14,7.71,1186036,942980512.0,5.8,8.36,0.62,3.96
2021-04-27,8.01,8.41,8.5,7.99,1065035,883484672.0,6.34,4.6,0.37,3.56
2021-04-28,8.44,9.25,9.25,8.34,848988,762318544.0,10.82,9.99,0.84,2.84
2021-04-29,9.3,9.25,9.48,9.04,1232814,1139852576.0,4.76,0.0,0.0,4.12
2021-04-30,9.26,8.95,9.34,8.82,998749,900408960.0,5.62,-3.24,-0.3,3.34
2021-05-06,9.25,9.22,9.33,8.95,1209879,1108576272.0,4.25,3.02,0.27,4.04
2021-05-07,9.29,10.14,10.14,9.29,1112660,1095051600.0,9.22,9.98,0.92,3.72
2021-05-10,10.77,11.15,11.15,10.58,803754,879593808.0,5.62,9.96,1.01,2.69
2021-05-11,11.03,11.22,11.69,10.61,2151688,2403589024.0,9.69,0.63,0.07,7.19
2021-05-12,10.98,11.45,11.6,10.76,1247293,1400117776.0,7.49,2.05,0.23,4.17
2021-05-13,10.88,10.32,10.96,10.31,1568258,1642660528.0,5.68,-9.87,-1.13,5.24
2021-05-14,10.46,10.38,10.63,10.04,1220864,1269003952.0,5.72,0.58,0.06,4.08
2021-05-17,10.4,10.35,10.88,10.32,968617,1017574320.0,5.39,-0.29,-0.03,3.24
2021-05-18,10.5,10.31,10.58,10.14,785730,812771952.0,4.25,-0.39,-0.04,2.63
2021-05-19,10.27,9.94,10.27,9.78,844116,840764064.0,4.75,-3.59,-0.37,2.82
2021-05-20,9.5,9.77,9.91,9.2,1322393,1256841104.0,7.14,-1.71,-0.17,4.42
2021-05-21,9.65,9.9,10.13,9.59,990669,982347056.0,5.53,1.33,0.13,3.31
2021-05-24,9.9,9.88,10.16,9.76,735851,729320544.0,4.04,-0.2,-0.02,2.46
2021-05-25,9.94,9.98,10.35,9.5,910591,903938800.0,8.6,1.01,0.1,3.04
2021-05-26,9.99,10.1,10.39,9.88,837326,845515568.0,5.11,1.2,0.12,2.8
2021-05-27,10.06,10.48,10.86,10.01,978553,1025686304.0,8.42,3.76,0.38,3.27
2021-05-28,10.75,10.22,10.86,9.99,876566,903936096.0,8.3,-2.48,-0.26,2.93
2021-05-31,10.33,10.38,10.48,10.1,422824,438373232.0,3.72,1.57,0.16,1.41
2021-06-01,10.4,11.42,11.42,10.34,971105,1059774992.0,10.4,10.02,1.04,3.25
2021-06-02,11.68,12.13,12.49,11.66,1308871,1567027248.0,7.27,6.22,0.71,4.38
2021-06-03,12.15,12.1,12.7,11.99,995220,1228302304.0,5.85,-0.25,-0.03,3.33
2021-06-04,11.75,12.06,12.16,11.27,786901,918128912.0,7.36,-0.33,-0.04,2.63
2021-06-07,12.04,12.56,13.2,12.04,772031,979422976.0,9.62,4.15,0.5,2.58
2021-06-08,12.64,11.94,12.67,11.93,624544,759914208.0,5.89,-4.94,-0.62,2.09
2021-06-09,12.25,12.98,13.13,12.05,957632,1226611856.0,9.05,8.71,1.04,3.2
2021-06-10,12.71,12.95,13.25,12.6,712225,921161200.0,5.01,-0.23,-0.03,2.38
2021-06-11,13.05,12.68,13.39,12.58,505582,650872256.0,6.25,-2.08,-0.27,1.69
2021-06-15,13.09,12.71,13.3,12.4,547184,701542528.0,7.1,0.24,0.03,1.83
2021-06-16,12.86,12.2,13.08,12.17,765447,961554464.0,7.16,-4.01,-0.51,2.56
2021-06-17,12.32,12.3,12.7,12.01,513723,633043040.0,5.66,0.82,0.1,1.72
2021-06-18,12.4,12.13,12.55,11.7,556212,676467744.0,6.91,-1.38,-0.17,1.86
2021-06-21,12.0,12.51,12.9,11.77,649374,803019824.0,9.32,3.13,0.38,2.17
2021-06-22,12.5,12.63,12.78,12.26,509866,637806512.0,4.16,0.96,0.12,1.7
2021-06-23,12.86,12.59,12.98,12.14,644996,809527392.0,6.65,-0.32,-0.04,2.16
2021-06-24,12.54,12.95,13.55,12.54,767033,1003198816.0,8.02,2.86,0.36,2.56
2021-06-25,12.99,13.84,13.93,12.73,772580,1035717984.0,9.27,6.87,0.89,2.58
2021-06-28,12.96,12.46,12.98,12.46,899930,1127267040.0,3.76,-9.97,-1.38,3.01
2021-06-29,11.98,11.49,12.13,11.36,836692,977591744.0,6.18,-7.78,-0.97,2.8
2021-06-30,11.37,11.81,11.88,11.37,423676,495375520.0,4.44,2.79,0.32,1.42
2021-07-01,11.68,11.6,12.07,11.44,329646,388875088.0,5.33,-1.78,-0.21,1.1
2021-07-02,11.6,11.82,11.93,11.5,320808,377208976.0,3.71,1.9,0.22,1.07
2021-07-05,12.08,12.24,12.33,11.76,458533,552389824.0,4.82,3.55,0.42,1.53
2021-07-06,12.3,12.49,12.57,11.94,453589,556330768.0,5.15,2.04,0.25,1.52
2021-07-07,12.18,12.05,12.35,11.9,471964,569132640.0,3.6,-3.52,-0.44,1.58
2021-07-08,11.83,10.85,11.95,10.85,777738,861523248.0,9.13,-9.96,-1.2,2.6
2021-07-09,10.84,10.98,11.07,10.47,773977,830911696.0,5.53,1.2,0.13,2.59
2021-07-12,11.02,11.02,11.25,10.83,420808,464335664.0,3.83,0.36,0.04,1.41
2021-07-13,11.02,12.12,12.12,11.02,588892,686665664.0,9.98,9.98,1.1,1.97
2021-07-14,12.26,12.44,12.85,12.12,832652,1043454160.0,6.02,2.64,0.32,2.78
2021-07-15,12.6,12.46,12.65,12.01,422057,517932256.0,5.14,0.16,0.02,1.41
2021-07-16,12.45,12.71,13.11,12.42,534003,684673312.0,5.54,2.01,0.25,1.79
2021-07-19,13.15,12.87,13.45,12.71,482613,627683232.0,5.82,1.26,0.16,1.61
2021-07-20,12.67,13.09,13.18,12.3,470151,601605840.0,6.84,1.71,0.22,1.57
2021-07-21,13.03,12.86,13.2,12.45,441973,562106800.0,5.73,-1.76,-0.23,1.48
2021-07-22,12.99,12.88,13.05,12.64,387072,497039712.0,3.19,0.16,0.02,1.29
2021-07-23,13.06,12.7,13.55,12.61,615412,800414544.0,7.3,-1.4,-0.18,2.06
2021-07-26,12.5,12.49,12.82,12.22,462128,579084240.0,4.72,-1.65,-0.21,1.54
2021-07-27,12.48,12.27,12.97,12.23,426388,539974608.0,5.92,-1.76,-0.22,1.43
2021-07-28,12.12,12.02,12.49,11.88,384062,467213696.0,4.97,-2.04,-0.25,1.28
2021-07-29,12.3,12.17,12.58,11.88,369096,448708592.0,5.82,1.25,0.15,1.23
2021-07-30,12.42,12.5,12.7,12.15,459645,570495728.0,4.52,2.71,0.33,1.54
2021-08-02,11.99,12.45,12.52,11.81,713937,870562432.0,5.68,-0.4,-0.05,2.39
2021-08-03,12.4,11.79,12.85,11.7,455571,556481968.0,9.24,-5.3,-0.66,1.52
2021-08-04,12.06,12.97,12.97,11.94,633481,803820208.0,8.74,10.01,1.18,2.12
2021-08-05,12.97,12.43,13.26,12.23,582216,733927568.0,7.94,-4.16,-0.54,1.95
2021-08-06,12.45,13.05,13.22,12.0,551896,707036224.0,9.81,4.99,0.62,1.84
2021-08-09,13.32,12.81,13.44,12.5,414492,529126848.0,7.2,-1.84,-0.24,1.39
2021-08-10,12.65,12.82,13.03,12.51,358893,458745744.0,4.06,0.08,0.01,1.2
2021-08-11,12.96,14.1,14.1,12.73,730580,993842944.0,10.69,9.98,1.28,2.44
2021-08-12,14.1,15.26,15.5,13.92,927267,1380208448.0,11.21,8.23,1.16,3.1
2021-08-13,15.27,14.85,15.43,14.59,638757,949743008.0,5.5,-2.69,-0.41,2.14
2021-08-16,14.88,14.05,14.99,13.95,679242,979724064.0,7.0,-5.39,-0.8,2.27
2021-08-17,13.9,13.37,14.13,13.17,633037,861858032.0,6.83,-4.84,-0.68,2.12
2021-08-18,13.51,13.13,13.75,12.85,644063,850894400.0,6.73,-1.8,-0.24,2.15
2021-08-19,13.0,13.05,13.37,12.87,477863,627871248.0,3.81,-0.61,-0.08,1.6
2021-08-20,12.92,12.87,13.04,12.51,426996,544050192.0,4.06,-1.38,-0.18,1.43
2021-08-23,13.39,13.26,13.64,13.17,527418,705554256.0,3.65,3.03,0.39,1.76
2021-08-24,13.65,13.37,13.73,13.18,435471,584466960.0,4.15,0.83,0.11,1.46
2021-08-25,13.33,14.03,14.15,13.33,628155,865556480.0,6.13,4.94,0.66,2.1
2021-08-26,14.04,14.74,15.2,13.71,860263,1240363904.0,10.62,5.06,0.71,2.88
2021-08-27,14.0,14.5,14.81,13.79,626562,906072896.0,6.92,-1.63,-0.24,2.09
2021-08-30,14.7,14.68,14.82,13.81,649488,936404256.0,6.97,1.24,0.18,2.17
2021-08-31,14.6,15.9,16.08,14.33,908646,1400994896.0,11.92,8.31,1.22,3.04
2021-09-01,16.0,15.0,16.72,14.95,765881,1197900224.0,11.13,-5.66,-0.9,2.56
2021-09-02,14.99,15.65,16.43,14.95,798083,1244017840.0,9.87,4.33,0.65,2.67
2021-09-03,15.3,14.82,15.39,14.4,676769,1005909120.0,6.33,-5.3,-0.83,2.26
2021-09-06,15.16,15.14,15.52,14.75,604557,910963344.0,5.2,2.16,0.32,2.02
2021-09-07,15.5,16.18,16.4,15.16,771898,1222619824.0,8.19,6.87,1.04,2.58
2021-09-08,15.99,17.11,17.43,15.88,981719,1653895664.0,9.58,5.75,0.93,3.28
2021-09-09,17.11,17.88,18.8,16.69,1168436,2079950672.0,12.33,4.5,0.77,3.91
2021-09-10,17.4,17.88,18.68,17.23,909189,1636243488.0,8.11,0.0,0.0,3.04
2021-09-13,18.21,19.43,19.67,18.21,834864,1604059440.0,8.17,8.67,1.55,2.79
2021-09-14,18.9,18.04,19.25,17.85,934171,1719411376.0,7.21,-7.15,-1.39,3.12
2021-09-15,17.7,17.68,18.42,17.5,729281,1301250288.0,5.1,-2.0,-0.36,2.44
2021-09-16,18.24,17.76,19.12,17.6,865946,1588996608.0,8.6,0.45,0.08,2.89
2021-09-17,17.75,16.02,18.1,15.98,1016558,1685558672.0,11.94,-9.8,-1.74,3.4
2021-09-22,16.01,16.8,16.93,15.9,608915,1010716432.0,6.43,4.87,0.78,2.04
2021-09-23,17.3,16.43,17.47,16.13,631093,1051370064.0,7.98,-2.2,-0.37,2.11
2021-09-24,16.16,15.26,16.39,15.1,856504,1328040240.0,7.85,-7.12,-1.17,2.86
2021-09-27,15.66,15.11,15.79,14.76,658417,1001140000.0,6.75,-0.98,-0.15,2.2
2021-09-28,15.28,15.45,15.54,14.74,931003,1415042400.0,5.29,2.25,0.34,3.11
2021-09-29,15.4,14.19,15.66,13.99,886943,1294662400.0,10.81,-8.16,-1.26,2.96
2021-09-30,14.19,15.01,15.08,14.08,719237,1047365984.0,7.05,5.78,0.82,2.4
2021-10-08,15.44,14.33,15.56,13.86,617469,882866928.0,11.33,-4.53,-0.68,2.06
2021-10-11,14.52,14.72,14.84,13.96,654974,944114480.0,6.14,2.72,0.39,2.19
2021-10-12,14.85,15.1,15.17,14.33,800491,1185970144.0,5.71,2.58,0.38,2.68
2021-10-13,14.9,13.59,14.9,13.59,818368,1136745952.0,8.68,-10.0,-1.51,2.74
2021-10-14,13.22,13.76,13.86,13.06,630130,851200816.0,5.89,1.25,0.17,2.11
2021-10-15,13.75,14.55,14.75,13.5,651967,926541312.0,9.08,5.74,0.79,2.18
2021-10-18,14.65,15.37,15.67,14.53,692490,1049543824.0,7.84,5.64,0.82,2.31
2021-10-19,15.32,15.42,15.98,15.12,618990,960336176.0,5.6,0.33,0.05,2.07
2021-10-20,13.88,13.94,14.23,13.88,786050,1095895360.0,2.27,-9.6,-1.48,2.63
2021-10-21,13.71,14.46,14.75,13.71,570609,820622608.0,7.46,3.73,0.52,1.91
2021-10-22,14.2,13.55,14.6,13.45,589297,816363920.0,7.95,-6.29,-0.91,1.97
2021-10-25,13.73,13.73,14.08,13.28,420180,579340176.0,5.9,1.33,0.18,1.4
2021-10-26,13.77,14.15,14.37,13.57,683956,957688128.0,5.83,3.06,0.42,2.29
2021-10-27,13.78,13.3,13.78,13.14,658491,882965792.0,4.52,-6.01,-0.85,2.2
2021-10-28,13.01,12.67,13.3,12.12,1018107,1276849088.0,8.87,-4.74,-0.63,3.4
2021-10-29,12.69,12.94,13.35,12.69,566506,736803616.0,5.21,2.13,0.27,1.89
2021-11-01,12.81,13.12,13.35,12.78,457148,601226544.0,4.4,1.39,0.18,1.53
2021-11-02,13.17,12.51,13.37,12.05,631605,793135696.0,10.06,-4.65,-0.61,2.11
2021-11-03,12.69,13.27,13.45,12.44,597662,778151120.0,8.07,6.08,0.76,2.0
2021-11-04,12.95,12.58,13.13,12.36,559568,704857952.0,5.8,-5.2,-0.69,1.87
2021-11-05,12.54,11.77,12.54,11.72,503813,604937648.0,6.52,-6.44,-0.81,1.68
2021-11-08,11.8,11.78,11.98,11.67,343868,406355888.0,2.63,0.08,0.01,1.15
2021-11-09,11.74,11.45,11.75,11.36,420090,482442992.0,3.31,-2.8,-0.33,1.4
2021-11-10,11.2,11.06,11.28,10.69,619267,677929712.0,5.15,-3.41,-0.39,2.07
2021-11-11,11.11,11.21,11.33,11.02,384104,429101136.0,2.8,1.36,0.15,1.28
2021-11-12,11.16,10.99,11.16,10.97,272745,301453504.0,1.69,-1.96,-0.22,0.91
2021-11-15,10.95,10.84,11.05,10.69,340598,369174896.0,3.28,-1.36,-0.15,1.14
2021-11-16,10.86,10.65,10.86,10.63,319326,342868416.0,2.12,-1.75,-0.19,1.07
2021-11-17,10.64,10.88,10.92,10.54,386120,415695632.0,3.57,2.16,0.23,1.29
2021-11-18,11.04,10.89,11.18,10.82,413908,455314016.0,3.31,0.09,0.01,1.38
2021-11-19,10.85,11.1,11.16,10.81,393944,434977984.0,3.21,1.93,0.21,1.32
2021-11-22,11.25,11.05,11.43,10.95,370580,410961472.0,4.32,-0.45,-0.05,1.24
2021-11-23,11.08,11.23,11.34,10.99,366805,412284416.0,3.17,1.63,0.18,1.23
2021-11-24,11.37,11.4,11.44,11.16,431452,489383312.0,2.49,1.51,0.17,1.44
2021-11-25,11.4,11.13,11.55,11.02,384433,430209088.0,4.65,-2.37,-0.27,1.29
2021-11-26,10.96,10.94,11.19,10.83,333265,366976608.0,3.23,-1.71,-0.19,1.11
2021-11-29,10.65,10.95,11.05,10.61,283172,308279152.0,4.02,0.09,0.01,0.95
2021-11-30,11.02,10.8,11.03,10.72,316808,343761568.0,2.83,-1.37,-0.15,1.06
2021-12-01,10.86,11.08,11.09,10.71,343361,376999584.0,3.52,2.59,0.28,1.15
2021-12-02,11.04,11.13,11.16,10.95,385914,427123872.0,1.9,0.45,0.05,1.29
2021-12-03,11.03,11.56,12.03,10.78,835223,955426128.0,11.23,3.86,0.43,2.79
2021-12-06,11.44,11.39,11.84,11.36,477808,552705664.0,4.15,-1.47,-0.17,1.6
2021-12-07,11.47,11.58,11.6,11.34,313337,359798960.0,2.28,1.67,0.19,1.05
2021-12-08,11.52,11.5,11.57,11.38,269400,308352192.0,1.64,-0.69,-0.08,0.9
2021-12-09,11.52,11.4,11.71,11.38,488826,562418720.0,2.87,-0.87,-0.1,1.63
2021-12-10,11.4,11.22,11.76,11.19,590214,676059088.0,5.0,-1.58,-0.18,1.97
2021-12-13,11.31,11.59,11.66,11.28,574134,661949584.0,3.39,3.3,0.37,1.92
2021-12-14,11.55,11.16,11.59,11.12,488414,548570096.0,4.06,-3.71,-0.43,1.63
2021-12-15,11.15,11.42,11.67,11.02,508703,579384928.0,5.82,2.33,0.26,1.7
2021-12-16,11.49,12.17,12.26,11.42,800852,963677376.0,7.36,6.57,0.75,2.68
2021-12-17,12.5,12.19,12.55,12.08,652493,797025264.0,3.86,0.16,0.02,2.18
2021-12-20,12.19,11.69,12.28,11.67,424491,504399872.0,5.0,-4.1,-0.5,1.42
2021-12-21,11.67,11.8,11.94,11.63,271321,320082224.0,2.65,0.94,0.11,0.91
2021-12-22,11.84,11.81,11.84,11.64,218431,256580922.0,1.69,0.08,0.01,0.73
2021-12-23,11.81,11.97,12.07,11.72,294159,349804704.0,2.96,1.35,0.16,0.98
2021-12-24,11.91,11.78,12.15,11.76,256515,305310560.0,3.26,-1.59,-0.19,0.86
2021-12-27,11.67,11.67,12.0,11.65,212107,249802434.0,2.97,-0.93,-0.11,0.71
2021-12-28,11.56,11.3,11.69,11.21,301314,341591664.0,4.11,-3.17,-0.37,1.01
2021-12-29,11.31,11.33,11.64,11.25,251681,288148240.0,3.45,0.27,0.03,0.84
2021-12-30,11.31,11.24,11.41,11.22,191288,215898498.0,1.68,-0.79,-0.09,0.64
2021-12-31,11.24,11.31,11.43,11.19,227277,257375583.0,2.14,0.62,0.07,0.76
2022-01-04,11.58,11.69,11.94,11.51,491567,576074720.0,3.8,3.36,0.38,1.64
2022-01-05,11.66,11.34,11.85,11.32,364054,419473216.0,4.53,-2.99,-0.35,1.22
2022-01-06,11.34,11.43,11.54,11.3,223433,255064883.0,2.12,0.79,0.09,0.75
2022-01-07,11.4,11.57,11.68,11.36,332515,384960880.0,2.8,1.22,0.14,1.11
2022-01-10,11.68,11.87,11.87,11.51,339228,397355312.0,3.11,2.59,0.3,1.13
2022-01-11,11.75,11.78,11.83,11.6,272966,320092256.0,1.94,-0.76,-0.09,0.91
2022-01-12,11.79,11.76,11.83,11.56,225628,263743392.0,2.29,-0.17,-0.02,0.75
2022-01-13,11.79,12.31,12.54,11.79,892128,1100404832.0,6.38,4.68,0.55,2.98
2022-01-14,12.19,11.84,12.29,11.55,610092,719461152.0,6.01,-3.82,-0.47,2.04
2022-01-17,11.95,12.18,12.37,11.88,397829,481860112.0,4.14,2.87,0.34,1.33
2022-01-18,12.09,12.75,13.03,12.05,641794,808752384.0,8.05,4.68,0.57,2.15
2022-01-19,12.89,12.84,13.35,12.75,612133,796215280.0,4.71,0.71,0.09,2.05
2022-01-20,12.71,13.31,13.46,12.53,511348,667975504.0,7.24,3.66,0.47,1.71
2022-01-21,13.5,13.99,14.13,13.38,685550,944598928.0,5.63,5.11,0.68,2.29
2022-01-24,13.86,13.61,13.87,13.26,522350,706605568.0,4.36,-2.72,-0.38,1.75
2022-01-25,13.39,12.54,13.39,12.5,556518,715060624.0,6.54,-7.86,-1.07,1.86
2022-01-26,12.6,12.71,12.74,12.28,348172,436446704.0,3.67,1.36,0.17,1.16
2022-01-27,12.74,12.58,13.04,12.51,296154,378162768.0,4.17,-1.02,-0.13,0.99
2022-01-28,12.58,12.09,12.73,11.94,309986,379082080.0,6.28,-3.9,-0.49,1.04
2022-02-07,11.75,12.14,12.26,11.5,500253,602641856.0,6.29,0.41,0.05,1.67
2022-02-08,12.54,13.01,13.01,12.46,621975,793643200.0,4.53,7.17,0.87,2.08
2022-02-09,12.84,12.57,13.35,12.5,768283,986697712.0,6.53,-3.38,-0.44,2.57
2022-02-10,12.39,12.77,12.78,12.22,603314,752504160.0,4.46,1.59,0.2,2.02
2022-02-11,12.65,12.99,13.41,12.55,677268,885032032.0,6.73,1.72,0.22,2.26
2022-02-14,13.0,13.07,13.31,12.8,515313,674866016.0,3.93,0.62,0.08,1.72
2022-02-15,12.88,12.58,12.89,12.43,365864,461834784.0,3.52,-3.75,-0.49,1.22
2022-02-16,12.55,12.72,12.76,12.5,240993,304510800.0,2.07,1.11,0.14,0.81
2022-02-17,12.62,12.86,12.94,12.43,275917,351238144.0,4.01,1.1,0.14,0.92
2022-02-18,12.83,13.53,13.66,12.75,647903,865345632.0,7.08,5.21,0.67,2.17
2022-02-21,13.76,14.65,14.82,13.74,995003,1428280032.0,7.98,8.28,1.12,3.33
2022-02-22,14.49,14.36,14.71,13.94,580031,831424176.0,5.26,-1.98,-0.29,1.94
2022-02-23,14.37,14.23,14.43,13.77,454774,641038416.0,4.6,-0.91,-0.13,1.52
2022-02-24,14.0,13.79,14.16,13.55,386849,536727536.0,4.29,-3.09,-0.44,1.29
2022-02-25,13.74,13.22,13.91,13.0,546651,735337696.0,6.6,-4.13,-0.57,1.83
2022-02-28,13.32,13.92,13.95,13.18,494523,673770112.0,5.82,5.3,0.7,1.65
2022-03-01,14.0,14.55,14.65,13.7,560151,797433056.0,6.82,4.53,0.63,1.87
2022-03-02,14.75,15.07,15.56,14.68,751592,1134979312.0,6.05,3.57,0.52,2.51
2022-03-03,15.04,15.65,16.0,14.96,555218,870621472.0,6.9,3.85,0.58,1.86
2022-03-04,15.6,15.84,16.5,15.3,590073,939440320.0,7.67,1.21,0.19,1.97
2022-03-07,16.6,16.23,17.31,15.96,675473,1112111728.0,8.52,2.46,0.39,2.26
2022-03-08,15.91,15.48,16.37,15.22,613884,964547520.0,7.09,-4.62,-0.75,2.05
2022-03-09,15.48,16.38,16.8,15.48,823021,1322636384.0,8.53,5.81,0.9,2.75
2022-03-10,15.95,16.65,17.21,15.31,583353,950017104.0,11.6,1.65,0.27,1.95
2022-03-11,16.45,17.0,17.44,16.12,628695,1069558528.0,7.93,2.1,0.35,2.1
2022-03-14,16.6,15.96,17.29,15.8,605101,998456496.0,8.76,-6.12,-1.04,2.02
2022-03-15,15.88,14.36,15.88,14.36,596242,879269632.0,9.52,-10.03,-1.6,1.99
2022-03-16,14.42,14.38,14.69,13.72,559936,793600144.0,6.75,0.14,0.02,1.87
2022-03-17,14.45,14.9,15.13,13.71,749514,1081836880.0,9.87,3.62,0.52,2.51
2022-03-18,14.89,16.0,16.3,14.89,610166,960229792.0,9.46,7.38,1.1,2.04
2022-03-21,16.1,16.4,17.04,15.67,598039,982933120.0,8.56,2.5,0.4,2.0
2022-03-22,16.44,17.1,17.34,16.44,526284,889211360.0,5.49,4.27,0.7,1.76
2022-03-23,16.81,16.84,17.14,16.25,421706,704185808.0,5.2,-1.52,-0.26,1.41
2022-03-24,17.1,16.82,17.5,16.73,399607,680486672.0,4.57,-0.12,-0.02,1.34
2022-03-25,16.83,16.27,16.94,16.0,431689,708140464.0,5.59,-3.27,-0.55,1.44
2022-03-28,16.4,16.43,16.83,16.22,410296,678584544.0,3.75,0.98,0.16,1.37
2022-03-29,16.18,16.75,16.98,16.16,456538,759021920.0,4.99,1.95,0.32,1.53
2022-03-30,16.52,16.23,16.87,16.03,432193,708227040.0,5.01,-3.1,-0.52,1.44
2022-03-31,16.32,16.6,16.7,15.82,380878,624257648.0,5.42,2.28,0.37,1.27
2022-04-01,16.49,16.4,16.79,16.0,428999,703472128.0,4.76,-1.2,-0.2,1.43
2022-04-06,16.23,15.73,16.48,15.3,370716,580724352.0,7.2,-4.09,-0.67,1.24
2022-04-07,15.59,15.98,16.44,15.53,357388,573509248.0,5.79,1.59,0.25,1.19
2022-04-08,16.03,16.47,16.68,15.7,345591,563109616.0,6.13,3.07,0.49,1.16
2022-04-11,16.0,15.7,16.15,15.56,374750,593430288.0,3.58,-4.68,-0.77,1.25
2022-04-12,15.98,15.83,16.47,15.41,391621,625125232.0,6.75,0.83,0.13,1.31
2022-04-13,15.83,16.75,16.96,15.61,486889,801079632.0,8.53,5.81,0.92,1.63
2022-04-14,16.71,18.0,18.2,16.5,590083,1042196384.0,10.15,7.46,1.25,1.97
2022-04-15,18.88,17.9,19.8,17.68,1048098,1992335344.0,11.78,-0.56,-0.1,3.5
2022-04-18,17.4,17.33,18.55,17.2,546264,968146432.0,7.54,-3.18,-0.57,1.83
2022-04-19,17.7,18.54,18.56,17.21,569612,1028695232.0,7.79,6.98,1.21,1.9
2022-04-20,18.18,17.02,18.5,16.99,499039,879088256.0,8.14,-8.2,-1.52,1.67
2022-04-21,17.22,16.86,17.56,16.68,480027,819929616.0,5.17,-0.94,-0.16,1.6
2022-04-22,16.65,17.94,18.03,16.48,482572,844367232.0,9.19,6.41,1.08,1.61
2022-04-25,16.3,16.15,16.63,16.15,501665,815175408.0,2.68,-9.98,-1.79,1.68
2022-04-26,16.0,14.54,16.01,14.54,514265,757089936.0,9.1,-9.97,-1.61,1.72
2022-04-27,14.0,15.0,15.18,13.71,511741,736494288.0,10.11,3.16,0.46,1.71
2022-04-28,14.8,16.08,16.44,14.8,480107,754162464.0,10.93,7.2,1.08,1.6
2022-04-29,15.93,15.49,16.0,14.96,481576,742205136.0,6.47,-3.67,-0.59,1.61
2022-05-05,15.55,15.0,15.8,14.75,549873,829136256.0,6.78,-3.16,-0.49,1.84
2022-05-06,14.55,14.42,15.06,14.21,336438,491760080.0,5.67,-3.87,-0.58,1.12
2022-05-09,14.13,14.09,14.21,13.4,564168,775825424.0,5.62,-2.29,-0.33,1.89
2022-05-10,13.62,13.25,13.62,12.96,852494,1125485680.0,4.68,-5.96,-0.84,2.85
2022-05-11,13.17,13.92,14.0,13.13,766846,1041612736.0,6.57,5.06,0.67,2.56
2022-05-12,13.8,13.13,13.87,12.94,743918,992394880.0,6.68,-5.68,-0.79,2.49
2022-05-13,13.13,13.32,13.46,13.08,451438,600772272.0,2.89,1.45,0.19,1.51
2022-05-16,13.5,13.91,13.93,13.32,743419,1017922960.0,4.58,4.43,0.59,2.49
2022-05-17,14.05,14.14,14.34,13.67,656856,919370480.0,4.82,1.65,0.23,2.2
2022-05-18,13.94,13.66,14.08,13.6,448924,617489056.0,3.39,-3.39,-0.48,1.5
2022-05-19,13.28,13.69,13.72,13.11,383487,513267760.0,4.47,0.22,0.03,1.28
2022-05-20,13.71,14.7,14.82,13.71,945038,1360688768.0,8.11,7.38,1.01,3.16
2022-05-23,14.7,14.77,15.13,14.56,599896,890282992.0,3.88,0.48,0.07,2.01
2022-05-24,14.7,14.6,15.38,14.58,598832,898177520.0,5.42,-1.15,-0.17,2.0
2022-05-25,14.66,15.04,15.22,14.51,476971,713687776.0,4.86,3.01,0.44,1.59
2022-05-26,15.06,15.85,15.89,14.94,647664,1000227568.0,6.32,5.39,0.81,2.17
2022-05-27,15.85,15.76,16.15,15.63,511229,810007248.0,3.28,-0.57,-0.09,1.71
2022-05-30,15.87,15.83,16.01,15.27,431452,675541040.0,4.7,0.44,0.07,1.44
2022-05-31,16.1,15.93,16.24,15.35,413135,650539664.0,5.62,0.63,0.1,1.38
2022-06-01,15.73,16.21,16.32,15.48,429696,682083632.0,5.27,1.76,0.28,1.44
2022-06-02,16.02,15.43,16.06,15.41,474292,738482112.0,4.01,-4.81,-0.78,1.59
2022-06-06,15.54,16.28,16.45,15.53,604269,967583792.0,5.96,5.51,0.85,2.02
2022-06-07,16.15,16.47,16.91,15.93,466521,767075696.0,6.02,1.17,0.19,1.56
2022-06-08,16.7,17.18,17.2,16.51,584309,986179296.0,4.19,4.31,0.71,1.95
2022-06-09,17.15,17.04,17.7,16.81,578545,993859632.0,5.18,-0.81,-0.14,1.93
2022-06-10,16.7,17.4,17.6,16.63,529017,910664000.0,5.69,2.11,0.36,1.77
2022-06-13,17.14,17.0,17.58,16.72,516695,882673328.0,4.94,-2.3,-0.4,1.73
2022-06-14,16.7,17.15,17.26,16.62,554444,940735168.0,3.76,0.88,0.15,1.85
2022-06-15,17.02,16.72,17.35,16.71,479129,816841584.0,3.73,-2.51,-0.43,1.6
2022-06-16,16.6,15.83,16.84,15.57,804570,1291118608.0,7.6,-5.32,-0.89,2.69
2022-06-17,15.78,15.56,15.94,15.32,697011,1081907568.0,3.92,-1.71,-0.27,2.33
2022-06-20,15.06,14.31,15.06,14.29,861628,1248835952.0,4.95,-8.03,-1.25,2.88
2022-06-21,14.3,14.39,14.48,14.16,464667,666529936.0,2.24,0.56,0.08,1.55
2022-06-22,14.48,14.01,14.57,13.94,532305,760191904.0,4.38,-2.64,-0.38,1.78
2022-06-23,14.03,14.35,14.36,13.77,538958,759407088.0,4.21,2.43,0.34,1.8
2022-06-24,13.67,13.68,13.81,13.45,424065,579219536.0,2.51,-4.67,-0.67,1.42
2022-06-27,13.7,14.34,14.45,13.68,588743,834841664.0,5.63,4.82,0.66,1.97
2022-06-28,14.37,14.6,14.64,14.22,481751,698775120.0,2.93,1.81,0.26,1.61
2022-06-29,14.7,14.68,15.15,14.58,610887,909034560.0,3.9,0.55,0.08,2.04
2022-06-30,14.58,14.62,14.88,14.53,352135,518135536.0,2.38,-0.41,-0.06,1.18
2022-07-01,14.41,14.89,15.09,14.1,575110,840217968.0,6.77,1.85,0.27,1.92
2022-07-04,14.81,14.63,15.09,14.5,378369,556864048.0,3.96,-1.75,-0.26,1.26
2022-07-05,14.82,15.35,15.39,14.79,610492,926732784.0,4.1,4.92,0.72,2.04
2022-07-06,14.95,14.29,14.95,14.08,610234,879809104.0,5.67,-6.91,-1.06,2.04
2022-07-07,14.25,14.32,14.48,13.9,369640,525880464.0,4.06,0.21,0.03,1.24
2022-07-08,14.53,14.04,14.61,14.03,306835,437642592.0,4.05,-1.96,-0.28,1.03
2022-07-11,13.93,13.7,13.94,13.53,448852,613758224.0,2.92,-2.42,-0.34,1.5
2022-07-12,13.76,13.85,13.98,13.62,315536,435624378.0,2.63,1.09,0.15,1.05
2022-07-13,13.7,13.81,13.82,13.46,269949,368091594.0,2.6,-0.29,-0.04,0.9
2022-07-14,14.3,13.91,14.35,13.84,497450,696676232.0,3.69,0.72,0.1,1.66
2022-07-15,13.86,13.81,14.5,13.79,478059,678335337.0,5.1,-0.72,-0.1,1.6
2022-07-18,13.99,14.4,14.47,13.9,403605,575481390.0,4.13,4.27,0.59,1.35
2022-07-19,14.43,14.38,14.5,14.19,273328,392126958.0,2.15,-0.14,-0.02,0.91
2022-07-20,14.33,14.17,14.48,14.11,281673,400783400.0,2.57,-1.46,-0.21,0.94
2022-07-21,14.03,13.51,14.05,13.5,478786,653986068.0,3.88,-4.66,-0.66,1.6
2022-07-22,13.41,13.47,13.62,13.39,229003,308866242.0,1.7,-0.3,-0.04,0.77
2022-07-25,13.55,13.53,13.77,13.46,251581,342244674.0,2.3,0.45,0.06,0.84
2022-07-26,13.47,13.74,13.81,13.4,252208,344859440.0,3.03,1.55,0.21,0.84
2022-07-27,13.69,13.94,14.04,13.53,288779,399366447.0,3.71,1.46,0.2,0.97
2022-07-28,14.14,14.4,14.44,13.99,465360,662403900.0,3.23,3.3,0.46,1.56
2022-07-29,14.39,13.77,14.65,13.75,393068,551667212.0,6.25,-4.38,-0.63,1.31
2022-08-01,13.77,13.91,14.02,13.53,299742,414117421.0,3.56,1.02,0.14,1.0
2022-08-02,13.61,13.42,13.7,12.97,398598,533413032.0,5.25,-3.52,-0.49,1.33
2022-08-03,13.42,13.27,13.6,13.22,279774,375009096.0,2.83,-1.12,-0.15,0.94
2022-08-04,13.33,13.01,13.33,12.8,337910,440528927.0,3.99,-1.96,-0.26,1.13
2022-08-05,12.94,12.92,13.09,12.59,280061,358769063.0,3.84,-0.69,-0.09,0.94
2022-08-08,12.87,13.25,13.28,12.73,277636,363845192.0,4.26,2.55,0.33,0.93
2022-08-09,13.29,13.99,14.03,13.24,529886,728906244.0,5.96,5.58,0.74,1.77
2022-08-10,13.9,13.75,14.14,13.67,285187,393811643.0,3.36,-1.72,-0.24,0.95
2022-08-11,13.84,13.91,14.0,13.72,169517,235359440.0,2.04,1.16,0.16,0.57
2022-08-12,13.97,14.2,14.32,13.96,300788,427721017.0,2.59,2.08,0.29,1.01
2022-08-15,14.26,14.46,14.68,14.21,422477,611947760.0,3.31,1.83,0.26,1.41
2022-08-16,14.46,14.47,14.63,14.26,282288,407727771.0,2.56,0.07,0.01,0.94
2022-08-17,14.52,14.59,14.74,14.45,271810,396375044.0,2.0,0.83,0.12,0.91
2022-08-18,14.52,14.46,14.71,14.26,211298,305614267.0,3.08,-0.89,-0.13,0.71
2022-08-19,14.6,14.88,15.05,14.5,455671,676630549.0,3.8,2.9,0.42,1.52
2022-08-22,14.95,15.28,15.3,14.86,452778,685429051.0,2.96,2.69,0.4,1.51
2022-08-23,15.28,15.52,15.66,15.02,537710,828359923.0,4.19,1.57,0.24,1.8
2022-08-24,15.86,16.33,16.65,15.86,1085125,1768178594.0,5.09,5.22,0.81,3.63
2022-08-25,16.5,17.25,17.28,16.31,1072004,1820007903.0,5.94,5.63,0.92,3.58
2022-08-26,17.05,17.42,17.63,16.76,856520,1481763084.0,5.04,0.99,0.17,2.86
2022-08-29,17.33,17.48,17.69,16.81,641654,1104792748.0,5.05,0.34,0.06,2.14
2022-08-30,17.35,16.69,17.4,16.39,634576,1066151193.0,5.78,-4.52,-0.79,2.12
2022-08-31,16.49,15.87,16.69,15.75,470070,755571247.0,5.63,-4.91,-0.82,1.57
2022-09-01,15.87,16.28,16.62,15.79,430785,701756033.0,5.23,2.58,0.41,1.44
2022-09-02,16.22,15.88,16.32,15.77,335964,536420337.0,3.38,-2.46,-0.4,1.12
2022-09-05,16.15,16.78,16.9,15.91,480681,796440668.0,6.23,5.67,0.9,1.61
2022-09-06,16.69,17.01,17.22,16.58,405836,686853500.0,3.81,1.37,0.23,1.36
2022-09-07,16.86,16.81,17.05,16.7,351780,593756409.0,2.06,-1.18,-0.2,1.18
2022-09-08,16.4,16.47,16.8,16.22,338853,559564869.0,3.45,-2.02,-0.34,1.13
2022-09-09,16.57,16.67,16.79,16.24,262865,435489630.0,3.34,1.21,0.2,0.88
2022-09-13,16.76,16.31,16.78,16.17,256812,420491638.0,3.66,-2.16,-0.36,0.86
2022-09-14,16.0,16.08,16.43,15.9,277886,447962288.0,3.25,-1.41,-0.23,0.93
2022-09-15,16.39,16.78,17.15,16.39,693660,1164399437.0,4.73,4.35,0.7,2.32
2022-09-16,16.51,15.76,16.73,15.7,453026,730775649.0,6.14,-6.08,-1.02,1.51
2022-09-19,15.58,16.19,16.5,15.57,360624,585063977.0,5.9,2.73,0.43,1.21
2022-09-20,16.37,16.65,16.9,16.08,307247,508223624.0,5.06,2.84,0.46,1.03
2022-09-21,16.48,16.58,16.82,16.41,283996,471712273.0,2.46,-0.42,-0.07,0.95
2022-09-22,16.45,17.0,17.09,16.42,414235,699878189.0,4.04,2.53,0.42,1.38
2022-09-23,17.0,16.58,17.2,16.54,350894,590366012.0,3.88,-2.47,-0.42,1.17
2022-09-26,16.38,16.1,16.7,16.01,313499,512642372.0,4.16,-2.9,-0.48,1.05
2022-09-27,16.33,15.95,16.35,15.24,383034,600492791.0,6.89,-0.93,-0.15,1.28
2022-09-28,15.95,15.73,16.16,15.6,240392,381372106.0,3.51,-1.38,-0.22,0.8
2022-09-29,15.98,16.67,16.79,15.98,384013,631834596.0,5.15,5.98,0.94,1.28
2022-09-30,16.43,16.88,17.12,16.43,379381,639760857.0,4.14,1.26,0.21,1.27
2022-10-10,17.1,16.92,17.45,16.83,470781,808613180.0,3.67,0.24,0.04,1.57
2022-10-11,16.87,17.01,17.09,16.5,338551,570725197.0,3.49,0.53,0.09,1.13
2022-10-12,16.87,17.21,17.26,16.36,352782,593530983.0,5.29,1.18,0.2,1.18
2022-10-13,17.02,15.97,17.1,15.74,499019,805137768.0,7.9,-7.21,-1.24,1.67
2022-10-14,16.1,15.97,16.27,15.92,326288,523533943.0,2.19,0.0,0.0,1.09
2022-10-17,15.65,15.44,15.65,14.38,754765,1122013616.0,7.95,-3.32,-0.53,2.52
2022-10-18,15.18,15.28,15.56,15.14,322781,493266251.0,2.72,-1.04,-0.16,1.08
2022-10-19,15.09,15.06,15.44,14.83,294538,448223968.0,3.99,-1.44,-0.22,0.98
2022-10-20,14.9,14.82,15.02,14.62,225408,334583206.0,2.66,-1.59,-0.24,0.75
2022-10-21,14.71,14.74,15.05,14.53,217062,321148531.0,3.51,-0.54,-0.08,0.73
2022-10-24,14.82,14.53,14.95,14.42,199148,292342759.0,3.6,-1.42,-0.21,0.67
2022-10-25,14.38,14.28,14.57,14.03,228830,326159996.0,3.72,-1.72,-0.25,0.76
2022-10-26,14.3,14.29,14.44,14.04,242636,346063462.0,2.8,0.07,0.01,0.81
2022-10-27,14.35,14.4,14.71,14.22,247165,357518218.0,3.43,0.77,0.11,0.83
2022-10-28,15.07,15.84,15.84,15.06,894430,1399891462.0,5.42,10.0,1.44,2.99
2022-10-31,15.98,16.79,17.01,15.89,1048810,1735219920.0,7.07,6.0,0.95,3.51
2022-11-01,16.36,16.17,16.55,15.78,504590,812424799.0,4.59,-3.69,-0.62,1.69
2022-11-02,16.08,16.07,16.34,15.95,434128,698956579.0,2.41,-0.62,-0.1,1.45
2022-11-03,16.03,16.0,16.38,15.71,348349,559695730.0,4.17,-0.44,-0.07,1.16
2022-11-04,16.01,16.7,16.86,15.98,482156,795703922.0,5.5,4.38,0.7,1.61
2022-11-07,16.68,17.28,17.7,16.65,481792,830372210.0,6.29,3.47,0.58,1.61
2022-11-08,17.22,17.46,17.65,17.21,362265,631200168.0,2.55,1.04,0.18,1.21
2022-11-09,17.31,17.11,17.65,17.0,270770,467309131.0,3.72,-2.0,-0.35,0.91
2022-11-10,16.87,17.32,17.5,16.62,244429,417355220.0,5.14,1.23,0.21,0.82
2022-11-11,17.6,17.9,18.0,17.2,421037,743652275.0,4.62,3.35,0.58,1.41
2022-11-14,17.98,17.73,18.9,17.46,653111,1189158690.0,8.04,-0.95,-0.17,2.18
2022-11-15,17.67,18.06,18.2,17.43,308270,551901512.0,4.34,1.86,0.33,1.03
2022-11-16,18.2,18.55,18.7,18.12,351189,649357107.0,3.21,2.71,0.49,1.17
2022-11-17,18.42,17.38,18.45,17.24,510871,898928416.0,6.52,-6.31,-1.17,1.71
2022-11-18,17.37,17.08,17.73,17.0,373020,643122488.0,4.2,-1.73,-0.3,1.25
2022-11-21,16.85,17.0,17.23,16.7,203125,345894167.0,3.1,-0.47,-0.08,0.68
2022-11-22,17.01,16.63,17.08,16.49,318517,531412427.0,3.47,-2.18,-0.37,1.06
2022-11-23,16.72,16.69,16.88,16.53,240775,401990864.0,2.1,0.36,0.06,0.8
2022-11-24,16.77,17.14,17.45,16.56,315096,537284332.0,5.33,2.7,0.45,1.05
2022-11-25,17.09,18.29,18.33,16.9,490821,876690233.0,8.34,6.71,1.15,1.64
2022-11-28,17.7,18.02,18.26,17.69,320896,576689462.0,3.12,-1.48,-0.27,1.07
2022-11-29,18.23,18.57,18.66,18.17,379282,701597419.0,2.72,3.05,0.55,1.27
2022-11-30,18.57,19.07,19.43,18.51,424639,811216953.0,4.95,2.69,0.5,1.42
2022-12-01,19.05,18.91,19.44,18.73,308272,587503994.0,3.72,-0.84,-0.16,1.03
2022-12-02,18.78,18.8,18.98,18.6,158667,298178142.0,2.01,-0.58,-0.11,0.53
2022-12-05,19.0,18.8,19.18,18.68,207116,391468641.0,2.66,0.0,0.0,0.69
2022-12-06,18.65,18.89,19.03,18.51,170479,320154817.0,2.77,0.48,0.09,0.57
2022-12-07,18.9,18.45,19.05,18.33,261956,487487486.0,3.81,-2.33,-0.44,0.88
2022-12-08,18.45,18.59,18.71,18.22,215759,401012231.0,2.66,0.76,0.14,0.72
2022-12-09,18.75,18.58,18.95,18.55,202332,378358556.0,2.15,-0.05,-0.01,0.68
2022-12-12,18.58,18.33,19.53,18.27,312070,586223200.0,6.78,-1.35,-0.25,1.04
2022-12-13,18.49,18.31,18.64,18.21,122873,226096204.0,2.35,-0.11,-0.02,0.41
2022-12-14,18.35,18.5,18.75,18.1,182738,339159405.0,3.55,1.04,0.19,0.61
2022-12-15,18.5,18.14,18.56,17.8,191560,346220192.0,4.11,-1.95,-0.36,0.64
2022-12-16,18.04,18.24,18.48,18.0,172050,314018023.0,2.65,0.55,0.1,0.58
2022-12-19,18.08,17.75,18.1,17.64,164936,294173876.0,2.52,-2.69,-0.49,0.55
2022-12-20,17.67,17.65,17.94,17.47,106068,187404915.0,2.65,-0.56,-0.1,0.35
2022-12-21,17.75,17.68,17.91,17.55,97703,173052467.0,2.04,0.17,0.03,0.33
2022-12-22,17.7,17.12,17.87,17.05,141530,246346490.0,4.64,-3.17,-0.56,0.47
2022-12-23,17.07,17.18,17.25,16.6,131267,223287354.0,3.8,0.35,0.06,0.44
2022-12-26,17.09,16.95,17.09,16.76,129153,218184122.0,1.92,-1.34,-0.23,0.43
2022-12-27,16.94,17.46,17.58,16.85,133751,232210716.0,4.31,3.01,0.51,0.45
2022-12-28,17.33,17.19,17.46,17.08,106851,184238609.0,2.18,-1.55,-0.27,0.36
2022-12-29,17.12,16.73,17.12,16.6,167971,280966815.0,3.03,-2.68,-0.46,0.56
2022-12-30,16.92,16.85,17.17,16.81,132938,225748448.0,2.15,0.72,0.12,0.44
2023-01-03,16.7,16.9,17.05,16.6,140721,237205442.0,2.67,0.3,0.05,0.47
2023-01-04,16.84,16.3,16.85,16.25,220898,363365326.0,3.55,-3.55,-0.6,0.74
2023-01-05,16.36,16.55,16.69,16.28,201877,332650713.0,2.52,1.53,0.25,0.67
2023-01-06,16.51,16.76,16.85,16.46,129725,216727728.0,2.36,1.27,0.21,0.43
2023-01-09,16.85,17.02,17.14,16.45,177600,300068094.0,4.12,1.55,0.26,0.59
2023-01-10,16.95,16.82,17.05,16.61,132823,223198669.0,2.59,-1.18,-0.2,0.44
2023-01-11,16.97,18.13,18.25,16.77,412974,728248513.0,8.8,7.79,1.31,1.38
2023-01-12,18.11,18.57,18.59,17.73,372168,677075870.0,4.74,2.43,0.44,1.24
2023-01-13,18.58,18.62,18.8,18.4,242731,450683374.0,2.15,0.27,0.05,0.81
2023-01-16,18.62,18.37,18.62,18.26,179210,329821815.0,1.93,-1.34,-0.25,0.6
2023-01-17,18.18,18.03,18.43,17.89,196996,355783832.0,2.94,-1.85,-0.34,0.66
2023-01-18,18.16,18.11,18.3,18.05,136305,247745403.0,1.39,0.44,0.08,0.46
2023-01-19,19.92,19.92,19.92,19.84,195240,388903833.0,0.44,9.99,1.81,0.65
2023-01-20,20.51,20.83,21.08,20.49,667387,1388908483.0,2.96,4.57,0.91,2.23
2023-01-30,20.85,19.69,20.95,19.58,442521,883693917.0,6.58,-5.47,-1.14,1.48
2023-01-31,19.78,19.8,20.07,19.6,255035,505892519.0,2.39,0.56,0.11,0.85
2023-02-01,19.73,19.64,19.92,19.49,244657,480918257.0,2.17,-0.81,-0.16,0.82
2023-02-02,19.57,20.32,20.68,19.49,333360,672960578.0,6.06,3.46,0.68,1.11
2023-02-03,20.23,20.56,20.66,20.15,229222,467624513.0,2.51,1.18,0.24,0.77
2023-02-06,20.34,20.65,20.87,20.3,194047,400503717.0,2.77,0.44,0.09,0.65
2023-02-07,20.78,20.64,20.9,20.55,162426,335980077.0,1.69,-0.05,-0.01,0.54
2023-02-08,20.8,20.62,20.92,20.6,150742,312522310.0,1.55,-0.1,-0.02,0.5
2023-02-09,20.47,20.37,20.73,20.23,169588,346448443.0,2.42,-1.21,-0.25,0.57
2023-02-10,20.23,19.75,20.35,19.68,238835,474935139.0,3.29,-3.04,-0.62,0.8
2023-02-13,19.81,19.74,19.91,19.27,208118,409630718.0,3.24,-0.05,-0.01,0.7
2023-02-14,19.78,19.76,20.11,19.48,151600,300431788.0,3.19,0.1,0.02,0.51
2023-02-15,19.76,19.67,20.2,19.54,176836,350347223.0,3.34,-0.46,-0.09,0.59
2023-02-16,19.85,19.38,19.9,19.26,134994,264952554.0,3.25,-1.47,-0.29,0.45
2023-02-17,19.38,20.07,20.17,19.37,360210,720975563.0,4.13,3.56,0.69,1.2
2023-02-20,20.15,21.11,21.15,20.15,453067,946564559.0,4.98,5.18,1.04,1.51
2023-02-21,21.73,22.61,22.75,21.21,451998,1007659591.0,7.3,7.11,1.5,1.51
2023-02-22,22.35,22.93,23.27,22.28,316438,722602396.0,4.38,1.42,0.32,1.06
2023-02-23,23.55,22.52,23.6,22.31,378742,863058792.0,5.63,-1.79,-0.41,1.27
2023-02-24,22.48,22.49,22.72,22.17,180700,405085220.0,2.44,-0.13,-0.03,0.6
2023-02-27,22.56,22.96,23.5,22.56,267779,617059791.0,4.18,2.09,0.47,0.9
2023-02-28,22.86,22.3,22.91,22.23,214902,482527743.0,2.96,-2.87,-0.66,0.72
2023-03-01,22.24,22.4,22.66,22.22,211944,475936088.0,1.97,0.45,0.1,0.71
2023-03-02,22.3,22.58,23.12,22.18,179426,407065033.0,4.2,0.8,0.18,0.6
2023-03-03,22.59,22.7,23.08,22.25,193523,439991695.0,3.68,0.53,0.12,0.65
2023-03-06,22.55,21.86,22.66,21.65,291315,638093664.0,4.45,-3.7,-0.84,0.97
2023-03-07,21.98,21.82,22.31,21.75,231514,509940097.0,2.56,-0.18,-0.04,0.77
2023-03-08,22.06,22.04,22.18,21.75,139505,306389723.0,1.97,1.01,0.22,0.47
2023-03-09,22.02,22.08,22.44,21.82,179001,395691972.0,2.81,0.18,0.04,0.6
2023-03-10,22.08,21.53,22.2,21.4,163695,354783568.0,3.62,-2.49,-0.55,0.55
2023-03-13,21.51,21.75,21.88,21.41,159733,345990758.0,2.18,1.02,0.22,0.53
2023-03-14,21.55,20.85,21.59,20.8,265347,558965510.0,3.63,-4.14,-0.9,0.89
2023-03-15,21.14,20.61,21.22,20.6,189558,394882262.0,2.97,-1.15,-0.24,0.63
2023-03-16,20.32,19.75,20.4,19.61,247231,492369326.0,3.83,-4.17,-0.86,0.83
2023-03-17,19.89,19.79,20.19,19.7,186377,371743536.0,2.48,0.2,0.04,0.62
2023-03-20,19.6,19.34,19.98,19.29,215669,420016327.0,3.49,-2.27,-0.45,0.72
2023-03-21,19.56,19.42,19.74,19.22,172714,335922470.0,2.69,0.41,0.08,0.58
2023-03-22,19.3,19.6,19.85,19.2,179183,350980763.0,3.35,0.93,0.18,0.6
2023-03-23,19.49,20.23,20.42,19.46,281733,565280495.0,4.9,3.21,0.63,0.94
2023-03-24,20.18,20.37,20.45,19.78,231638,467439528.0,3.31,0.69,0.14,0.77
2023-03-27,20.24,20.55,20.8,19.68,265653,542322898.0,5.5,0.88,0.18,0.89
2023-03-28,20.49,20.54,20.92,20.37,168423,348057344.0,2.68,-0.05,-0.01,0.56
2023-03-29,20.64,20.79,20.88,20.44,157949,326974605.0,2.14,1.22,0.25,0.53
2023-03-30,20.79,22.12,22.16,20.7,296031,637846306.0,7.02,6.4,1.33,0.99
2023-03-31,22.04,21.94,22.19,21.76,171641,376962220.0,1.94,-0.81,-0.18,0.57
2023-04-03,21.99,22.19,22.56,21.81,194818,431425923.0,3.42,1.14,0.25,0.65
2023-04-04,21.95,21.9,22.39,21.7,174356,383257917.0,3.11,-1.31,-0.29,0.58
2023-04-06,21.73,21.21,21.88,21.1,173731,371396269.0,3.56,-3.15,-0.69,0.58
2023-04-07,21.34,20.46,21.34,20.22,243642,501755396.0,5.28,-3.54,-0.75,0.81
2023-04-10,20.42,20.24,20.59,20.2,172337,350218102.0,1.91,-1.08,-0.22,0.58
2023-04-11,20.3,19.57,20.3,19.51,289818,569941234.0,3.9,-3.31,-0.67,0.97
2023-04-12,19.47,19.22,19.75,19.17,256626,496882738.0,2.96,-1.79,-0.35,0.86
2023-04-13,19.07,18.9,19.27,18.8,226162,429869849.0,2.45,-1.66,-0.32,0.76
2023-04-14,18.99,18.73,19.05,18.65,237934,446872974.0,2.12,-0.9,-0.17,0.8
2023-04-17,18.71,19.27,19.4,18.67,325963,623588069.0,3.9,2.88,0.54,1.09
2023-04-18,19.29,20.59,20.73,19.29,477295,968452261.0,7.47,6.85,1.32,1.6
2023-04-19,20.36,20.5,20.86,20.24,265313,546202481.0,3.01,-0.44,-0.09,0.89
2023-04-20,20.38,20.06,20.41,19.71,236736,471749640.0,3.41,-2.15,-0.44,0.79
2023-04-21,19.96,19.55,20.07,19.4,179302,353754903.0,3.34,-2.54,-0.51,0.6
2023-04-24,19.49,18.98,19.59,18.84,232710,443935412.0,3.84,-2.92,-0.57,0.78
2023-04-25,18.98,18.7,19.3,18.45,179975,337237421.0,4.48,-1.48,-0.28,0.6
2023-04-26,18.55,19.17,19.33,18.47,223040,425439794.0,4.6,2.51,0.47,0.75
2023-04-27,21.09,19.78,21.09,19.63,782433,1576163139.0,7.62,3.18,0.61,2.62
2023-04-28,19.85,20.15,20.62,19.75,433223,874514799.0,4.4,1.87,0.37,1.45
2023-05-04,19.99,20.15,20.32,19.41,455309,907131799.0,4.52,0.0,0.0,1.52
2023-05-05,20.09,20.0,20.32,19.82,297691,594875887.0,2.48,-0.74,-0.15,1.0
2023-05-08,20.06,20.62,20.88,20.05,517327,1057853008.0,4.15,3.1,0.62,1.73
2023-05-09,20.66,21.0,21.98,20.66,589205,1259157559.0,6.4,1.84,0.38,1.97
2023-05-10,21.0,20.69,21.16,20.45,300689,621241105.0,3.38,-1.48,-0.31,1.01
2023-05-11,20.61,20.87,20.97,20.4,308954,640231448.0,2.75,0.87,0.18,1.03
2023-05-12,20.66,20.31,20.76,20.23,238631,487394973.0,2.54,-2.68,-0.56,0.8
2023-05-15,20.22,20.74,20.78,20.0,292266,596447386.0,3.84,2.12,0.43,0.98
2023-05-16,20.77,21.0,21.32,20.7,312520,657845639.0,2.99,1.25,0.26,1.04
2023-05-17,20.99,20.98,21.19,20.65,156627,327329023.0,2.57,-0.1,-0.02,0.52
2023-05-18,20.98,20.98,21.3,20.9,219782,463173659.0,1.91,0.0,0.0,0.73
2023-05-19,20.76,20.73,20.95,20.42,184793,383822929.0,2.53,-1.19,-0.25,0.62
2023-05-22,20.53,20.31,20.8,20.13,245664,500292671.0,3.23,-2.03,-0.42,0.82
2023-05-23,20.39,19.95,20.5,19.89,246313,494619085.0,3.0,-1.77,-0.36,0.82
2023-05-24,19.86,19.6,19.88,19.4,264952,520377016.0,2.41,-1.75,-0.35,0.89
2023-05-25,19.52,19.15,19.61,18.94,256217,491836114.0,3.42,-2.3,-0.45,0.86
2023-05-26,19.0,18.65,19.0,18.23,266073,495414581.0,4.02,-2.61,-0.5,0.89
2023-05-29,18.67,18.77,18.91,18.24,305148,568167617.0,3.59,0.64,0.12,1.02
2023-05-30,18.61,19.36,19.37,18.5,376355,718659416.0,4.64,3.14,0.59,1.26
2023-05-31,19.3,18.7,19.3,18.59,382641,719141918.0,3.67,-3.41,-0.66,1.28
2023-06-01,18.7,19.06,19.2,18.52,266440,506280004.0,3.64,1.93,0.36,0.89
2023-06-02,19.08,19.76,19.82,19.07,332924,649089377.0,3.93,3.67,0.7,1.11
2023-06-05,19.68,19.6,19.89,19.36,243890,478435292.0,2.68,-0.81,-0.16,0.82
2023-06-06,19.59,19.69,19.91,19.41,245729,482907542.0,2.55,0.46,0.09,0.82
2023-06-07,19.55,19.49,19.6,19.07,333150,645793162.0,2.69,-1.02,-0.2,1.11
2023-06-08,16.44,16.73,16.93,16.38,389120,649196715.0,2.82,-14.16,-2.76,1.3
2023-06-09,16.7,16.77,17.29,16.62,398735,671847552.0,4.0,0.24,0.04,1.33
2023-06-12,16.71,16.7,16.8,16.55,321240,535556383.0,1.49,-0.42,-0.07,1.07
2023-06-13,16.8,16.53,16.8,16.38,219291,361945647.0,2.51,-1.02,-0.17,0.73
2023-06-14,16.5,16.69,16.93,16.48,258211,432249308.0,2.72,0.97,0.16,0.86
2023-06-15,16.69,16.76,16.8,16.53,185585,309232917.0,1.62,0.42,0.07,0.62
2023-06-16,16.81,16.83,17.39,16.71,299703,508195248.0,4.06,0.42,0.07,1.0
2023-06-19,16.85,16.58,17.14,16.55,176470,295558795.0,3.51,-1.49,-0.25,0.59
2023-06-20,16.59,16.29,16.64,16.24,142051,232837126.0,2.41,-1.75,-0.29,0.47
2023-06-21,16.46,16.09,16.49,16.05,151174,245231911.0,2.7,-1.23,-0.2,0.51
2023-06-26,15.98,15.59,15.98,15.51,197548,308678283.0,2.92,-3.11,-0.5,0.66
2023-06-27,15.6,15.85,16.05,15.43,163101,257265558.0,3.98,1.67,0.26,0.55
2023-06-28,15.79,16.17,16.25,15.78,175783,282565373.0,2.97,2.02,0.32,0.59
2023-06-29,16.2,15.88,16.2,15.84,128109,204159702.0,2.23,-1.79,-0.29,0.43
2023-06-30,15.87,16.32,16.42,15.84,201424,327025243.0,3.65,2.77,0.44,0.67
2023-07-03,16.28,17.05,17.09,16.28,344217,580534750.0,4.96,4.47,0.73,1.15
2023-07-04,17.06,17.13,17.16,16.92,170546,291190642.0,1.41,0.47,0.08,0.57
2023-07-05,17.13,17.3,17.38,17.02,181627,312717330.0,2.1,0.99,0.17,0.61
2023-07-06,17.29,17.27,17.36,17.13,115980,200023228.0,1.33,-0.17,-0.03,0.39
2023-07-07,17.18,17.27,17.41,17.13,106049,183425207.0,1.62,0.0,0.0,0.35
2023-07-10,17.41,17.25,17.54,17.25,116513,201985551.0,1.68,-0.12,-0.02,0.39
2023-07-11,17.32,17.0,17.36,16.97,122271,208741993.0,2.26,-1.45,-0.25,0.41
2023-07-12,17.08,16.99,17.14,16.88,86639,147452321.0,1.53,-0.06,-0.01,0.29
2023-07-13,16.95,17.09,17.2,16.91,105255,180130649.0,1.71,0.59,0.1,0.35
2023-07-14,17.04,17.17,17.25,17.01,79653,136696618.0,1.4,0.47,0.08,0.27
2023-07-17,17.01,16.94,17.04,16.75,97879,165345923.0,1.69,-1.34,-0.23,0.33
2023-07-18,16.98,16.83,16.99,16.78,79426,133808864.0,1.24,-0.65,-0.11,0.27
2023-07-19,16.7,16.88,17.04,16.67,88745,149749654.0,2.2,0.3,0.05,0.3
2023-07-20,16.97,17.24,17.43,16.96,214757,370310619.0,2.78,2.13,0.36,0.72
2023-07-21,17.2,16.74,17.24,16.66,182580,307847812.0,3.36,-2.9,-0.5,0.61
2023-07-24,16.74,16.46,16.74,16.43,110872,183199869.0,1.85,-1.67,-0.28,0.37
2023-07-25,16.56,16.92,17.26,16.56,275865,470243656.0,4.25,2.79,0.46,0.92
2023-07-26,16.99,16.91,17.35,16.86,183788,314198154.0,2.9,-0.06,-0.01,0.61
2023-07-27,16.96,16.74,17.05,16.69,97819,164741250.0,2.13,-1.01,-0.17,0.33
2023-07-28,16.7,17.04,17.09,16.58,133736,225902689.0,3.05,1.79,0.3,0.45
2023-07-31,17.1,16.34,17.21,16.22,557128,925645238.0,5.81,-4.11,-0.7,1.86
2023-08-01,16.4,16.34,16.43,16.26,221228,361155484.0,1.04,0.0,0.0,0.74
2023-08-02,16.4,15.97,16.4,15.92,282357,453005781.0,2.94,-2.26,-0.37,0.94
2023-08-03,15.88,16.0,16.04,15.86,155097,247421094.0,1.13,0.19,0.03,0.52
2023-08-04,16.04,15.82,16.17,15.77,249997,397887555.0,2.5,-1.13,-0.18,0.84
2023-08-07,15.8,15.75,15.91,15.71,144500,228238741.0,1.26,-0.44,-0.07,0.48
2023-08-08,15.74,15.98,16.06,15.73,197281,314317118.0,2.1,1.46,0.23,0.66
2023-08-09,15.99,15.83,16.0,15.76,120135,190523893.0,1.5,-0.94,-0.15,0.4
2023-08-10,15.87,16.29,16.37,15.85,265170,429463481.0,3.28,2.91,0.46,0.89
2023-08-11,16.2,16.06,16.38,15.95,228159,367634561.0,2.64,-1.41,-0.23,0.76
2023-08-14,16.02,16.08,16.09,15.79,143731,229019445.0,1.87,0.12,0.02,0.48
2023-08-15,16.1,16.23,16.4,16.09,180815,294093983.0,1.93,0.93,0.15,0.6
2023-08-16,16.21,16.23,16.3,16.16,87809,142621869.0,0.86,0.0,0.0,0.29
2023-08-17,16.16,16.09,16.22,15.89,143985,230655977.0,2.03,-0.86,-0.14,0.48
2023-08-18,15.7,15.57,15.77,15.41,349579,544463250.0,2.24,-3.23,-0.52,1.17
2023-08-21,15.5,15.24,15.52,15.21,183542,281218519.0,1.99,-2.12,-0.33,0.61
2023-08-22,15.25,15.54,15.58,15.13,167703,257184913.0,2.95,1.97,0.3,0.56
2023-08-23,15.48,15.98,16.21,15.46,458442,733411808.0,4.83,2.83,0.44,1.53
2023-08-24,15.98,16.01,16.16,15.81,158538,253164057.0,2.19,0.19,0.03,0.53
2023-08-25,16.02,15.7,16.03,15.64,172193,272093435.0,2.44,-1.94,-0.31,0.58
2023-08-28,16.36,16.12,16.44,16.07,296264,480853665.0,2.36,2.68,0.42,0.99
2023-08-29,16.05,16.15,16.25,15.96,177031,285594262.0,1.8,0.19,0.03,0.59
2023-08-30,16.18,16.28,16.36,16.11,189468,307947231.0,1.55,0.8,0.13,0.63
2023-08-31,16.23,16.28,16.42,16.18,119049,194373873.0,1.47,0.0,0.0,0.4
2023-09-01,16.42,17.13,17.18,16.39,586365,995045173.0,4.85,5.22,0.85,1.96
2023-09-04,17.38,17.75,18.0,17.38,589171,1044819359.0,3.62,3.62,0.62,1.97
2023-09-05,17.68,17.87,18.05,17.65,379542,678183141.0,2.25,0.68,0.12,1.27
2023-09-06,17.85,18.06,18.15,17.6,334040,598321817.0,3.08,1.06,0.19,1.12
2023-09-07,18.05,18.4,18.6,18.01,418874,772297585.0,3.27,1.88,0.34,1.4
2023-09-08,18.31,18.22,18.56,18.19,282417,517099640.0,2.01,-0.98,-0.18,0.94
2023-09-11,18.32,18.24,18.69,18.16,281851,518359494.0,2.91,0.11,0.02,0.94
2023-09-12,18.4,18.09,18.52,18.03,176269,321132038.0,2.69,-0.82,-0.15,0.59
2023-09-13,18.12,18.54,18.8,18.09,306574,567591304.0,3.92,2.49,0.45,1.02
2023-09-14,18.54,19.17,19.31,18.42,522634,989965968.0,4.8,3.4,0.63,1.75
2023-09-15,19.3,19.07,19.34,18.95,251961,481117924.0,2.03,-0.52,-0.1,0.84
2023-09-18,19.17,19.23,19.3,18.85,227062,434248447.0,2.36,0.84,0.16,0.76
2023-09-19,19.24,19.37,19.58,19.19,227680,441229631.0,2.03,0.73,0.14,0.76
2023-09-20,19.25,19.25,19.36,19.07,150102,288302202.0,1.5,-0.62,-0.12,0.5
2023-09-21,19.15,19.33,19.48,19.15,181802,351079305.0,1.71,0.42,0.08,0.61
2023-09-22,19.31,19.13,19.4,18.96,291332,557099656.0,2.28,-1.03,-0.2,0.97
2023-09-25,19.2,19.24,19.59,19.18,204903,395987951.0,2.14,0.58,0.11,0.68
2023-09-26,19.19,19.13,19.37,19.03,191298,365896628.0,1.77,-0.57,-0.11,0.64
2023-09-27,19.29,18.86,19.31,18.79,149323,282895745.0,2.72,-1.41,-0.27,0.5
2023-09-28,19.19,18.99,19.3,18.92,147911,282291002.0,2.01,0.69,0.13,0.49
2023-10-09,18.86,19.09,19.32,18.8,161212,307903363.0,2.74,0.53,0.1,0.54
2023-10-10,19.03,18.72,19.11,18.68,181334,341240968.0,2.25,-1.94,-0.37,0.61
2023-10-11,18.69,18.61,18.93,18.49,138389,257913974.0,2.35,-0.59,-0.11,0.46
2023-10-12,18.54,18.54,18.76,18.46,172124,320202668.0,1.61,-0.38,-0.07,0.58
2023-10-13,18.51,18.73,18.9,18.45,100382,187409885.0,2.43,1.02,0.19,0.34
2023-10-16,18.74,18.9,18.97,18.7,134755,253771762.0,1.44,0.91,0.17,0.45
2023-10-17,18.84,18.99,19.04,18.62,126443,238739234.0,2.22,0.48,0.09,0.42
2023-10-18,18.99,19.03,19.2,18.88,129536,246427664.0,1.69,0.21,0.04,0.43
2023-10-19,19.0,18.8,19.07,18.67,113148,213495381.0,2.1,-1.21,-0.23,0.38
2023-10-20,18.84,18.71,18.93,18.69,83190,156169792.0,1.28,-0.48,-0.09,0.28
2023-10-23,18.52,18.39,18.8,18.25,132638,245401500.0,2.94,-1.71,-0.32,0.44
2023-10-24,18.39,18.81,18.9,18.39,139806,261301719.0,2.77,2.28,0.42,0.47
2023-10-25,19.0,19.38,19.63,19.0,342944,664779911.0,3.35,3.03,0.57,1.15
2023-10-26,19.36,18.9,19.36,18.52,195485,368017996.0,4.33,-2.48,-0.48,0.65
2023-10-27,18.78,18.98,19.31,18.71,205866,392343609.0,3.17,0.42,0.08,0.69
2023-10-30,18.96,18.64,19.24,18.59,204081,384307662.0,3.42,-1.79,-0.34,0.68
2023-10-31,18.55,19.0,19.15,18.55,178353,337758560.0,3.22,1.93,0.36,0.6
2023-11-01,18.93,18.99,19.06,18.85,79901,151468029.0,1.11,-0.05,-0.01,0.27
2023-11-02,18.95,18.92,19.19,18.81,96169,182398925.0,2.0,-0.37,-0.07,0.32
2023-11-03,19.09,19.17,19.38,18.99,139054,267244938.0,2.06,1.32,0.25,0.46
2023-11-06,19.16,18.56,19.2,18.38,282257,523872083.0,4.28,-3.18,-0.61,0.94
2023-11-07,18.53,18.86,18.93,18.41,145548,272558779.0,2.8,1.62,0.3,0.49
2023-11-08,18.81,18.65,18.81,18.41,149641,277678689.0,2.12,-1.11,-0.21,0.5
2023-11-09,18.65,19.61,19.86,18.62,358014,694990508.0,6.65,5.15,0.96,1.2
2023-11-10,19.6,20.13,20.26,19.45,311421,619866709.0,4.13,2.65,0.52,1.04
2023-11-13,20.15,20.13,20.25,19.73,176683,353145726.0,2.58,0.0,0.0,0.59
2023-11-14,19.91,19.85,20.12,19.67,108949,216025577.0,2.24,-1.39,-0.28,0.36
2023-11-15,19.96,20.21,20.28,19.75,161661,324089060.0,2.67,1.81,0.36,0.54
2023-11-16,20.06,20.58,20.75,19.94,218692,445998679.0,4.01,1.83,0.37,0.73
2023-11-17,20.48,20.47,20.63,20.2,170717,348930889.0,2.09,-0.53,-0.11,0.57
2023-11-20,20.47,20.37,20.5,20.18,121287,246964612.0,1.56,-0.49,-0.1,0.41
2023-11-21,20.31,20.43,21.0,20.3,212844,438497677.0,3.44,0.29,0.06,0.71
2023-11-22,20.4,20.27,20.72,20.21,187007,381964416.0,2.5,-0.78,-0.16,0.63
2023-11-23,20.25,20.45,20.62,20.11,146624,299303478.0,2.52,0.89,0.18,0.49
2023-11-24,20.37,20.61,20.84,20.37,158121,325875478.0,2.3,0.78,0.16,0.53
2023-11-27,20.85,21.89,22.03,20.82,397289,862270811.0,5.87,6.21,1.28,1.33
2023-11-28,21.88,21.78,21.89,21.35,197849,429775652.0,2.47,-0.5,-0.11,0.66
2023-11-29,21.83,22.01,22.2,21.63,211528,465047246.0,2.62,1.06,0.23,0.71
2023-11-30,21.86,21.87,21.95,21.58,150329,327592447.0,1.68,-0.64,-0.14,0.5
2023-12-01,21.99,22.06,22.3,21.76,190367,418776847.0,2.47,0.87,0.19,0.64
2023-12-04,22.0,22.5,22.65,21.9,218737,487610623.0,3.4,1.99,0.44,0.73
2023-12-05,22.46,22.05,22.46,22.01,197132,437954925.0,2.0,-2.0,-0.45,0.66
2023-12-06,22.0,21.93,22.16,21.7,196972,430818059.0,2.09,-0.54,-0.12,0.66
2023-12-07,21.89,21.86,22.27,21.78,204976,449532452.0,2.23,-0.32,-0.07,0.69
2023-12-08,21.8,21.34,22.17,21.34,365203,795957246.0,3.8,-2.38,-0.52,1.22
2023-12-11,21.56,22.54,22.57,21.52,347823,770023878.0,4.92,5.62,1.2,1.16
2023-12-12,22.52,22.57,22.64,22.13,173439,389121852.0,2.26,0.13,0.03,0.58
2023-12-13,22.57,22.61,22.8,22.21,168847,381110374.0,2.61,0.18,0.04,0.56
2023-12-14,22.68,22.73,22.88,22.46,125338,284675286.0,1.86,0.53,0.12,0.42
2023-12-15,22.73,22.52,22.9,22.28,118972,268133420.0,2.73,-0.92,-0.21,0.4
2023-12-18,22.4,22.59,22.77,22.34,87320,197518368.0,1.91,0.31,0.07,0.29
2023-12-19,22.7,22.5,22.7,22.27,139929,314146549.0,1.9,-0.4,-0.09,0.47
2023-12-20,22.64,22.68,22.88,22.55,79533,180755341.0,1.47,0.8,0.18,0.27
