datetime,open,close,high,low,volume,turnover,amplitude,pricelimit,change,turnoverratio
2019-11-22,6.64,7.96,7.96,6.64,2254,1790305.0,23.87,43.94,2.43,0.54
2019-11-25,8.76,8.76,8.76,8.76,542,474669.0,0.0,10.05,0.8,0.13
2019-11-26,9.64,9.64,9.64,9.64,959,924273.0,0.0,10.05,0.88,0.23
2019-11-27,10.6,10.6,10.6,10.6,1885,1998534.0,0.0,9.96,0.96,0.45
2019-11-28,11.66,11.66,11.66,11.66,1889,2202620.0,0.0,10.0,1.06,0.45
2019-11-29,12.83,12.83,12.83,12.83,4327,5551233.0,0.0,10.03,1.17,1.04
2019-12-02,14.11,14.11,14.11,14.11,3382,4771945.0,0.0,9.98,1.28,0.81
2019-12-03,15.52,15.52,15.52,15.52,5351,8304022.0,0.0,9.99,1.41,1.28
2019-12-04,17.07,17.07,17.07,17.07,4239,7236126.0,0.0,9.99,1.55,1.01
2019-12-05,18.78,18.78,18.78,18.78,3474,6524303.0,0.0,10.02,1.71,0.83
2019-12-06,19.95,20.66,20.66,19.82,334533,679382240.0,4.47,10.01,1.88,80.07
2019-12-09,19.75,19.2,19.9,18.68,199780,387885648.0,5.91,-7.07,-1.46,47.82
2019-12-10,19.28,20.1,20.47,19.22,205327,406153312.0,6.51,4.69,0.9,49.14
2019-12-11,20.1,20.33,21.18,19.72,176088,358992784.0,7.26,1.14,0.23,42.15
2019-12-12,20.34,20.33,21.2,18.8,162858,330609648.0,11.81,0.0,0.0,38.98
2019-12-13,20.09,20.19,20.8,19.8,126991,256582329.0,4.92,-0.69,-0.14,30.4
2019-12-16,20.57,20.39,20.77,19.81,134521,272037952.0,4.75,0.99,0.2,32.2
2019-12-17,20.3,21.99,22.32,20.02,171619,356288064.0,11.28,7.85,1.6,41.08
2019-12-18,21.4,21.99,22.5,21.05,167144,361798320.0,6.59,0.0,0.0,40.01
2019-12-19,21.69,19.79,21.7,19.79,134514,275428160.0,8.69,-10.0,-2.2,32.2
2019-12-20,18.92,18.2,19.3,18.08,136126,254267680.0,6.16,-8.03,-1.59,32.58
2019-12-23,18.26,18.33,18.57,17.89,84061,153620638.0,3.74,0.71,0.13,20.12
2019-12-24,18.23,17.76,18.45,17.3,86212,153508947.0,6.27,-3.11,-0.57,20.63
2019-12-25,17.5,18.1,18.29,17.5,86491,155116237.0,4.45,1.91,0.34,20.7
2019-12-26,18.15,18.4,18.93,17.9,99747,183459990.0,5.69,1.66,0.3,23.87
2019-12-27,18.16,18.26,19.2,18.16,94992,177024202.0,5.65,-0.76,-0.14,22.74
2019-12-30,18.79,16.63,18.79,16.43,161597,277662624.0,12.92,-8.93,-1.63,38.68
2019-12-31,16.53,16.19,16.59,16.11,92964,151364045.0,2.89,-2.65,-0.44,22.25
2020-01-02,16.28,16.59,16.59,16.2,86145,141332929.0,2.41,2.47,0.4,20.62
2020-01-03,16.68,16.64,16.88,16.47,85053,141868697.0,2.47,0.3,0.05,20.36
2020-01-06,16.27,16.55,16.76,16.15,60616,99949026.0,3.67,-0.54,-0.09,14.51
2020-01-07,16.6,16.71,16.85,16.55,62958,105221353.0,1.81,0.97,0.16,15.07
2020-01-08,16.51,16.16,16.65,16.13,68647,112138947.0,3.11,-3.29,-0.55,16.43
2020-01-09,16.39,16.44,16.59,16.23,46017,75374021.0,2.23,1.73,0.28,11.01
2020-01-10,16.37,16.6,16.93,16.22,71480,118562711.0,4.32,0.97,0.16,17.11
2020-01-13,16.38,16.72,16.92,16.32,67450,112435225.0,3.61,0.72,0.12,16.14
2020-01-14,16.75,17.1,17.15,16.59,73746,124112901.0,3.35,2.27,0.38,17.65
2020-01-15,17.0,16.94,17.3,16.79,60668,103209404.0,2.98,-0.94,-0.16,14.52
2020-01-16,16.82,16.54,17.01,16.39,44989,75039438.0,3.66,-2.36,-0.4,10.77
2020-01-17,16.4,16.58,16.92,16.26,42397,70211459.0,3.99,0.24,0.04,10.15
2020-01-20,16.45,16.37,16.63,16.18,33254,54289906.0,2.71,-1.27,-0.21,7.96
2020-01-21,16.37,16.18,16.6,16.17,29245,47766524.0,2.63,-1.16,-0.19,7.0
2020-01-22,16.01,15.63,16.04,15.18,38355,60140554.0,5.32,-3.4,-0.55,9.18
2020-01-23,15.4,14.79,15.86,14.49,39143,59338593.0,8.77,-5.37,-0.84,9.37
2020-02-03,13.31,13.31,13.31,13.31,6891,9171921.0,0.0,-10.01,-1.48,1.65
2020-02-04,11.98,12.41,12.98,11.98,76405,93660070.0,7.51,-6.76,-0.9,18.29
2020-02-05,12.45,12.6,12.85,12.38,58539,73914768.0,3.79,1.53,0.19,14.01
2020-02-06,12.74,13.06,13.17,12.74,58064,75032051.0,3.41,3.65,0.46,13.9
2020-02-07,13.07,13.22,13.35,12.86,49218,64602884.0,3.75,1.23,0.16,11.78
2020-02-10,13.21,13.48,13.59,13.0,53019,70734622.0,4.46,1.97,0.26,12.69
2020-02-11,13.44,13.49,13.64,13.31,36409,49098352.0,2.45,0.07,0.01,8.71
2020-02-12,13.16,13.49,13.56,13.16,33308,44722257.0,2.97,0.0,0.0,7.97
2020-02-13,13.62,13.27,13.72,13.27,33521,45033669.0,3.34,-1.63,-0.22,8.02
2020-02-14,13.18,13.45,13.51,13.15,36956,49203430.0,2.71,1.36,0.18,8.85
2020-02-17,13.9,14.13,14.37,13.8,73799,103630060.0,4.24,5.06,0.68,17.66
2020-02-18,14.4,14.93,15.15,14.13,75734,111689524.0,7.22,5.66,0.8,18.13
2020-02-19,14.79,14.58,15.18,14.55,53826,79470774.0,4.22,-2.34,-0.35,12.88
2020-02-20,14.66,14.53,14.87,14.22,52241,75595624.0,4.46,-0.34,-0.05,12.5
2020-02-21,14.7,14.69,14.88,14.53,41897,61587988.0,2.41,1.1,0.16,10.03
2020-02-24,14.66,14.48,14.66,14.32,39784,57501763.0,2.31,-1.43,-0.21,9.52
2020-02-25,13.95,13.95,14.19,13.55,50477,70051646.0,4.42,-3.66,-0.53,12.08
2020-02-26,13.68,13.89,14.07,13.56,38372,53018396.0,3.66,-0.43,-0.06,9.18
2020-02-27,13.95,13.75,14.09,13.69,24016,33205684.0,2.88,-1.01,-0.14,5.75
2020-02-28,13.23,12.54,13.31,12.48,44853,58041191.0,6.04,-8.8,-1.21,10.74
2020-03-02,12.78,13.37,13.44,12.77,32265,42209036.0,5.34,6.62,0.83,7.72
2020-03-03,13.43,13.34,13.73,13.19,32047,43177401.0,4.04,-0.22,-0.03,7.67
2020-03-04,13.44,14.67,14.67,13.32,49585,71121074.0,10.12,9.97,1.33,11.87
2020-03-05,15.63,16.14,16.14,15.27,189777,298736688.0,5.93,10.02,1.47,45.42
2020-03-06,15.1,15.55,15.81,15.1,140030,216514753.0,4.4,-3.66,-0.59,33.52
2020-03-09,15.0,16.1,16.99,14.78,160632,259710973.0,14.21,3.54,0.55,38.45
2020-03-10,15.5,15.19,15.98,14.49,120871,180872835.0,9.25,-5.65,-0.91,28.93
2020-03-11,14.99,14.74,15.49,14.65,80587,121257460.0,5.53,-2.96,-0.45,19.29
2020-03-12,14.22,13.96,14.4,13.73,70209,98419074.0,4.55,-5.29,-0.78,16.8
2020-03-13,12.97,13.23,13.44,12.71,66972,87366880.0,5.23,-5.23,-0.73,16.03
2020-03-16,13.3,12.47,13.5,12.41,49691,64885207.0,8.24,-5.74,-0.76,11.89
2020-03-17,12.59,13.05,13.14,12.12,52886,66967614.0,8.18,4.65,0.58,12.66
2020-03-18,12.94,12.69,13.3,12.64,43905,57103959.0,5.06,-2.76,-0.36,10.51
2020-03-19,12.78,13.05,13.15,12.35,42886,55175577.0,6.3,2.84,0.36,10.26
2020-03-20,13.06,13.35,13.56,12.95,46268,61455424.0,4.67,2.3,0.3,11.07
2020-03-23,13.0,12.91,13.2,12.76,32838,42715292.0,3.3,-3.3,-0.44,7.86
2020-03-24,13.3,13.06,13.49,12.65,29879,38991330.0,6.51,1.16,0.15,7.15
2020-03-25,13.31,13.55,13.55,13.08,48085,64038623.0,3.6,3.75,0.49,11.51
2020-03-26,13.36,14.14,14.49,13.16,89995,125078363.0,9.82,4.35,0.59,21.54
2020-03-27,14.14,15.55,15.55,14.01,120377,179740518.0,10.89,9.97,1.41,28.81
2020-03-30,15.93,16.19,17.11,15.18,231251,375734464.0,12.41,4.12,0.64,55.35
2020-03-31,16.17,14.59,16.17,14.57,189123,288196864.0,9.88,-9.88,-1.6,45.27
2020-04-01,13.59,14.6,15.0,13.59,145227,207955062.0,9.66,0.07,0.01,34.76
2020-04-02,14.4,15.1,15.15,14.03,123583,181005112.0,7.67,3.42,0.5,29.58
2020-04-03,15.0,14.25,15.76,14.23,144420,215259790.0,10.13,-5.63,-0.85,34.57
2020-04-07,14.42,14.33,14.66,14.01,103109,147607469.0,4.56,0.56,0.08,24.68
2020-04-08,14.2,13.73,14.23,13.65,91814,127646424.0,4.05,-4.19,-0.6,21.98
2020-04-09,13.78,13.9,14.02,13.73,58171,80713499.0,2.11,1.24,0.17,13.92
2020-04-10,13.69,13.08,13.71,13.02,63989,85108269.0,4.96,-5.9,-0.82,15.32
2020-04-13,13.12,13.04,13.3,12.9,34773,45704250.0,3.06,-0.31,-0.04,8.32
2020-04-14,13.1,13.33,13.36,13.0,35577,46951717.0,2.76,2.22,0.29,8.52
2020-04-15,13.21,13.16,13.53,13.1,38085,50641401.0,3.23,-1.28,-0.17,9.12
2020-04-16,13.08,13.24,13.3,13.01,26660,35206132.0,2.2,0.61,0.08,6.38
2020-04-17,13.28,13.1,13.34,13.08,31466,41568684.0,1.96,-1.06,-0.14,7.53
2020-04-20,12.88,13.57,13.69,12.88,50786,67762553.0,6.18,3.59,0.47,12.16
2020-04-21,13.44,13.63,13.96,13.4,55232,75345098.0,4.13,0.44,0.06,13.22
2020-04-22,13.63,14.44,14.48,13.4,92644,130666855.0,7.92,5.94,0.81,22.17
2020-04-23,14.3,13.81,14.68,13.81,83707,117722226.0,6.02,-4.36,-0.63,20.04
2020-04-24,13.78,13.37,13.81,13.3,48609,65507184.0,3.69,-3.19,-0.44,11.63
2020-04-27,13.34,12.88,13.45,12.86,33627,44103704.0,4.41,-3.66,-0.49,8.05
2020-04-28,12.78,13.32,13.9,12.16,74043,96887113.0,13.51,3.42,0.44,17.72
2020-04-29,13.13,12.88,13.34,12.82,40108,52330444.0,3.9,-3.3,-0.44,9.6
2020-04-30,12.88,13.8,13.87,12.88,79277,106736470.0,7.69,7.14,0.92,18.97
2020-05-06,13.58,13.92,14.3,13.58,87969,122538378.0,5.22,0.87,0.12,21.06
2020-05-07,13.93,14.14,14.14,13.58,53286,73455308.0,4.02,1.58,0.22,12.75
2020-05-08,14.13,14.43,14.79,13.88,110935,159830387.0,6.44,2.05,0.29,26.55
2020-05-11,14.43,13.87,14.57,13.66,83565,117401108.0,6.31,-3.88,-0.56,20.0
2020-05-12,13.82,15.26,15.26,13.7,83934,124056955.0,11.25,10.02,1.39,20.09
2020-05-13,15.52,14.75,15.64,14.61,151304,226101884.0,6.75,-3.34,-0.51,36.21
2020-05-14,14.66,14.62,14.78,14.3,83051,120251940.0,3.25,-0.88,-0.13,19.88
2020-05-15,14.52,14.38,14.87,14.29,77684,112969481.0,3.97,-1.64,-0.24,18.59
2020-05-18,14.41,13.63,14.44,13.61,65545,90841146.0,5.77,-5.22,-0.75,15.69
2020-05-19,13.6,13.86,13.95,13.6,42169,58225099.0,2.57,1.69,0.23,10.09
2020-05-20,13.78,13.88,14.14,13.58,53584,74598232.0,4.04,0.14,0.02,12.83
2020-05-21,13.79,14.2,14.85,13.79,79200,113831502.0,7.64,2.31,0.32,18.96
2020-05-22,13.88,14.62,14.88,13.7,111161,161446213.0,8.31,2.96,0.42,26.61
2020-05-25,14.4,15.09,15.13,14.07,109020,159446602.0,7.25,3.21,0.47,26.09
2020-05-26,14.81,14.9,14.99,14.58,82955,122909004.0,2.72,-1.26,-0.19,19.86
2020-05-27,14.85,14.48,14.9,14.26,59755,87019148.0,4.3,-2.82,-0.42,14.3
2020-05-28,14.51,15.04,15.93,14.4,114683,173416932.0,10.57,3.87,0.56,27.45
2020-05-29,14.8,14.59,14.83,14.55,64944,95250429.0,1.86,-2.99,-0.45,15.54
2020-06-01,14.42,15.11,15.28,14.42,83517,124463080.0,5.89,3.56,0.52,19.99
2020-06-02,15.05,15.46,15.53,14.88,90619,138086238.0,4.3,2.32,0.35,21.69
2020-06-03,15.47,15.13,15.65,15.04,83660,128163467.0,3.95,-2.13,-0.33,20.02
2020-06-04,15.08,14.91,15.18,14.71,51200,76011979.0,3.11,-1.45,-0.22,12.25
2020-06-05,14.8,14.71,14.94,14.63,34263,50515424.0,2.08,-1.34,-0.2,8.2
2020-06-08,14.88,15.29,15.29,14.75,65616,99157455.0,3.67,3.94,0.58,15.71
2020-06-09,15.12,14.78,15.27,14.75,54556,81568559.0,3.4,-3.34,-0.51,13.06
2020-06-10,14.7,14.23,14.7,14.1,50172,71683420.0,4.06,-3.72,-0.55,12.01
2020-06-11,14.15,14.35,14.39,14.13,29481,42067973.0,1.83,0.84,0.12,7.06
2020-06-12,13.96,14.05,14.17,13.85,29545,41350455.0,2.23,-2.09,-0.3,7.07
2020-06-15,13.94,13.82,14.2,13.8,27613,38619569.0,2.85,-1.64,-0.23,6.61
2020-06-16,13.96,14.18,14.19,13.91,22476,31571760.0,2.03,2.6,0.36,5.38
2020-06-17,14.1,14.1,14.26,13.93,22897,32195533.0,2.33,-0.56,-0.08,5.48
2020-06-18,14.14,14.01,14.16,13.95,15726,22042864.0,1.49,-0.64,-0.09,3.76
2020-06-19,14.07,13.86,14.07,13.86,24041,33528588.0,1.5,-1.07,-0.15,5.75
2020-06-22,13.86,13.91,14.02,13.82,18867,26243391.0,1.44,0.36,0.05,4.52
2020-06-23,13.91,13.52,14.0,13.5,29697,40697351.0,3.59,-2.8,-0.39,7.11
2020-06-24,13.6,13.36,13.65,13.31,18835,25270444.0,2.51,-1.18,-0.16,4.51
2020-06-29,13.35,13.42,13.55,13.21,16110,21581270.0,2.54,0.45,0.06,3.86
2020-06-30,13.46,13.75,13.78,13.4,22073,30049092.0,2.83,2.46,0.33,5.28
2020-07-01,13.7,13.58,13.74,13.47,19385,26339981.0,1.96,-1.24,-0.17,4.64
2020-07-02,13.61,13.68,13.75,13.48,17577,23953588.0,1.99,0.74,0.1,4.21
2020-07-03,13.75,13.84,13.85,13.65,22929,31530578.0,1.46,1.17,0.16,5.49
2020-07-06,13.85,14.36,14.37,13.84,44813,63433975.0,3.83,3.76,0.52,10.73
2020-07-07,14.55,14.26,14.55,14.2,55087,79107125.0,2.44,-0.7,-0.1,13.18
2020-07-08,14.23,14.66,14.74,14.13,54474,78973335.0,4.28,2.81,0.4,13.04
2020-07-09,14.6,14.85,14.95,14.47,58327,85719918.0,3.27,1.3,0.19,13.96
2020-07-10,14.71,14.52,14.85,14.52,42454,62280328.0,2.22,-2.22,-0.33,10.16
2020-07-13,14.5,15.09,15.16,14.42,55383,82659055.0,5.1,3.93,0.57,13.26
2020-07-14,15.07,14.84,15.2,14.39,52018,77058138.0,5.37,-1.66,-0.25,12.45
2020-07-15,14.8,14.34,14.92,14.3,36355,53020217.0,4.18,-3.37,-0.5,8.7
2020-07-16,14.31,13.52,14.49,13.32,36965,51624541.0,8.16,-5.72,-0.82,8.85
2020-07-17,13.52,13.57,13.7,13.33,20758,28099820.0,2.74,0.37,0.05,4.97
2020-07-20,13.68,14.16,14.18,13.58,29253,40915166.0,4.42,4.35,0.59,7.0
2020-07-21,14.07,14.33,14.5,14.05,30065,42988042.0,3.18,1.2,0.17,7.2
2020-07-22,14.33,14.4,14.74,14.11,33577,48720647.0,4.4,0.49,0.07,8.04
2020-07-23,14.32,14.52,14.6,13.9,29634,42413822.0,4.86,0.83,0.12,7.09
2020-07-24,14.42,13.71,14.56,13.61,32157,45481767.0,6.54,-5.58,-0.81,7.7
2020-07-27,13.61,13.56,13.78,13.33,17785,24051120.0,3.28,-1.09,-0.15,4.26
2020-07-28,13.59,13.77,13.86,13.58,16537,22707792.0,2.06,1.55,0.21,3.96
2020-07-29,13.77,13.99,14.13,13.56,23571,32780981.0,4.14,1.6,0.22,5.64
2020-07-30,14.3,15.39,15.39,14.1,69519,104628771.0,9.22,10.01,1.4,16.64
2020-07-31,15.03,14.95,15.35,14.84,114720,172779899.0,3.31,-2.86,-0.44,27.46
2020-08-03,14.96,15.2,15.28,14.87,78110,118005216.0,2.74,1.67,0.25,18.7
2020-08-04,15.22,15.39,15.74,14.93,82669,126097888.0,5.33,1.25,0.19,19.79
2020-08-05,15.06,15.12,15.24,14.69,50032,75073560.0,3.57,-1.75,-0.27,11.98
2020-08-06,15.13,15.52,16.47,14.88,98169,153799992.0,10.52,2.65,0.4,23.5
2020-08-07,15.4,15.87,16.35,15.22,95652,152075565.0,7.28,2.26,0.35,22.89
2020-08-10,15.73,15.43,16.12,15.21,67301,104755911.0,5.73,-2.77,-0.44,16.11
2020-08-11,15.75,15.57,16.36,15.38,82675,131465116.0,6.35,0.91,0.14,19.79
2020-08-12,15.03,14.49,15.22,14.23,69369,100832307.0,6.36,-6.94,-1.08,16.6
2020-08-13,14.33,14.4,14.55,14.1,37053,53114609.0,3.11,-0.62,-0.09,8.87
2020-08-14,14.3,14.13,14.33,13.84,41161,57836290.0,3.4,-1.88,-0.27,9.85
2020-08-17,14.14,15.54,15.54,14.14,114178,172169351.0,9.91,9.98,1.41,27.33
2020-08-18,15.69,16.3,16.9,15.65,154405,249295736.0,8.04,4.89,0.76,36.96
2020-08-19,16.56,15.95,16.7,15.63,111505,181291741.0,6.56,-2.15,-0.35,26.69
2020-08-20,15.96,15.52,16.68,15.37,91864,146290766.0,8.21,-2.7,-0.43,21.99
2020-08-21,15.56,15.96,16.29,15.51,89667,142379062.0,5.03,2.84,0.44,21.46
2020-08-24,15.6,14.87,15.6,13.7,79195,117712052.0,11.9,-6.83,-1.09,18.96
2020-08-25,14.85,16.8,17.69,14.6,144341,234168465.0,20.78,12.98,1.93,34.55
2020-08-26,17.11,16.49,18.12,15.81,156343,264479971.0,13.75,-1.85,-0.31,37.42
2020-08-27,16.0,16.41,16.49,15.05,107283,171454110.0,8.73,-0.49,-0.08,25.68
2020-08-28,16.51,15.86,16.58,15.56,85885,136285543.0,6.22,-3.35,-0.55,20.56
2020-08-31,15.83,15.86,16.47,15.66,71247,114129586.0,5.11,0.0,0.0,17.05
2020-09-01,15.71,17.12,17.26,15.4,138342,230348930.0,11.73,7.94,1.26,33.11
2020-09-02,16.84,17.22,17.69,16.7,137643,235541700.0,5.78,0.58,0.1,32.94
2020-09-03,17.01,16.88,18.12,16.36,116026,199012814.0,10.22,-1.97,-0.34,27.77
2020-09-04,16.0,17.25,17.66,16.0,95013,162340944.0,9.83,2.19,0.37,22.74
2020-09-07,17.06,17.54,17.97,16.8,119400,206978233.0,6.78,1.68,0.29,28.58
2020-09-08,17.38,17.35,17.55,16.83,86925,149199760.0,4.1,-1.08,-0.19,20.81
2020-09-09,17.2,20.82,20.82,17.03,166440,328569338.0,21.84,20.0,3.47,39.84
2020-09-10,19.6,16.66,20.55,16.66,189745,345041366.0,18.68,-19.98,-4.16,45.42
2020-09-11,15.17,16.04,16.39,15.13,97227,154215035.0,7.56,-3.72,-0.62,23.27
2020-09-14,16.04,16.7,16.97,15.66,94839,156327119.0,8.17,4.11,0.66,22.7
2020-09-15,16.71,17.27,17.46,16.36,117466,200749104.0,6.59,3.41,0.57,28.12
2020-09-16,17.06,16.78,17.63,16.16,73699,123977284.0,8.51,-2.84,-0.49,17.64
2020-09-17,16.66,17.03,17.33,16.43,67212,113780440.0,5.36,1.49,0.25,16.09
2020-09-18,16.9,16.29,17.15,16.24,73445,121041534.0,5.34,-4.35,-0.74,17.58
2020-09-21,16.3,16.21,16.54,15.88,48705,79027745.0,4.05,-0.49,-0.08,11.66
2020-09-22,16.04,15.65,16.19,15.58,40331,64038072.0,3.76,-3.45,-0.56,9.65
2020-09-23,15.81,16.13,16.19,15.66,34468,55027540.0,3.39,3.07,0.48,8.25
2020-09-24,16.04,14.86,16.16,14.86,57041,87333453.0,8.06,-7.87,-1.27,13.65
2020-09-25,14.99,14.45,15.09,14.42,31496,46307509.0,4.51,-2.76,-0.41,7.54
2020-09-28,14.53,13.98,14.63,13.85,25379,35928461.0,5.4,-3.25,-0.47,6.07
2020-09-29,14.04,14.15,14.37,13.91,19850,28174650.0,3.29,1.22,0.17,4.75
2020-09-30,14.21,14.12,14.31,14.01,18579,26323086.0,2.12,-0.21,-0.03,4.45
2020-10-09,14.39,14.59,14.7,14.38,26787,38999666.0,2.27,3.33,0.47,6.41
2020-10-12,14.61,15.15,15.23,14.61,40365,60670928.0,4.25,3.84,0.56,9.66
2020-10-13,15.15,15.23,15.3,14.86,29840,45029116.0,2.9,0.53,0.08,7.14
2020-10-14,15.24,15.99,16.25,15.24,89239,141693579.0,6.63,4.99,0.76,21.36
2020-10-15,15.61,16.74,18.18,15.33,147845,244027402.0,17.82,4.69,0.75,35.39
2020-10-16,16.38,16.77,17.18,16.22,110691,183817114.0,5.73,0.18,0.03,26.49
2020-10-19,16.51,18.64,19.98,16.4,187877,338145024.0,21.35,11.15,1.87,44.97
2020-10-20,17.9,18.1,18.37,17.58,138996,248618533.0,4.24,-2.9,-0.54,33.27
2020-10-21,17.8,17.42,17.8,16.85,120848,209721126.0,5.25,-3.76,-0.68,28.92
2020-10-22,17.02,18.26,18.35,16.82,131425,232805352.0,8.78,4.82,0.84,31.46
2020-10-23,18.15,17.65,18.58,17.28,84782,150492123.0,7.12,-3.34,-0.61,20.29
2020-10-26,17.88,17.6,17.88,16.66,80977,140178408.0,6.91,-0.28,-0.05,19.38
2020-10-27,17.42,17.98,18.66,17.41,93652,168272232.0,7.1,2.16,0.38,22.42
2020-10-28,17.41,17.48,17.8,16.25,88632,151122014.0,8.62,-2.78,-0.5,21.21
2020-10-29,16.9,18.01,18.55,16.85,101165,181093127.0,9.73,3.03,0.53,24.21
2020-10-30,17.8,16.7,18.5,16.7,82367,145233852.0,9.99,-7.27,-1.31,19.71
2020-11-02,16.88,18.06,18.38,16.65,108482,193838262.0,10.36,8.14,1.36,25.96
2020-11-03,18.33,18.88,19.15,17.9,140406,261039810.0,6.92,4.54,0.82,33.61
2020-11-04,19.25,18.47,19.7,17.7,145918,269264240.0,10.59,-2.17,-0.41,34.93
2020-11-05,18.58,19.15,19.25,18.08,130890,244242543.0,6.33,3.68,0.68,31.33
2020-11-06,18.68,17.8,18.9,17.35,113276,203221228.0,8.09,-7.05,-1.35,27.11
2020-11-09,17.59,18.28,18.64,17.35,98699,179753770.0,7.25,2.7,0.48,23.62
2020-11-10,18.51,17.4,18.51,17.1,74158,131760897.0,7.71,-4.81,-0.88,17.75
2020-11-11,17.57,17.37,18.03,16.87,55574,96661350.0,6.67,-0.17,-0.03,13.3
2020-11-12,17.36,17.89,17.94,16.88,68414,119771092.0,6.1,2.99,0.52,16.37
2020-11-13,17.71,18.98,19.85,17.44,159891,302954176.0,13.47,6.09,1.09,38.27
2020-11-16,19.03,20.25,20.5,18.48,187379,366655344.0,10.64,6.69,1.27,44.85
2020-11-17,19.62,18.75,19.69,17.6,150270,278630640.0,10.32,-7.41,-1.5,35.97
2020-11-18,18.21,18.94,19.2,17.71,148081,271916816.0,7.95,1.01,0.19,35.44
2020-11-19,18.48,17.2,18.49,17.0,121221,212894053.0,7.87,-9.19,-1.74,29.01
2020-11-20,16.66,15.99,16.88,15.92,113273,184132456.0,5.58,-7.03,-1.21,27.11
2020-11-23,15.85,17.48,18.38,15.78,171183,297783168.0,16.26,9.32,1.49,7.47
2020-11-24,16.91,16.35,17.28,16.08,128690,212922703.0,6.86,-6.46,-1.13,5.62
2020-11-25,16.3,15.9,16.5,15.8,66833,107190248.0,4.28,-2.75,-0.45,2.92
2020-11-26,16.0,15.4,16.14,15.27,51191,79338345.0,5.47,-3.14,-0.5,2.24
2020-11-27,15.44,15.17,15.52,15.0,39513,60062357.0,3.38,-1.49,-0.23,1.73
2020-11-30,15.15,15.3,15.47,14.93,33686,51363237.0,3.56,0.86,0.13,1.47
2020-12-01,15.46,15.3,15.85,15.11,58474,90312305.0,4.84,0.0,0.0,2.55
2020-12-02,15.16,14.68,15.2,14.5,63953,94478011.0,4.58,-4.05,-0.62,2.79
2020-12-03,14.52,14.77,14.98,14.42,39381,57990254.0,3.81,0.61,0.09,1.72
2020-12-04,14.77,15.31,15.48,14.56,62400,94371270.0,6.23,3.66,0.54,2.72
2020-12-07,15.3,15.31,15.48,15.1,36998,56557698.0,2.48,0.0,0.0,1.62
2020-12-08,15.28,14.62,15.28,14.54,48204,71262599.0,4.83,-4.51,-0.69,2.1
2020-12-09,14.51,13.89,14.64,13.76,53822,76035791.0,6.02,-4.99,-0.73,2.35
2020-12-10,13.88,14.02,14.3,13.84,24539,34467086.0,3.31,0.94,0.13,1.07
2020-12-11,14.05,13.32,14.1,12.96,59472,79640347.0,8.13,-4.99,-0.7,2.6
2020-12-14,13.1,13.43,13.49,12.88,34462,45614970.0,4.58,0.83,0.11,1.5
2020-12-15,13.4,13.0,13.4,12.88,38147,49849948.0,3.87,-3.2,-0.43,1.67
2020-12-16,12.99,12.58,13.05,12.48,35486,45192067.0,4.38,-3.23,-0.42,1.55
2020-12-17,12.65,12.81,12.91,12.29,39310,49764905.0,4.93,1.83,0.23,1.72
2020-12-18,12.81,12.44,12.99,12.37,43897,55283817.0,4.84,-2.89,-0.37,1.92
2020-12-21,12.41,12.33,12.59,12.22,27255,33752145.0,2.97,-0.88,-0.11,1.19
2020-12-22,12.25,11.55,12.25,11.5,69303,81996235.0,6.08,-6.33,-0.78,3.03
2020-12-23,11.45,11.66,11.91,11.36,49773,58018254.0,4.76,0.95,0.11,2.17
2020-12-24,11.56,11.24,11.68,11.1,46148,52155855.0,4.97,-3.6,-0.42,2.01
2020-12-25,11.31,11.21,11.66,11.14,38786,43812612.0,4.63,-0.27,-0.03,1.69
2020-12-28,11.22,10.86,11.27,10.84,33474,36840937.0,3.84,-3.12,-0.35,1.46
2020-12-29,11.0,10.77,11.3,10.74,36290,39750307.0,5.16,-0.83,-0.09,1.58
2020-12-30,10.7,10.74,10.95,10.7,25284,27314177.0,2.32,-0.28,-0.03,1.1
2020-12-31,10.81,10.87,11.05,10.73,31792,34706986.0,2.98,1.21,0.13,1.51
2021-01-04,10.9,11.06,11.08,10.85,28773,31642403.0,2.12,1.75,0.19,1.37
2021-01-05,11.05,11.18,11.66,10.62,69138,76299724.0,9.4,1.08,0.12,3.29
2021-01-06,10.99,10.63,10.99,10.62,45953,49257014.0,3.31,-4.92,-0.55,2.19
2021-01-07,10.62,9.95,10.62,9.87,49923,50500135.0,7.06,-6.4,-0.68,2.38
2021-01-08,9.99,9.89,10.38,9.7,54703,55097928.0,6.83,-0.6,-0.06,2.61
2021-01-11,9.89,9.31,10.03,9.24,52784,50256926.0,7.99,-5.86,-0.58,2.51
2021-01-12,9.4,9.31,9.95,9.23,66548,63758635.0,7.73,0.0,0.0,3.17
2021-01-13,9.35,8.98,9.42,8.88,43688,39599329.0,5.8,-3.54,-0.33,2.08
2021-01-14,9.04,9.03,9.18,8.74,47794,43079952.0,4.9,0.56,0.05,2.28
2021-01-15,9.2,9.44,9.57,9.06,55323,51632680.0,5.65,4.54,0.41,2.64
2021-01-18,9.4,9.77,9.8,9.35,38508,37110505.0,4.77,3.5,0.33,1.83
2021-01-19,9.78,10.11,10.2,9.67,54556,54647842.0,5.42,3.48,0.34,2.6
2021-01-20,10.04,10.25,10.73,9.96,62520,64127460.0,7.62,1.38,0.14,2.98
2021-01-21,10.21,10.09,10.29,9.94,43013,43437917.0,3.41,-1.56,-0.16,2.05
2021-01-22,10.01,9.93,10.12,9.89,26609,26546251.0,2.28,-1.59,-0.16,1.27
2021-01-25,9.81,9.63,9.98,9.55,32233,31268810.0,4.33,-3.02,-0.3,1.54
2021-01-26,9.6,9.62,9.94,9.59,22725,22140084.0,3.63,-0.1,-0.01,1.08
2021-01-27,9.63,9.48,9.79,9.36,27337,26077836.0,4.47,-1.46,-0.14,1.3
2021-01-28,9.42,9.34,9.73,9.31,27012,25609235.0,4.43,-1.48,-0.14,1.29
2021-01-29,9.37,9.19,9.84,9.07,43305,40721556.0,8.24,-1.61,-0.15,2.06
2021-02-01,9.01,9.4,9.49,9.01,24946,23303953.0,5.22,2.29,0.21,1.19
2021-02-02,9.54,9.53,9.58,9.22,25069,23717835.0,3.83,1.38,0.13,1.19
2021-02-03,9.41,9.08,9.44,9.05,27977,25691185.0,4.09,-4.72,-0.45,1.33
2021-02-04,9.32,8.82,9.32,8.66,21917,19506810.0,7.27,-2.86,-0.26,1.04
2021-02-05,8.91,8.59,9.3,8.59,24516,21887502.0,8.05,-2.61,-0.23,1.17
2021-02-08,8.63,8.39,8.75,8.33,26220,22288763.0,4.89,-2.33,-0.2,1.25
2021-02-09,8.39,8.58,8.9,8.26,33169,28503840.0,7.63,2.26,0.19,1.58
2021-02-10,8.52,8.69,8.9,8.4,33678,29094869.0,5.83,1.28,0.11,1.6
2021-02-18,8.72,9.03,9.07,8.72,27574,24765064.0,4.03,3.91,0.34,1.31
2021-02-19,8.97,9.37,9.43,8.97,26303,24327236.0,5.09,3.77,0.34,1.25
2021-02-22,10.0,10.28,10.5,9.85,79405,81056516.0,6.94,9.71,0.91,3.78
2021-02-23,9.66,9.77,10.23,9.66,51584,51041902.0,5.54,-4.96,-0.51,2.46
2021-02-24,9.7,10.15,10.29,9.65,56838,57125625.0,6.55,3.89,0.38,2.71
2021-02-25,10.06,9.74,10.2,9.66,41297,40526667.0,5.32,-4.04,-0.41,1.97
2021-02-26,9.74,9.8,10.18,9.58,39879,39363508.0,6.16,0.62,0.06,1.9
2021-03-01,9.9,10.05,10.15,9.9,34958,35080679.0,2.55,2.55,0.25,1.67
2021-03-02,9.96,10.3,10.3,9.73,54249,54771474.0,5.67,2.49,0.25,2.58
2021-03-03,10.19,10.07,10.33,9.91,40743,40955038.0,4.08,-2.23,-0.23,1.94
2021-03-04,10.07,9.7,10.07,9.68,30785,30357623.0,3.87,-3.67,-0.37,1.47
2021-03-05,9.62,10.01,10.14,9.62,35315,35174521.0,5.36,3.2,0.31,1.68
2021-03-08,9.96,10.02,10.3,9.95,39367,39937561.0,3.5,0.1,0.01,1.88
2021-03-09,10.3,12.02,12.02,10.22,232147,271634336.0,17.96,19.96,2.0,11.06
2021-03-10,11.32,11.12,11.49,10.7,210065,233376204.0,6.57,-7.49,-0.9,10.01
2021-03-11,10.88,11.06,11.5,10.57,144062,157871272.0,8.36,-0.54,-0.06,6.86
2021-03-12,11.08,10.81,11.16,10.6,95432,102704189.0,5.06,-2.26,-0.25,4.55
2021-03-15,10.45,10.85,11.08,10.4,81015,87280448.0,6.29,0.37,0.04,3.86
2021-03-16,10.78,11.14,11.29,10.56,100088,109405898.0,6.73,2.67,0.29,4.77
2021-03-17,11.01,11.19,11.19,10.8,71294,78331346.0,3.5,0.45,0.05,3.4
2021-03-18,11.1,10.89,11.88,10.89,139682,158659470.0,8.85,-2.68,-0.3,6.65
2021-03-19,10.59,10.28,10.87,10.18,105719,110937378.0,6.34,-5.6,-0.61,5.04
2021-03-22,10.27,10.76,11.36,10.27,120123,130477390.0,10.6,4.67,0.48,5.72
2021-03-23,10.71,10.13,10.84,10.08,91551,94192402.0,7.06,-5.86,-0.63,4.36
2021-03-24,9.96,9.42,10.11,9.3,76279,73326282.0,8.0,-7.01,-0.71,3.63
2021-03-25,9.3,9.22,9.45,9.11,46003,42738115.0,3.61,-2.12,-0.2,2.19
2021-03-26,9.27,9.4,9.44,9.15,34332,31932497.0,3.15,1.95,0.18,1.64
2021-03-29,9.43,9.32,9.48,9.23,27557,25619835.0,2.66,-0.85,-0.08,1.31
2021-03-30,9.31,9.08,9.32,8.96,36043,32677371.0,3.86,-2.58,-0.24,1.72
2021-03-31,9.07,9.2,9.23,8.94,24092,21967427.0,3.19,1.32,0.12,1.15
2021-04-01,9.21,9.31,9.41,9.17,31733,29519528.0,2.61,1.2,0.11,1.51
2021-04-02,9.36,9.28,9.43,9.23,27463,25623154.0,2.15,-0.32,-0.03,1.31
2021-04-06,9.27,9.34,9.37,9.19,19867,18506575.0,1.94,0.65,0.06,0.95
2021-04-07,9.37,9.56,9.65,9.34,38642,36853434.0,3.32,2.36,0.22,1.84
2021-04-08,9.55,9.34,9.56,9.3,30194,28327345.0,2.72,-2.3,-0.22,1.44
2021-04-09,9.3,9.17,9.31,9.13,23462,21581597.0,1.93,-1.82,-0.17,1.12
2021-04-12,9.23,8.99,9.23,8.91,23350,21109342.0,3.49,-1.96,-0.18,1.11
2021-04-13,8.97,9.02,9.11,8.92,16979,15306334.0,2.11,0.33,0.03,0.81
2021-04-14,8.93,8.96,9.0,8.81,23411,20817474.0,2.11,-0.67,-0.06,1.11
2021-04-15,8.96,8.77,9.07,8.75,20355,17971718.0,3.57,-2.12,-0.19,0.97
2021-04-16,8.85,9.07,9.15,8.73,29985,27030438.0,4.79,3.42,0.3,1.43
2021-04-19,9.1,9.2,9.24,9.1,19070,17518122.0,1.54,1.43,0.13,0.91
2021-04-20,9.17,9.14,9.3,9.1,18691,17189084.0,2.17,-0.65,-0.06,0.89
2021-04-21,9.14,9.12,9.18,8.94,14957,13562556.0,2.63,-0.22,-0.02,0.71
2021-04-22,9.16,9.09,9.23,9.04,13616,12433472.0,2.08,-0.33,-0.03,0.65
2021-04-23,9.09,8.93,9.11,8.85,17440,15568137.0,2.86,-1.76,-0.16,0.83
2021-04-26,8.96,9.03,9.37,8.96,30814,28221884.0,4.59,1.12,0.1,1.47
2021-04-27,8.96,8.76,8.98,8.63,25910,22760491.0,3.88,-2.99,-0.27,1.23
2021-04-28,8.83,8.84,8.89,8.68,11709,10326243.0,2.4,0.91,0.08,0.56
2021-04-29,8.86,8.85,8.97,8.81,17300,15388189.0,1.81,0.11,0.01,0.82
2021-04-30,8.92,8.61,8.98,8.55,19095,16659384.0,4.86,-2.71,-0.24,0.91
2021-05-06,8.57,8.66,8.77,8.56,12398,10765552.0,2.44,0.58,0.05,0.59
2021-05-07,8.67,8.75,8.87,8.55,18384,16021984.0,3.7,1.04,0.09,0.87
2021-05-10,8.75,8.77,8.84,8.64,15800,13771113.0,2.29,0.23,0.02,0.75
2021-05-11,8.83,9.08,9.13,8.77,33964,30433569.0,4.1,3.53,0.31,1.62
2021-05-12,9.15,9.03,9.28,8.96,34052,30929596.0,3.52,-0.55,-0.05,1.62
2021-05-13,8.88,8.79,8.97,8.76,22543,19985028.0,2.33,-2.66,-0.24,1.07
2021-05-14,8.82,8.91,8.94,8.76,17420,15414541.0,2.05,1.37,0.12,0.83
2021-05-17,8.86,8.71,8.9,8.71,19967,17524890.0,2.13,-2.24,-0.2,0.95
2021-05-18,8.74,8.78,8.78,8.65,9664,8437412.0,1.49,0.8,0.07,0.46
2021-05-19,8.8,8.71,8.81,8.7,10309,9010458.0,1.25,-0.8,-0.07,0.49
2021-05-20,8.66,8.95,9.18,8.64,32330,28773588.0,6.2,2.76,0.24,1.54
2021-05-21,8.88,9.07,9.16,8.8,31371,28219142.0,4.02,1.34,0.12,1.49
2021-05-24,9.08,9.06,9.08,8.91,18741,16872204.0,1.87,-0.11,-0.01,0.89
2021-05-25,9.02,9.06,9.08,8.95,18426,16613722.0,1.43,0.0,0.0,0.88
2021-05-26,9.07,9.14,9.24,9.02,28279,25895084.0,2.43,0.88,0.08,1.35
2021-05-27,9.1,9.13,9.26,9.1,25169,23100587.0,1.75,-0.11,-0.01,1.2
2021-05-28,9.13,8.97,9.22,8.92,24400,22073180.0,3.29,-1.75,-0.16,1.16
2021-05-31,8.98,9.16,9.25,8.96,23573,21588739.0,3.23,2.12,0.19,1.12
2021-06-01,9.17,9.25,9.29,9.17,24102,22227443.0,1.31,0.98,0.09,1.15
2021-06-02,9.23,9.27,9.38,9.17,34944,32401582.0,2.27,0.22,0.02,1.66
2021-06-03,9.23,9.47,9.55,9.2,45733,43023623.0,3.78,2.16,0.2,2.18
2021-06-04,9.45,9.28,9.52,9.23,36178,33730434.0,3.06,-2.01,-0.19,1.72
2021-06-07,9.24,9.25,9.32,9.1,26521,24421308.0,2.37,-0.32,-0.03,1.26
2021-06-08,9.21,9.46,9.77,9.15,53054,50154383.0,6.7,2.27,0.21,2.52
2021-06-09,9.39,9.78,9.88,9.39,72040,69635225.0,5.18,3.38,0.32,3.43
2021-06-10,9.8,9.69,9.8,9.55,46231,44633554.0,2.56,-0.92,-0.09,2.2
2021-06-11,9.69,9.79,10.32,9.62,74550,74265388.0,7.22,1.03,0.1,3.55
2021-06-15,9.67,10.05,10.05,9.5,68533,67027615.0,5.62,2.66,0.26,3.26
2021-06-16,9.96,9.94,10.3,9.76,53568,53685187.0,5.37,-1.09,-0.11,2.55
2021-06-17,9.83,9.78,9.91,9.66,36152,35333456.0,2.52,-1.61,-0.16,1.72
2021-06-18,9.75,10.02,10.08,9.62,43876,43406080.0,4.7,2.45,0.24,2.09
2021-06-21,10.1,9.86,10.26,9.82,41911,41769917.0,4.39,-1.6,-0.16,1.99
2021-06-22,9.9,9.76,10.06,9.73,36938,36385801.0,3.35,-1.01,-0.1,1.76
2021-06-23,9.8,9.72,9.86,9.66,29051,28262788.0,2.05,-0.41,-0.04,1.38
2021-06-24,9.51,9.03,9.51,9.02,74841,68662643.0,5.04,-7.1,-0.69,3.56
2021-06-25,9.03,8.94,9.1,8.8,28409,25464604.0,3.32,-1.0,-0.09,1.35
2021-06-28,9.0,9.04,9.08,8.96,23294,21017803.0,1.34,1.12,0.1,1.11
2021-06-29,9.06,8.9,9.06,8.88,18514,16566350.0,1.99,-1.55,-0.14,0.88
2021-06-30,8.91,8.96,8.98,8.84,15426,13746287.0,1.57,0.67,0.06,0.73
2021-07-01,8.96,8.85,8.99,8.77,17231,15280691.0,2.46,-1.23,-0.11,0.82
2021-07-02,8.83,8.89,8.93,8.82,13882,12313205.0,1.24,0.45,0.04,0.66
2021-07-05,8.85,8.98,8.99,8.85,18099,16176318.0,1.57,1.01,0.09,0.86
2021-07-06,8.99,9.08,9.11,8.9,19993,18001394.0,2.34,1.11,0.1,0.95
2021-07-07,9.05,8.99,9.15,8.97,20426,18448813.0,1.98,-0.99,-0.09,0.97
2021-07-08,8.93,8.86,9.0,8.82,19898,17693439.0,2.0,-1.45,-0.13,0.95
2021-07-09,8.82,9.03,9.09,8.81,31589,28184802.0,3.16,1.92,0.17,1.5
2021-07-12,9.08,9.45,9.8,9.07,73812,69567092.0,8.08,4.65,0.42,3.51
2021-07-13,9.39,9.36,9.45,9.19,36868,34317650.0,2.75,-0.95,-0.09,1.75
2021-07-14,9.26,9.3,9.41,9.22,22883,21307004.0,2.03,-0.64,-0.06,1.09
2021-07-15,9.29,9.14,9.37,9.01,25262,23147305.0,3.87,-1.72,-0.16,1.2
2021-07-16,9.02,9.0,9.25,9.0,15071,13687294.0,2.74,-1.53,-0.14,0.72
2021-07-19,9.0,9.21,9.45,8.83,40136,36879195.0,6.89,2.33,0.21,1.91
2021-07-20,9.15,9.0,9.15,8.91,23298,20973184.0,2.61,-2.28,-0.21,1.11
2021-07-21,9.01,9.18,9.35,9.01,26215,24057821.0,3.78,2.0,0.18,1.25
2021-07-22,9.25,9.58,9.58,9.18,63135,59634568.0,4.36,4.36,0.4,3.0
2021-07-23,9.52,9.38,9.61,9.33,36967,34837517.0,2.92,-2.09,-0.2,1.76
2021-07-26,10.26,9.85,10.5,9.74,125389,124791695.0,8.1,5.01,0.47,5.96
2021-07-27,9.9,9.6,10.05,9.54,71173,68912532.0,5.18,-2.54,-0.25,3.39
2021-07-28,9.52,9.09,9.52,8.97,52801,48445118.0,5.73,-5.31,-0.51,2.51
2021-07-29,9.09,9.47,9.58,9.08,52827,49735628.0,5.5,4.18,0.38,2.51
2021-07-30,9.47,9.75,9.75,9.43,55181,53271009.0,3.38,2.96,0.28,2.62
2021-08-02,9.67,10.28,10.32,9.55,109055,109840262.0,7.9,5.44,0.53,5.19
2021-08-03,10.16,10.05,10.4,9.96,73502,74431966.0,4.28,-2.24,-0.23,3.5
2021-08-04,10.02,10.09,10.34,10.02,44590,45180538.0,3.18,0.4,0.04,2.12
2021-08-05,10.12,10.26,10.45,10.01,85507,87303041.0,4.36,1.68,0.17,4.07
2021-08-06,10.03,10.02,10.14,9.88,51856,51857717.0,2.53,-2.34,-0.24,2.47
2021-08-09,10.05,10.17,10.19,9.89,39207,39484591.0,2.99,1.5,0.15,1.87
2021-08-10,10.17,10.41,10.74,10.17,69666,72934608.0,5.6,2.36,0.24,3.31
2021-08-11,10.51,10.59,10.64,10.31,55971,58684953.0,3.17,1.73,0.18,2.66
2021-08-12,10.5,10.72,10.97,10.41,72115,76881721.0,5.29,1.23,0.13,3.43
2021-08-13,10.8,10.5,10.8,10.44,56507,59690849.0,3.36,-2.05,-0.22,2.69
2021-08-16,10.63,10.57,10.88,10.49,47961,51057995.0,3.71,0.67,0.07,2.28
2021-08-17,10.4,10.05,10.53,10.03,48828,49937173.0,4.73,-4.92,-0.52,2.32
2021-08-18,10.11,10.45,10.45,10.01,39425,40550749.0,4.38,3.98,0.4,1.88
2021-08-19,10.52,10.33,10.9,10.29,62005,65427884.0,5.84,-1.15,-0.12,2.95
2021-08-20,10.19,10.25,10.66,10.05,49053,50314500.0,5.91,-0.77,-0.08,2.33
2021-08-23,10.18,10.9,10.93,10.18,95870,102730447.0,7.32,6.34,0.65,4.56
2021-08-24,10.88,10.78,10.99,10.6,53456,57482195.0,3.58,-1.1,-0.12,2.54
2021-08-25,10.76,11.22,11.25,10.56,80371,88584273.0,6.4,4.08,0.44,3.82
2021-08-26,10.95,10.89,11.4,10.83,65359,72073920.0,5.08,-2.94,-0.33,3.11
2021-08-27,10.86,10.97,11.06,10.65,48740,52963550.0,3.76,0.73,0.08,2.32
2021-08-30,10.99,10.39,11.3,10.25,85876,91134318.0,9.57,-5.29,-0.58,4.09
2021-08-31,10.39,10.64,10.86,10.3,56174,59679359.0,5.39,2.41,0.25,2.67
2021-09-01,10.53,10.1,10.78,9.8,71369,72838861.0,9.21,-5.08,-0.54,3.39
2021-09-02,10.13,10.4,10.46,9.96,44252,45390459.0,4.95,2.97,0.3,2.11
2021-09-03,10.37,10.86,11.18,10.3,104069,113835454.0,8.46,4.42,0.46,4.95
2021-09-06,10.89,10.8,11.09,10.57,52669,56470908.0,4.79,-0.55,-0.06,2.51
2021-09-07,10.69,11.46,11.85,10.69,144606,164274158.0,10.74,6.11,0.66,6.88
2021-09-08,11.46,11.25,11.7,11.2,108580,123852126.0,4.36,-1.83,-0.21,5.17
2021-09-09,11.5,11.31,11.98,11.14,101765,116691794.0,7.47,0.53,0.06,4.84
2021-09-10,11.22,10.96,11.48,10.86,76303,84558213.0,5.48,-3.09,-0.35,3.63
2021-09-13,10.9,11.24,11.41,10.69,97654,107971876.0,6.57,2.55,0.28,4.65
2021-09-14,11.19,10.88,11.3,10.75,67296,73760001.0,4.89,-3.2,-0.36,3.2
2021-09-15,10.77,11.45,11.49,10.68,93822,104956472.0,7.44,5.24,0.57,4.46
2021-09-16,11.3,11.58,12.33,11.3,141546,165884724.0,9.0,1.14,0.13,6.73
2021-09-17,12.01,12.3,12.76,11.43,183940,222327163.0,11.49,6.22,0.72,8.75
2021-09-22,11.92,13.4,13.6,11.91,221714,289653296.0,13.74,8.94,1.1,10.55
2021-09-23,13.59,12.36,13.6,12.24,202687,258335430.0,10.15,-7.76,-1.04,9.64
2021-09-24,11.73,11.1,11.93,10.8,147246,166548288.0,9.14,-10.19,-1.26,7.0
2021-09-27,11.11,10.3,11.13,10.15,88275,92479453.0,8.83,-7.21,-0.8,4.2
2021-09-28,10.39,10.33,10.44,10.2,39742,41052025.0,2.33,0.29,0.03,1.89
2021-09-29,10.22,9.79,10.22,9.75,47728,47506149.0,4.55,-5.23,-0.54,2.27
2021-09-30,9.88,9.97,10.04,9.8,29670,29459109.0,2.45,1.84,0.18,1.41
2021-10-08,10.16,10.26,10.27,9.94,34511,34984327.0,3.31,2.91,0.29,1.64
2021-10-11,10.29,10.05,10.31,9.96,25463,25690931.0,3.41,-2.05,-0.21,1.21
2021-10-12,9.99,9.67,10.16,9.55,37564,36730345.0,6.07,-3.78,-0.38,1.79
2021-10-13,9.68,9.61,9.72,9.31,26111,24867176.0,4.24,-0.62,-0.06,1.24
2021-10-14,9.65,9.74,9.76,9.46,21002,20225750.0,3.12,1.35,0.13,1.0
2021-10-15,9.61,9.34,9.69,9.3,30585,28909899.0,4.0,-4.11,-0.4,1.45
2021-10-18,9.32,9.49,9.56,9.24,23866,22598550.0,3.43,1.61,0.15,1.14
2021-10-19,9.51,9.45,9.59,9.43,18705,17772261.0,1.69,-0.42,-0.04,0.89
2021-10-20,9.45,9.16,9.45,9.08,39395,36319189.0,3.92,-3.07,-0.29,1.87
2021-10-21,9.12,9.15,9.34,9.11,28590,26364888.0,2.51,-0.11,-0.01,1.36
2021-10-22,9.11,9.14,9.22,9.01,20437,18643017.0,2.3,-0.11,-0.01,0.97
2021-10-25,9.09,9.23,9.23,9.05,18554,17015379.0,1.97,0.98,0.09,0.88
2021-10-26,9.19,9.44,9.45,9.17,30420,28420569.0,3.03,2.28,0.21,1.45
2021-10-27,9.34,8.9,9.4,8.82,49803,44900273.0,6.14,-5.72,-0.54,2.37
2021-10-28,8.78,8.77,8.94,8.68,25667,22608896.0,2.92,-1.46,-0.13,1.22
2021-10-29,8.86,9.02,9.05,8.77,22655,20264330.0,3.19,2.85,0.25,1.08
2021-11-01,9.07,9.18,9.23,8.98,24672,22543484.0,2.77,1.77,0.16,1.17
2021-11-02,9.59,9.38,9.77,9.29,66581,62953438.0,5.23,2.18,0.2,3.17
2021-11-03,9.3,9.57,9.59,9.27,52848,49715283.0,3.41,2.03,0.19,2.51
2021-11-04,9.29,9.3,9.38,9.18,42948,39943930.0,2.09,-2.82,-0.27,2.04
2021-11-05,9.32,9.07,9.32,9.06,31595,28875190.0,2.8,-2.47,-0.23,1.5
2021-11-08,9.07,9.14,9.15,8.92,16016,14501117.0,2.54,0.77,0.07,0.76
2021-11-09,9.1,9.23,9.23,9.05,21000,19304641.0,1.97,0.98,0.09,1.0
2021-11-10,9.15,9.26,9.3,9.1,17137,15794548.0,2.17,0.33,0.03,0.82
2021-11-11,9.28,9.38,9.42,9.25,31493,29493782.0,1.84,1.3,0.12,1.5
2021-11-12,9.28,9.43,9.45,9.27,31726,29791217.0,1.92,0.53,0.05,1.51
2021-11-15,9.45,9.61,9.65,9.33,41071,39127493.0,3.39,1.91,0.18,1.95
2021-11-16,9.56,9.52,9.65,9.47,31815,30435860.0,1.87,-0.94,-0.09,1.51
2021-11-17,9.49,9.7,9.74,9.49,28206,27272541.0,2.63,1.89,0.18,1.34
2021-11-18,9.84,9.6,9.85,9.58,28033,27082308.0,2.78,-1.03,-0.1,1.33
2021-11-19,9.6,9.66,9.72,9.53,26548,25588540.0,1.98,0.63,0.06,1.26
2021-11-22,9.66,9.67,9.74,9.55,19090,18406691.0,1.97,0.1,0.01,0.91
2021-11-23,9.71,9.8,9.97,9.65,36901,36233960.0,3.31,1.34,0.13,1.76
2021-11-24,9.86,9.75,9.97,9.66,38921,38125108.0,3.16,-0.51,-0.05,1.85
2021-11-25,9.73,9.67,9.82,9.56,32619,31559827.0,2.67,-0.82,-0.08,1.55
2021-11-26,9.68,9.66,9.92,9.64,32775,31961505.0,2.9,-0.1,-0.01,1.56
2021-11-29,9.51,9.45,9.56,9.4,26229,24824592.0,1.66,-2.17,-0.21,1.25
2021-11-30,9.47,9.74,9.85,9.47,38877,37808209.0,4.02,3.07,0.29,1.85
2021-12-01,9.7,9.93,9.96,9.61,40495,39951833.0,3.59,1.95,0.19,1.93
2021-12-02,9.99,9.78,10.03,9.77,26427,26050177.0,2.62,-1.51,-0.15,1.26
2021-12-03,9.75,9.78,9.87,9.71,19036,18602309.0,1.64,0.0,0.0,0.91
2021-12-06,9.74,9.47,9.79,9.46,28471,27238789.0,3.37,-3.17,-0.31,1.35
2021-12-07,9.47,9.3,9.59,9.17,25011,23224585.0,4.44,-1.8,-0.17,1.19
2021-12-08,9.34,9.34,9.37,9.24,12112,11278824.0,1.4,0.43,0.04,0.58
2021-12-09,9.33,9.4,9.44,9.27,16564,15525604.0,1.82,0.64,0.06,0.79
2021-12-10,9.42,9.6,9.75,9.34,31862,30451384.0,4.36,2.13,0.2,1.52
2021-12-13,10.0,10.37,10.59,10.0,132989,136437372.0,6.15,8.02,0.77,6.33
2021-12-14,10.5,10.41,10.74,10.3,110707,115769986.0,4.24,0.39,0.04,5.27
2021-12-15,10.5,10.07,10.5,10.05,70875,71992109.0,4.32,-3.27,-0.34,3.37
2021-12-16,10.13,10.2,10.25,10.07,43605,44318343.0,1.79,1.29,0.13,2.07
2021-12-17,10.03,10.06,10.23,9.99,36179,36435951.0,2.35,-1.37,-0.14,1.72
2021-12-20,10.06,9.89,10.06,9.86,29074,28865175.0,1.99,-1.69,-0.17,1.38
2021-12-21,9.89,10.01,10.04,9.86,21717,21616493.0,1.82,1.21,0.12,1.03
2021-12-22,10.08,9.82,10.08,9.8,28711,28430349.0,2.8,-1.9,-0.19,1.37
2021-12-23,9.83,9.64,9.91,9.64,30108,29182582.0,2.75,-1.83,-0.18,1.43
2021-12-24,9.72,9.42,9.78,9.39,27591,26238092.0,4.05,-2.28,-0.22,1.31
2021-12-27,9.38,9.46,9.53,9.35,15567,14696845.0,1.91,0.42,0.04,0.74
2021-12-28,9.49,9.63,9.63,9.42,16511,15785788.0,2.22,1.8,0.17,0.79
2021-12-29,9.62,9.58,9.67,9.47,18185,17454413.0,2.08,-0.52,-0.05,0.87
2021-12-30,9.97,10.0,10.49,9.8,85744,86491511.0,7.2,4.38,0.42,4.08
2021-12-31,9.78,9.9,10.16,9.77,47607,47406562.0,3.9,-1.0,-0.1,2.26
2022-01-04,9.87,10.08,10.15,9.87,40379,40566321.0,2.83,1.82,0.18,1.92
2022-01-05,10.06,10.15,10.21,9.94,47499,47946329.0,2.68,0.69,0.07,2.26
2022-01-06,10.05,10.09,10.2,10.02,34829,35204831.0,1.77,-0.59,-0.06,1.66
2022-01-07,10.09,9.84,10.13,9.79,33800,33667169.0,3.37,-2.48,-0.25,1.61
2022-01-10,9.85,10.01,10.05,9.78,24806,24757025.0,2.74,1.73,0.17,1.18
2022-01-11,9.99,10.12,10.25,9.96,37602,38072267.0,2.9,1.1,0.11,1.79
2022-01-12,10.15,10.26,10.32,10.08,38280,39062022.0,2.37,1.38,0.14,1.82
2022-01-13,10.22,10.15,10.25,10.1,24390,24814418.0,1.46,-1.07,-0.11,1.16
2022-01-14,10.13,9.95,10.16,9.93,29994,30038909.0,2.27,-1.97,-0.2,1.43
2022-01-17,9.9,10.12,10.13,9.89,21646,21744298.0,2.41,1.71,0.17,1.03
2022-01-18,10.05,9.68,10.1,9.62,40295,39357359.0,4.74,-4.35,-0.44,1.92
2022-01-19,9.6,9.76,9.82,9.6,18834,18312011.0,2.27,0.83,0.08,0.9
2022-01-20,9.78,9.36,9.78,9.36,25103,23919747.0,4.3,-4.1,-0.4,1.19
2022-01-21,9.36,9.38,9.48,9.25,13759,12842628.0,2.46,0.21,0.02,0.65
2022-01-24,9.31,9.14,9.36,9.11,15549,14297341.0,2.67,-2.56,-0.24,0.74
2022-01-25,9.13,8.77,9.19,8.75,19881,17741486.0,4.81,-4.05,-0.37,0.95
2022-01-26,8.77,8.88,8.99,8.75,11407,10107147.0,2.74,1.25,0.11,0.54
2022-01-27,8.86,8.54,8.86,8.53,19160,16553727.0,3.72,-3.83,-0.34,0.91
2022-01-28,8.6,8.76,8.86,8.55,16654,14544445.0,3.63,2.58,0.22,0.79
2022-02-07,8.8,8.96,9.1,8.8,14160,12710655.0,3.42,2.28,0.2,0.67
2022-02-08,8.96,9.11,9.11,8.91,13432,12150210.0,2.23,1.67,0.15,0.64
2022-02-09,9.11,9.12,9.18,9.05,12326,11235425.0,1.43,0.11,0.01,0.59
2022-02-10,9.09,9.08,9.13,8.99,12724,11499754.0,1.54,-0.44,-0.04,0.61
2022-02-11,9.07,8.94,9.07,8.87,12796,11422115.0,2.2,-1.54,-0.14,0.61
2022-02-14,8.9,8.94,9.02,8.85,7743,6930644.0,1.9,0.0,0.0,0.37
2022-02-15,9.01,8.89,9.01,8.82,10408,9235663.0,2.13,-0.56,-0.05,0.5
2022-02-16,8.99,9.02,9.04,8.9,12968,11641833.0,1.57,1.46,0.13,0.62
2022-02-17,8.99,9.05,9.14,8.96,10898,9886303.0,2.0,0.33,0.03,0.52
2022-02-18,8.97,9.05,9.07,8.92,9733,8735639.0,1.66,0.0,0.0,0.46
2022-02-21,9.05,9.15,9.15,9.02,12084,10993564.0,1.44,1.1,0.1,0.57
2022-02-22,9.11,9.08,9.22,9.02,15592,14189293.0,2.19,-0.77,-0.07,0.74
2022-02-23,9.04,9.16,9.16,9.04,12972,11847457.0,1.32,0.88,0.08,0.62
2022-02-24,9.14,8.96,9.23,8.77,21105,19103365.0,5.02,-2.18,-0.2,1.0
2022-02-25,9.01,9.03,9.13,8.98,9722,8793284.0,1.67,0.78,0.07,0.46
2022-02-28,9.0,8.93,9.03,8.77,12722,11292056.0,2.88,-1.11,-0.1,0.61
2022-03-01,8.93,8.97,9.04,8.92,9038,8098755.0,1.34,0.45,0.04,0.43
2022-03-02,8.99,9.05,9.05,8.92,9182,8265034.0,1.45,0.89,0.08,0.44
2022-03-03,9.06,8.99,9.09,8.97,8887,8017885.0,1.33,-0.66,-0.06,0.42
2022-03-04,9.04,8.9,9.05,8.9,9494,8519789.0,1.67,-1.0,-0.09,0.45
2022-03-07,8.99,8.77,8.99,8.71,11139,9805930.0,3.15,-1.46,-0.13,0.53
2022-03-08,8.77,8.5,8.88,8.49,13938,11996931.0,4.45,-3.08,-0.27,0.66
2022-03-09,8.5,8.19,8.64,7.88,15197,12514338.0,8.94,-3.65,-0.31,0.72
2022-03-10,8.3,8.4,8.55,8.3,12747,10726261.0,3.05,2.56,0.21,0.61
2022-03-11,8.27,8.49,8.68,8.11,10940,9095772.0,6.79,1.07,0.09,0.52
2022-03-14,8.44,8.28,8.47,8.24,9740,8145008.0,2.71,-2.47,-0.21,0.46
2022-03-15,8.25,7.77,8.25,7.73,14159,11339851.0,6.28,-6.16,-0.51,0.67
2022-03-16,7.86,7.96,8.05,7.6,11479,9024234.0,5.79,2.45,0.19,0.55
2022-03-17,8.05,8.13,8.23,8.0,14719,11973396.0,2.89,2.14,0.17,0.7
2022-03-18,8.1,8.19,8.23,8.05,8872,7255384.0,2.21,0.74,0.06,0.42
2022-03-21,8.13,8.26,8.3,8.12,9950,8202390.0,2.2,0.85,0.07,0.47
2022-03-22,8.26,8.39,8.43,8.14,16390,13644548.0,3.51,1.57,0.13,0.78
2022-03-23,8.5,8.34,8.5,8.33,8818,7383468.0,2.03,-0.6,-0.05,0.42
2022-03-24,8.31,8.53,9.04,8.16,36031,31017315.0,10.55,2.28,0.19,1.71
2022-03-25,8.32,8.38,8.47,8.32,23554,19742476.0,1.76,-1.76,-0.15,1.12
2022-03-28,8.31,8.18,8.42,8.13,12051,9894296.0,3.46,-2.39,-0.2,0.57
2022-03-29,8.26,8.09,8.27,8.01,9640,7812004.0,3.18,-1.1,-0.09,0.46
2022-03-30,8.01,8.24,8.24,8.01,8983,7353782.0,2.84,1.85,0.15,0.43
2022-03-31,8.24,8.32,8.39,8.19,9685,8055279.0,2.43,0.97,0.08,0.46
2022-04-01,8.25,8.19,8.26,8.16,7818,6408336.0,1.2,-1.56,-0.13,0.37
2022-04-06,8.2,8.38,8.4,8.17,9443,7864637.0,2.81,2.32,0.19,0.45
2022-04-07,8.3,8.16,8.36,8.15,8860,7297000.0,2.51,-2.63,-0.22,0.42
2022-04-08,8.12,8.14,8.22,7.97,7312,5916387.0,3.06,-0.25,-0.02,0.35
2022-04-11,8.1,7.89,8.13,7.85,7551,6039223.0,3.44,-3.07,-0.25,0.36
2022-04-12,7.86,7.98,7.99,7.75,7769,6125839.0,3.04,1.14,0.09,0.37
2022-04-13,7.91,7.7,7.91,7.65,10754,8340086.0,3.26,-3.51,-0.28,0.51
2022-04-14,7.74,7.75,7.84,7.7,6793,5271755.0,1.82,0.65,0.05,0.32
2022-04-15,7.78,7.41,7.78,7.37,16390,12288657.0,5.29,-4.39,-0.34,0.78
2022-04-18,7.41,7.41,7.47,7.16,8301,6098220.0,4.18,0.0,0.0,0.39
2022-04-19,7.43,7.51,7.56,7.38,10010,7486420.0,2.43,1.35,0.1,0.48
2022-04-20,7.63,7.45,7.63,7.4,8591,6451386.0,3.06,-0.8,-0.06,0.41
2022-04-21,7.48,7.23,7.53,7.15,10710,7818464.0,5.1,-2.95,-0.22,0.51
2022-04-22,7.22,7.37,7.55,7.02,17259,12617221.0,7.33,1.94,0.14,0.82
2022-04-25,7.3,6.56,7.32,6.5,23131,15907326.0,11.13,-10.99,-0.81,1.1
2022-04-26,6.58,6.26,6.76,6.24,11425,7401775.0,7.93,-4.57,-0.3,0.54
2022-04-27,6.27,6.48,6.51,6.09,17039,10718695.0,6.71,3.51,0.22,0.81
2022-04-28,6.48,6.31,6.56,6.26,12394,7910275.0,4.63,-2.62,-0.17,0.59
2022-04-29,6.3,6.55,6.61,6.3,12693,8254156.0,4.91,3.8,0.24,0.6
2022-05-05,6.58,6.72,6.78,6.48,11244,7493541.0,4.58,2.6,0.17,0.53
2022-05-06,6.63,6.69,6.73,6.55,8106,5411844.0,2.68,-0.45,-0.03,0.38
2022-05-09,6.69,6.83,6.86,6.69,7179,4866358.0,2.54,2.09,0.14,0.34
2022-05-10,6.71,6.85,6.87,6.61,7075,4816852.0,3.81,0.29,0.02,0.33
2022-05-11,6.85,6.75,6.95,6.73,10601,7284828.0,3.21,-1.46,-0.1,0.5
2022-05-12,6.71,6.85,6.9,6.71,9504,6490115.0,2.81,1.48,0.1,0.45
2022-05-13,6.85,6.9,6.98,6.78,9319,6440075.0,2.92,0.73,0.05,0.44
2022-05-16,6.91,6.89,6.98,6.83,6581,4535876.0,2.17,-0.14,-0.01,0.31
2022-05-17,6.86,6.84,6.89,6.75,6571,4475254.0,2.03,-0.73,-0.05,0.31
2022-05-18,6.81,6.95,7.11,6.78,13853,9671604.0,4.82,1.61,0.11,0.65
2022-05-19,6.81,6.95,6.99,6.79,10242,7098848.0,2.88,0.0,0.0,0.48
2022-05-20,6.95,6.99,7.08,6.94,8734,6105017.0,2.01,0.58,0.04,0.41
2022-05-23,7.0,7.07,7.09,6.96,7943,5602724.0,1.86,1.14,0.08,0.38
2022-05-24,7.11,6.76,7.12,6.76,16429,11352003.0,5.09,-4.38,-0.31,0.78
2022-05-25,6.8,6.93,6.94,6.76,7270,5007560.0,2.66,2.51,0.17,0.34
2022-05-26,6.93,7.01,7.03,6.8,10102,7012605.0,3.32,1.15,0.08,0.48
2022-05-27,7.0,7.01,7.11,6.93,8805,6174922.0,2.57,0.0,0.0,0.42
2022-05-30,7.05,7.03,7.05,6.95,6920,4847881.0,1.43,0.29,0.02,0.33
2022-05-31,7.04,7.15,7.16,7.0,10529,7479778.0,2.28,1.71,0.12,0.5
2022-06-01,7.15,7.16,7.2,7.09,8253,5899691.0,1.54,0.14,0.01,0.39
2022-06-02,7.16,7.28,7.3,7.05,14058,10145632.0,3.49,1.68,0.12,0.66
2022-06-06,7.29,7.38,7.4,7.28,9256,6810322.0,1.65,1.37,0.1,0.44
2022-06-07,7.43,7.65,7.74,7.3,32405,24496580.0,5.96,3.66,0.27,1.53
2022-06-08,7.63,7.37,7.73,7.28,20826,15499538.0,5.88,-3.66,-0.28,0.98
2022-06-09,7.36,7.21,7.36,7.11,11351,8195590.0,3.39,-2.17,-0.16,0.54
2022-06-10,7.11,7.29,7.34,7.11,7587,5518812.0,3.19,1.11,0.08,0.36
2022-06-13,7.17,7.28,7.35,7.17,5990,4351882.0,2.47,-0.14,-0.01,0.28
2022-06-14,7.21,7.3,7.32,7.05,9055,6504730.0,3.71,0.27,0.02,0.43
2022-06-15,7.31,7.24,7.39,7.24,8054,5883180.0,2.05,-0.82,-0.06,0.38
2022-06-16,7.25,7.17,7.35,7.17,6267,4548154.0,2.49,-0.97,-0.07,0.3
2022-06-17,7.18,7.32,7.34,7.12,11642,8464561.0,3.07,2.09,0.15,0.55
2022-06-20,7.34,7.37,7.4,7.28,11858,8714757.0,1.64,0.68,0.05,0.56
2022-06-21,7.38,7.33,7.4,7.22,9375,6875387.0,2.44,-0.54,-0.04,0.44
2022-06-22,7.35,7.19,7.36,7.16,14024,10136301.0,2.73,-1.91,-0.14,0.66
2022-06-23,7.18,7.26,7.29,7.14,7193,5200785.0,2.09,0.97,0.07,0.34
2022-06-24,7.3,7.33,7.36,7.27,6571,4809336.0,1.24,0.96,0.07,0.31
2022-06-27,7.42,7.35,7.52,7.32,6847,5044167.0,2.73,0.27,0.02,0.32
2022-06-28,7.35,7.72,7.95,7.34,46611,35962213.0,8.3,5.03,0.37,2.2
2022-06-29,7.72,7.43,7.72,7.43,26622,20023786.0,3.76,-3.76,-0.29,1.26
2022-06-30,7.44,7.35,7.49,7.32,19463,14386535.0,2.29,-1.08,-0.08,0.95
2022-07-01,7.37,7.37,7.4,7.28,11894,8737020.0,1.63,0.27,0.02,0.58
2022-07-04,7.51,7.35,7.51,7.28,8226,6044100.0,3.12,-0.27,-0.02,0.4
2022-07-05,7.35,7.32,7.45,7.21,10352,7579695.0,3.27,-0.41,-0.03,0.5
2022-07-06,7.31,7.3,7.42,7.2,10174,7404213.0,3.01,-0.27,-0.02,0.49
2022-07-07,7.66,7.26,7.66,7.24,12229,8981742.0,5.75,-0.55,-0.04,0.59
2022-07-08,7.21,7.21,7.32,7.2,8512,6179111.0,1.65,-0.69,-0.05,0.41
2022-07-11,7.19,7.16,7.25,7.13,9025,6477580.0,1.66,-0.69,-0.05,0.44
2022-07-12,7.14,6.89,7.15,6.86,18117,12677829.0,4.05,-3.77,-0.27,0.88
2022-07-13,6.92,7.1,7.11,6.8,13240,9308329.0,4.5,3.05,0.21,0.64
2022-07-14,7.14,7.11,7.18,7.06,8018,5707157.0,1.69,0.14,0.01,0.39
2022-07-15,7.07,6.85,7.11,6.85,10574,7344429.0,3.66,-3.66,-0.26,0.51
2022-07-18,6.86,7.18,7.18,6.86,17278,12280981.0,4.67,4.82,0.33,0.84
2022-07-19,7.2,7.31,7.31,7.12,12199,8843175.0,2.65,1.81,0.13,0.59
2022-07-20,7.31,7.35,7.35,7.25,6585,4813728.0,1.37,0.55,0.04,0.32
2022-07-21,7.36,7.27,7.38,7.27,6473,4741069.0,1.5,-1.09,-0.08,0.31
2022-07-22,7.28,7.26,7.34,7.15,7258,5255908.0,2.61,-0.14,-0.01,0.35
2022-07-25,7.34,7.23,7.34,7.15,6439,4645682.0,2.62,-0.41,-0.03,0.31
2022-07-26,7.25,7.27,7.28,7.12,8102,5839868.0,2.21,0.55,0.04,0.39
2022-07-27,7.27,7.42,7.44,7.24,13682,10087335.0,2.75,2.06,0.15,0.66
2022-07-28,7.36,7.44,7.49,7.28,11204,8307113.0,2.83,0.27,0.02,0.54
2022-07-29,7.48,7.39,7.52,7.39,10474,7799765.0,1.75,-0.67,-0.05,0.51
2022-08-01,7.41,7.49,7.5,7.35,9274,6904026.0,2.03,1.35,0.1,0.45
2022-08-02,7.36,7.19,7.43,7.06,12730,9161313.0,4.94,-4.01,-0.3,0.62
2022-08-03,7.17,7.17,7.37,7.17,12476,9103443.0,2.78,-0.28,-0.02,0.61
2022-08-04,7.21,7.38,7.38,7.18,8486,6207963.0,2.79,2.93,0.21,0.41
2022-08-05,7.36,7.43,7.45,7.32,6481,4781991.0,1.76,0.68,0.05,0.31
2022-08-08,7.49,7.55,7.58,7.4,9887,7430820.0,2.42,1.62,0.12,0.48
2022-08-09,7.53,7.57,7.59,7.49,7303,5508644.0,1.32,0.26,0.02,0.35
2022-08-10,7.6,7.72,7.72,7.5,13502,10342025.0,2.91,1.98,0.15,0.66
2022-08-11,7.72,7.77,7.85,7.72,14294,11136688.0,1.68,0.65,0.05,0.69
2022-08-12,7.79,7.67,7.84,7.65,8535,6592345.0,2.45,-1.29,-0.1,0.41
2022-08-15,7.75,7.61,7.75,7.54,7676,5838484.0,2.74,-0.78,-0.06,0.37
2022-08-16,7.63,7.71,7.74,7.54,8042,6169684.0,2.63,1.31,0.1,0.39
2022-08-17,7.61,7.59,7.72,7.56,10210,7755467.0,2.08,-1.56,-0.12,0.5
2022-08-18,7.6,7.58,7.65,7.5,8176,6182042.0,1.98,-0.13,-0.01,0.4
2022-08-19,7.57,7.44,7.67,7.44,9631,7255577.0,3.03,-1.85,-0.14,0.47
2022-08-22,7.41,7.6,7.6,7.4,7461,5616124.0,2.69,2.15,0.16,0.36
2022-08-23,7.61,7.61,7.62,7.51,8823,6675521.0,1.45,0.13,0.01,0.43
2022-08-24,7.57,7.36,7.67,7.35,11768,8762589.0,4.2,-3.29,-0.25,0.57
2022-08-25,7.38,7.28,7.42,7.2,8995,6549009.0,2.99,-1.09,-0.08,0.44
2022-08-26,7.23,7.18,7.34,7.17,5842,4242390.0,2.34,-1.37,-0.1,0.28
2022-08-29,7.16,7.32,7.35,7.03,8012,5816934.0,4.46,1.95,0.14,0.39
2022-08-30,7.36,7.39,7.41,7.26,9584,7022068.0,2.05,0.96,0.07,0.47
2022-08-31,7.39,7.12,7.39,7.12,11218,8066372.0,3.65,-3.65,-0.27,0.55
2022-09-01,7.09,7.07,7.19,7.06,9275,6601178.0,1.83,-0.7,-0.05,0.45
2022-09-02,7.18,7.18,7.21,7.08,7298,5227135.0,1.84,1.56,0.11,0.35
2022-09-05,7.19,7.26,7.29,7.14,11679,8433167.0,2.09,1.11,0.08,0.57
2022-09-06,7.25,7.38,7.44,7.24,9392,6928698.0,2.75,1.65,0.12,0.46
2022-09-07,7.45,7.3,7.45,7.27,6936,5079564.0,2.44,-1.08,-0.08,0.34
2022-09-08,7.31,7.19,7.38,7.16,6568,4750820.0,3.01,-1.51,-0.11,0.32
2022-09-09,7.19,7.09,7.27,7.08,10628,7578361.0,2.64,-1.39,-0.1,0.52
2022-09-13,7.11,7.18,7.28,7.11,8763,6288252.0,2.4,1.27,0.09,0.43
2022-09-14,7.07,7.07,7.15,6.99,9052,6396209.0,2.23,-1.53,-0.11,0.44
2022-09-15,7.11,6.88,7.16,6.8,10247,7103179.0,5.09,-2.69,-0.19,0.5
2022-09-16,6.91,6.59,6.95,6.59,9088,6131739.0,5.23,-4.22,-0.29,0.44
2022-09-19,6.77,6.58,6.77,6.53,8517,5636749.0,3.64,-0.15,-0.01,0.41
2022-09-20,6.6,6.72,6.78,6.6,7297,4886710.0,2.74,2.13,0.14,0.35
2022-09-21,6.72,6.77,6.82,6.62,7871,5300597.0,2.98,0.74,0.05,0.38
2022-09-22,6.71,6.69,6.84,6.64,7123,4779869.0,2.95,-1.18,-0.08,0.35
2022-09-23,6.7,6.45,6.72,6.45,7663,5020550.0,4.04,-3.59,-0.24,0.37
2022-09-26,6.42,6.36,6.42,6.24,7488,4731969.0,2.79,-1.4,-0.09,0.36
2022-09-27,6.33,6.43,6.43,6.3,6615,4218285.0,2.04,1.1,0.07,0.32
2022-09-28,6.43,6.25,6.47,6.25,7747,4922833.0,3.42,-2.8,-0.18,0.38
2022-09-29,6.36,6.21,6.37,6.16,8032,4999705.0,3.36,-0.64,-0.04,0.39
2022-09-30,6.2,6.15,6.27,6.12,5359,3308608.0,2.42,-0.97,-0.06,0.26
2022-10-10,6.16,6.0,6.23,5.97,8475,5157879.0,4.23,-2.44,-0.15,0.41
2022-10-11,6.02,6.06,6.08,5.89,7081,4248166.0,3.17,1.0,0.06,0.34
2022-10-12,6.05,6.19,6.19,5.97,6169,3747488.0,3.63,2.15,0.13,0.3
2022-10-13,6.19,6.29,6.32,6.13,6935,4329155.0,3.07,1.62,0.1,0.34
2022-10-14,6.38,6.4,6.45,6.27,6418,4101025.0,2.86,1.75,0.11,0.31
2022-10-17,6.41,6.46,6.48,6.35,5710,3681113.0,2.03,0.94,0.06,0.28
2022-10-18,6.47,6.45,6.65,6.42,9442,6157507.0,3.56,-0.15,-0.01,0.46
2022-10-19,6.45,6.39,6.5,6.37,5036,3240414.0,2.02,-0.93,-0.06,0.24
2022-10-20,6.44,6.38,6.48,6.31,4620,2952699.0,2.66,-0.16,-0.01,0.22
2022-10-21,6.42,6.39,6.46,6.33,3900,2500414.0,2.04,0.16,0.01,0.19
2022-10-24,6.41,6.25,6.51,6.21,7206,4577335.0,4.69,-2.19,-0.14,0.35
2022-10-25,6.31,6.25,6.31,6.13,5639,3504858.0,2.88,0.0,0.0,0.27
2022-10-26,6.22,6.43,6.44,6.18,10202,6453305.0,4.16,2.88,0.18,0.5
2022-10-27,6.42,6.35,6.45,6.26,9515,6074982.0,2.95,-1.24,-0.08,0.46
2022-10-28,6.36,5.98,6.39,5.98,10409,6397973.0,6.46,-5.83,-0.37,0.51
2022-10-31,5.76,6.22,6.25,5.76,14544,8975778.0,8.19,4.01,0.24,0.71
2022-11-01,6.24,6.22,6.29,6.1,11035,6816156.0,3.05,0.0,0.0,0.54
2022-11-02,6.22,6.27,6.3,6.17,10706,6692452.0,2.09,0.8,0.05,0.52
2022-11-03,6.27,6.34,6.38,6.22,7375,4651670.0,2.55,1.12,0.07,0.36
2022-11-04,6.37,6.42,6.44,6.31,6825,4365968.0,2.05,1.26,0.08,0.33
2022-11-07,6.36,6.5,6.5,6.36,8746,5650234.0,2.18,1.25,0.08,0.42
2022-11-08,6.5,6.51,6.55,6.42,8539,5532178.0,2.0,0.15,0.01,0.41
2022-11-09,6.5,6.52,6.59,6.48,5579,3649349.0,1.69,0.15,0.01,0.27
2022-11-10,6.54,6.5,6.61,6.43,6663,4332261.0,2.76,-0.31,-0.02,0.32
2022-11-11,6.64,6.57,6.69,6.52,11229,7403807.0,2.62,1.08,0.07,0.55
2022-11-14,6.67,6.51,6.69,6.49,9781,6422912.0,3.04,-0.91,-0.06,0.48
2022-11-15,6.59,6.61,6.65,6.52,10629,7011501.0,2.0,1.54,0.1,0.52
2022-11-16,6.58,6.68,6.74,6.58,11405,7603354.0,2.42,1.06,0.07,0.5
2022-11-17,6.77,6.75,6.8,6.61,13251,8879886.0,2.84,1.05,0.07,0.58
2022-11-18,6.75,6.78,6.82,6.67,12232,8265914.0,2.22,0.44,0.03,0.53
2022-11-21,6.65,6.68,6.77,6.61,12840,8570126.0,2.36,-1.47,-0.1,0.56
2022-11-22,6.69,6.58,6.8,6.54,10876,7248320.0,3.89,-1.5,-0.1,0.26
2022-11-23,6.64,6.56,6.69,6.44,12346,8058401.0,3.8,-0.3,-0.02,0.3
2022-11-24,6.58,6.55,6.74,6.5,12308,8068195.0,3.66,-0.15,-0.01,0.29
2022-11-25,6.56,6.41,6.56,6.32,11061,7148609.0,3.66,-2.14,-0.14,0.26
2022-11-28,6.42,6.38,6.48,6.33,10607,6799001.0,2.34,-0.47,-0.03,0.25
2022-11-29,6.4,6.51,6.54,6.38,10328,6693364.0,2.51,2.04,0.13,0.25
2022-11-30,6.58,6.46,6.6,6.4,12972,8417946.0,3.07,-0.77,-0.05,0.31
2022-12-01,6.54,6.47,6.6,6.44,10253,6680546.0,2.48,0.15,0.01,0.25
2022-12-02,6.48,6.63,6.68,6.47,16892,11156381.0,3.25,2.47,0.16,0.4
2022-12-05,6.66,6.64,6.78,6.58,17756,11777253.0,3.02,0.15,0.01,0.43
2022-12-06,6.64,6.55,6.66,6.54,14129,9299894.0,1.81,-1.36,-0.09,0.34
2022-12-07,6.55,6.51,6.58,6.48,11117,7241802.0,1.53,-0.61,-0.04,0.27
2022-12-08,6.5,6.5,6.55,6.42,9081,5889302.0,2.0,-0.15,-0.01,0.22
2022-12-09,6.5,6.54,6.56,6.39,15808,10226390.0,2.62,0.62,0.04,0.38
2022-12-12,6.52,6.39,6.56,6.39,14102,9111606.0,2.6,-2.29,-0.15,0.34
2022-12-13,6.39,6.24,6.42,6.24,17862,11276120.0,2.82,-2.35,-0.15,0.43
2022-12-14,6.25,6.26,6.37,6.2,13967,8787642.0,2.72,0.32,0.02,0.33
2022-12-15,6.26,6.27,6.34,6.22,9190,5762765.0,1.92,0.16,0.01,0.22
2022-12-16,6.23,6.2,6.31,6.1,9277,5746340.0,3.35,-1.12,-0.07,0.22
2022-12-19,6.29,6.01,6.29,5.96,13032,7908643.0,5.32,-3.06,-0.19,0.31
2022-12-20,5.96,6.05,6.13,5.94,9084,5477309.0,3.16,0.67,0.04,0.22
2022-12-21,6.05,6.06,6.1,5.98,6476,3901483.0,1.98,0.17,0.01,0.16
2022-12-22,6.06,5.93,6.08,5.93,10450,6240861.0,2.48,-2.15,-0.13,0.25
2022-12-23,5.88,5.92,5.99,5.87,7439,4402008.0,2.02,-0.17,-0.01,0.18
2022-12-26,5.98,5.92,5.98,5.86,6776,4009597.0,2.03,0.0,0.0,0.16
2022-12-27,6.07,7.1,7.1,6.01,146920,101324477.0,18.41,19.93,1.18,3.52
2022-12-28,7.1,6.94,7.77,6.9,228690,167214705.0,12.25,-2.25,-0.16,5.47
2022-12-29,6.92,6.84,7.2,6.71,138502,95316821.0,7.06,-1.44,-0.1,3.32
2022-12-30,6.79,6.8,6.85,6.63,79015,53454176.0,3.22,-0.58,-0.04,2.48
2023-01-03,6.72,6.9,7.03,6.69,93387,64374542.0,5.0,1.47,0.1,2.94
2023-01-04,6.86,6.76,6.86,6.71,67311,45627910.0,2.17,-2.03,-0.14,2.12
2023-01-05,6.64,6.69,6.72,6.58,53833,35761097.0,2.07,-1.04,-0.07,1.69
2023-01-06,6.65,6.59,6.68,6.53,41908,27621247.0,2.24,-1.49,-0.1,1.32
2023-01-09,6.55,6.65,6.65,6.48,42109,27663375.0,2.58,0.91,0.06,1.32
2023-01-10,6.59,6.51,6.59,6.46,37505,24361449.0,1.95,-2.11,-0.14,1.18
2023-01-11,6.5,6.46,6.51,6.45,23184,15031189.0,0.92,-0.77,-0.05,0.73
2023-01-12,6.51,6.33,6.56,6.3,34902,22217263.0,4.02,-2.01,-0.13,1.1
2023-01-13,6.33,6.33,6.44,6.31,21446,13648965.0,2.05,0.0,0.0,0.67
2023-01-16,6.38,6.42,6.47,6.33,29440,18854055.0,2.21,1.42,0.09,0.93
2023-01-17,6.44,6.28,6.44,6.25,28332,17894954.0,2.96,-2.18,-0.14,0.89
2023-01-18,6.26,6.35,6.42,6.25,22036,13969809.0,2.71,1.11,0.07,0.69
2023-01-19,6.42,6.4,6.44,6.33,23148,14787754.0,1.73,0.79,0.05,0.73
2023-01-20,6.4,6.43,6.43,6.38,14256,9136002.0,0.78,0.47,0.03,0.45
2023-01-30,6.48,6.52,6.55,6.47,24273,15801673.0,1.24,1.4,0.09,0.76
2023-01-31,6.55,6.62,6.64,6.45,25053,16435548.0,2.91,1.53,0.1,0.79
2023-02-01,6.65,6.69,6.7,6.58,23978,15916106.0,1.81,1.06,0.07,0.75
2023-02-02,6.7,6.73,6.73,6.62,27446,18356978.0,1.64,0.6,0.04,0.86
2023-02-03,6.7,6.7,6.76,6.56,21627,14396721.0,2.97,-0.45,-0.03,0.68
2023-02-06,6.71,6.74,6.8,6.65,26281,17699770.0,2.24,0.6,0.04,0.83
2023-02-07,6.75,6.77,6.79,6.7,19111,12886753.0,1.34,0.45,0.03,0.6
2023-02-08,6.83,6.82,6.89,6.72,29123,19829202.0,2.51,0.74,0.05,0.92
2023-02-09,6.81,6.94,6.96,6.79,32846,22695798.0,2.49,1.76,0.12,1.03
2023-02-10,6.98,6.97,7.03,6.89,22549,15710411.0,2.02,0.43,0.03,0.71
2023-02-13,7.0,7.03,7.05,6.92,20100,14110618.0,1.87,0.86,0.06,0.63
2023-02-14,7.05,7.05,7.07,6.99,16570,11645210.0,1.14,0.28,0.02,0.52
2023-02-15,7.06,7.11,7.22,7.02,27907,19875506.0,2.84,0.85,0.06,0.88
2023-02-16,7.14,6.99,7.36,6.93,65530,47021199.0,6.05,-1.69,-0.12,2.06
2023-02-17,7.0,7.2,7.24,7.0,49643,35334836.0,3.43,3.0,0.21,1.56
2023-02-20,7.11,7.16,7.21,7.09,34866,24889163.0,1.67,-0.56,-0.04,1.1
2023-02-21,7.14,7.12,7.21,7.06,23644,16840330.0,2.09,-0.56,-0.04,0.74
2023-02-22,7.05,7.12,7.15,7.05,17683,12582545.0,1.4,0.0,0.0,0.56
2023-02-23,7.18,7.08,7.19,7.04,19270,13716119.0,2.11,-0.56,-0.04,0.61
2023-02-24,7.12,7.1,7.16,7.03,15047,10660744.0,1.84,0.28,0.02,0.47
2023-02-27,7.07,6.98,7.1,6.92,20401,14297586.0,2.54,-1.69,-0.12,0.64
2023-02-28,7.05,7.08,7.08,6.97,13896,9763580.0,1.58,1.43,0.1,0.44
2023-03-01,7.14,7.17,7.17,6.96,21119,15061347.0,2.97,1.27,0.09,0.66
2023-03-02,7.17,7.17,7.19,7.07,18851,13456706.0,1.67,0.0,0.0,0.59
2023-03-03,7.17,7.08,7.19,7.07,12330,8760702.0,1.67,-1.26,-0.09,0.39
2023-03-06,7.12,7.05,7.14,7.03,12474,8831515.0,1.55,-0.42,-0.03,0.39
2023-03-07,7.07,6.88,7.07,6.86,17106,11900729.0,2.98,-2.41,-0.17,0.54
2023-03-08,6.91,7.04,7.08,6.86,17558,12309278.0,3.2,2.33,0.16,0.55
2023-03-09,7.06,7.11,7.16,6.99,17484,12408936.0,2.41,0.99,0.07,0.55
2023-03-10,7.16,7.08,7.45,7.04,62231,44796840.0,5.77,-0.42,-0.03,1.96
2023-03-13,7.06,7.1,7.2,7.0,32276,22894921.0,2.82,0.28,0.02,1.01
2023-03-14,7.18,6.95,7.18,6.83,23683,16496921.0,4.93,-2.11,-0.15,0.74
2023-03-15,6.98,7.0,7.06,6.98,13591,9531614.0,1.15,0.72,0.05,0.43
2023-03-16,7.06,6.78,7.06,6.74,23160,15864706.0,4.57,-3.14,-0.22,0.73
2023-03-17,6.83,6.78,6.93,6.76,13765,9403395.0,2.51,0.0,0.0,0.43
2023-03-20,6.86,6.63,6.86,6.52,26912,17854267.0,5.01,-2.21,-0.15,0.85
2023-03-21,6.68,6.81,6.81,6.53,14828,9976776.0,4.22,2.71,0.18,0.47
2023-03-22,6.81,6.88,6.93,6.72,15566,10716628.0,3.08,1.03,0.07,0.49
2023-03-23,6.88,6.81,6.91,6.73,14946,10191868.0,2.62,-1.02,-0.07,0.47
2023-03-24,6.9,6.72,6.9,6.7,14944,10063612.0,2.94,-1.32,-0.09,0.47
2023-03-27,6.71,6.71,6.75,6.6,17369,11624444.0,2.23,-0.15,-0.01,0.55
2023-03-28,6.69,6.83,6.85,6.68,19372,13140707.0,2.53,1.79,0.12,0.61
2023-03-29,6.96,6.75,6.96,6.69,21352,14470030.0,3.95,-1.17,-0.08,0.67
2023-03-30,6.69,6.65,6.75,6.63,11832,7902094.0,1.78,-1.48,-0.1,0.37
2023-03-31,6.65,6.74,6.82,6.63,13042,8807583.0,2.86,1.35,0.09,0.41
2023-04-03,6.79,6.71,6.79,6.65,15157,10201605.0,2.08,-0.45,-0.03,0.48
2023-04-04,6.75,6.53,6.76,6.51,19456,12825002.0,3.73,-2.68,-0.18,0.61
2023-04-06,6.56,6.47,6.56,6.47,14026,9118754.0,1.38,-0.92,-0.06,0.44
2023-04-07,6.47,6.53,6.56,6.45,11124,7252696.0,1.7,0.93,0.06,0.35
2023-04-10,6.51,6.36,6.58,6.32,17837,11410615.0,3.98,-2.6,-0.17,0.56
2023-04-11,6.42,6.3,6.42,6.22,21290,13345967.0,3.14,-0.94,-0.06,0.67
2023-04-12,6.34,6.42,6.42,6.3,16557,10525869.0,1.9,1.9,0.12,0.52
2023-04-13,6.46,6.33,6.46,6.31,16198,10298853.0,2.34,-1.4,-0.09,0.51
2023-04-14,6.33,6.31,6.37,6.26,13178,8312942.0,1.74,-0.32,-0.02,0.41
2023-04-17,6.33,6.36,6.37,6.3,12226,7747120.0,1.11,0.79,0.05,0.38
2023-04-18,6.35,6.29,6.36,6.26,10539,6649126.0,1.57,-1.1,-0.07,0.33
2023-04-19,6.31,6.23,6.32,6.2,12509,7808832.0,1.91,-0.95,-0.06,0.39
2023-04-20,6.24,6.2,6.28,6.11,11368,7007279.0,2.73,-0.48,-0.03,0.36
2023-04-21,6.2,6.06,6.25,6.03,13474,8228595.0,3.55,-2.26,-0.14,0.42
2023-04-24,6.06,6.06,6.09,5.99,9856,5949994.0,1.65,0.0,0.0,0.31
2023-04-25,6.06,5.96,6.08,5.86,18707,11122047.0,3.63,-1.65,-0.1,0.59
2023-04-26,5.96,6.33,6.49,5.92,37435,23416707.0,9.56,6.21,0.37,1.18
2023-04-27,6.3,6.3,6.5,6.23,24511,15541355.0,4.27,-0.47,-0.03,0.77
2023-04-28,6.3,6.4,6.42,6.26,14256,9092034.0,2.54,1.59,0.1,0.45
2023-05-04,6.43,6.64,6.65,6.32,27180,17897051.0,5.16,3.75,0.24,0.85
2023-05-05,6.67,6.61,6.67,6.5,19295,12713895.0,2.56,-0.45,-0.03,0.61
2023-05-08,6.6,6.5,6.67,6.48,17372,11342558.0,2.87,-1.66,-0.11,0.55
2023-05-09,6.46,6.36,6.57,6.33,16167,10324012.0,3.69,-2.15,-0.14,0.51
2023-05-10,6.38,6.4,6.47,6.33,11894,7621067.0,2.2,0.63,0.04,0.37
2023-05-11,6.44,6.54,6.58,6.43,11957,7783309.0,2.34,2.19,0.14,0.38
2023-05-12,6.52,6.49,6.62,6.46,13778,9011119.0,2.45,-0.76,-0.05,0.43
2023-05-15,6.44,6.48,6.56,6.38,11300,7296272.0,2.77,-0.15,-0.01,0.36
2023-05-16,6.46,6.41,6.48,6.36,9300,5945432.0,1.85,-1.08,-0.07,0.29
2023-05-17,6.43,6.63,6.67,6.36,40235,26473886.0,4.84,3.43,0.22,1.27
2023-05-18,6.65,6.71,6.72,6.53,24163,16044053.0,2.87,1.21,0.08,0.76
2023-05-19,6.76,6.78,6.81,6.62,22933,15465764.0,2.83,1.04,0.07,0.72
2023-05-22,6.79,6.79,6.9,6.72,18340,12430567.0,2.65,0.15,0.01,0.58
2023-05-23,6.82,6.83,6.91,6.72,20785,14233238.0,2.8,0.59,0.04,0.65
2023-05-24,6.83,6.88,6.96,6.74,23393,16090400.0,3.22,0.73,0.05,0.74
2023-05-25,6.9,6.83,6.91,6.74,16622,11358547.0,2.47,-0.73,-0.05,0.52
2023-05-26,6.84,6.92,6.97,6.7,27201,18643086.0,3.95,1.32,0.09,0.86
2023-05-29,6.99,6.83,6.99,6.77,23775,16283661.0,3.18,-1.3,-0.09,0.75
2023-05-30,6.83,6.99,7.03,6.76,43332,29966806.0,3.95,2.34,0.16,1.36
2023-05-31,6.97,6.87,6.99,6.85,30507,21039639.0,2.0,-1.72,-0.12,0.96
2023-06-01,6.9,6.89,6.98,6.83,21289,14745834.0,2.18,0.29,0.02,0.67
2023-06-02,6.89,6.94,6.98,6.87,18475,12820270.0,1.6,0.73,0.05,0.58
2023-06-05,6.91,6.9,6.95,6.8,22899,15721975.0,2.16,-0.58,-0.04,0.72
2023-06-06,6.9,6.82,6.92,6.82,14642,10034511.0,1.45,-1.16,-0.08,0.46
2023-06-07,6.85,6.87,6.99,6.79,24386,16669957.0,2.93,0.73,0.05,0.77
2023-06-08,6.83,6.92,7.04,6.8,60458,41992087.0,3.49,0.73,0.05,1.9
2023-06-09,6.9,7.04,7.11,6.85,53369,37318964.0,3.76,1.73,0.12,1.68
2023-06-12,7.04,7.09,7.15,6.91,44857,31621482.0,3.41,0.71,0.05,1.41
2023-06-13,7.07,7.17,7.18,7.02,33239,23738645.0,2.26,1.13,0.08,1.05
2023-06-14,7.16,7.17,7.24,7.09,52534,37615042.0,2.09,0.0,0.0,1.65
2023-06-15,7.17,7.08,7.17,7.0,37036,26222744.0,2.37,-1.26,-0.09,1.16
2023-06-16,7.07,6.98,7.11,6.96,25975,18312212.0,2.12,-1.41,-0.1,0.82
2023-06-19,6.93,6.88,6.98,6.8,38226,26207361.0,2.58,-1.43,-0.1,1.2
2023-06-20,6.85,6.8,6.96,6.76,35342,24175007.0,2.91,-1.16,-0.08,1.11
2023-06-21,6.86,6.73,6.86,6.7,32875,22216745.0,2.35,-1.03,-0.07,1.03
2023-06-26,6.73,6.58,6.82,6.52,26640,17645906.0,4.46,-2.23,-0.15,0.84
2023-06-27,6.6,6.92,6.93,6.6,36713,25140523.0,5.02,5.17,0.34,1.15
2023-06-28,6.92,7.05,7.07,6.83,28800,20109372.0,3.47,1.88,0.13,0.91
2023-06-29,7.09,7.14,7.16,7.0,49429,35207855.0,2.27,1.28,0.09,1.55
2023-06-30,7.19,7.16,7.2,7.05,30583,21896386.0,2.1,0.28,0.02,0.96
2023-07-03,7.16,7.07,7.2,7.02,28946,20575417.0,2.51,-1.26,-0.09,0.91
2023-07-04,7.09,7.05,7.15,6.98,25680,18115638.0,2.4,-0.28,-0.02,0.81
2023-07-05,7.07,7.04,7.08,6.99,19885,13989922.0,1.28,-0.14,-0.01,0.63
2023-07-06,7.06,7.0,7.08,6.95,13601,9523242.0,1.85,-0.57,-0.04,0.43
2023-07-07,7.02,6.93,7.02,6.9,15715,10926927.0,1.71,-1.0,-0.07,0.49
2023-07-10,6.94,6.96,7.04,6.89,16146,11236504.0,2.16,0.43,0.03,0.51
2023-07-11,6.98,6.91,6.99,6.88,15129,10467432.0,1.58,-0.72,-0.05,0.48
2023-07-12,6.91,6.89,7.0,6.86,16001,11070704.0,2.03,-0.29,-0.02,0.5
2023-07-13,6.94,6.95,6.98,6.84,21111,14590430.0,2.03,0.87,0.06,0.66
2023-07-14,6.96,6.9,6.97,6.82,28986,20022032.0,2.16,-0.72,-0.05,0.91
2023-07-17,6.9,6.96,6.98,6.78,24098,16671988.0,2.9,0.87,0.06,0.76
2023-07-18,6.96,6.98,7.01,6.88,21924,15255860.0,1.87,0.29,0.02,0.69
2023-07-19,6.98,6.84,7.0,6.81,26206,18079199.0,2.72,-2.01,-0.14,0.82
2023-07-20,6.84,6.73,6.88,6.72,15860,10780329.0,2.34,-1.61,-0.11,0.5
2023-07-21,6.82,6.86,6.94,6.71,29843,20347652.0,3.42,1.93,0.13,0.94
2023-07-24,6.84,6.84,6.9,6.76,21676,14770366.0,2.04,-0.29,-0.02,0.68
2023-07-25,6.79,6.95,6.99,6.79,15638,10829909.0,2.92,1.61,0.11,0.49
2023-07-26,6.95,6.99,7.01,6.83,18310,12760982.0,2.59,0.58,0.04,0.58
2023-07-27,6.95,6.87,6.97,6.82,41324,28513094.0,2.15,-1.72,-0.12,1.3
2023-07-28,6.82,6.72,6.86,6.69,44431,29934076.0,2.47,-2.18,-0.15,1.4
2023-07-31,6.74,6.81,6.86,6.74,30885,21010590.0,1.79,1.34,0.09,0.97
2023-08-01,6.78,6.78,6.86,6.73,18886,12804235.0,1.91,-0.44,-0.03,0.59
2023-08-02,6.76,6.78,6.83,6.72,16029,10856782.0,1.62,0.0,0.0,0.5
2023-08-03,6.8,6.65,6.8,6.64,20236,13519452.0,2.36,-1.92,-0.13,0.64
2023-08-04,6.63,6.6,6.69,6.57,23597,15631474.0,1.8,-0.75,-0.05,0.74
2023-08-07,6.63,6.68,6.68,6.55,21034,13934985.0,1.97,1.21,0.08,0.66
2023-08-08,6.68,6.78,6.8,6.65,26873,18104473.0,2.25,1.5,0.1,0.85
2023-08-09,6.74,6.57,6.74,6.55,30767,20344657.0,2.8,-3.1,-0.21,0.97
2023-08-10,6.58,6.58,6.69,6.54,21056,13937370.0,2.28,0.15,0.01,0.66
2023-08-11,6.59,6.58,6.68,6.57,24532,16258654.0,1.67,0.0,0.0,0.77
2023-08-14,6.56,6.59,6.62,6.5,14144,9276702.0,1.82,0.15,0.01,0.44
2023-08-15,6.6,6.45,6.61,6.37,42238,27331178.0,3.64,-2.12,-0.14,1.33
2023-08-16,6.46,6.46,6.58,6.38,20069,13014905.0,3.1,0.16,0.01,0.63
2023-08-17,6.43,6.68,6.7,6.35,40841,26890714.0,5.42,3.41,0.22,1.28
2023-08-18,6.65,6.73,6.81,6.65,30155,20382100.0,2.4,0.75,0.05,0.95
2023-08-21,6.78,6.68,6.8,6.68,25564,17175938.0,1.78,-0.74,-0.05,0.8
2023-08-22,6.7,6.55,6.76,6.49,22999,15145513.0,4.04,-1.95,-0.13,0.72
2023-08-23,6.61,6.55,6.61,6.52,23423,15385497.0,1.37,0.0,0.0,0.74
2023-08-24,6.53,6.45,6.59,6.39,28731,18581756.0,3.05,-1.53,-0.1,0.9
2023-08-25,6.53,6.54,6.8,6.41,43535,28722498.0,6.05,1.4,0.09,1.37
2023-08-28,6.75,6.83,7.02,6.71,77338,53394011.0,4.74,4.43,0.29,2.43
2023-08-29,6.79,7.35,7.35,6.79,124540,88798056.0,8.2,7.61,0.52,3.92
2023-08-30,7.2,7.13,7.25,6.99,160880,114592652.0,3.54,-2.99,-0.22,5.06
2023-08-31,7.15,7.26,7.29,6.94,184206,131506629.0,4.91,1.82,0.13,5.79
2023-09-01,7.24,6.96,7.25,6.92,93179,65619725.0,4.55,-4.13,-0.3,2.93
2023-09-04,7.07,6.99,7.1,6.9,59428,41350412.0,2.87,0.43,0.03,1.87
2023-09-05,6.93,6.96,7.04,6.9,38485,26784650.0,2.0,-0.43,-0.03,1.21
2023-09-06,6.92,7.15,7.22,6.92,68420,48628885.0,4.31,2.73,0.19,2.15
2023-09-07,7.18,7.1,7.25,7.06,56366,40359790.0,2.66,-0.7,-0.05,1.77
2023-09-08,7.14,7.15,7.27,7.11,52257,37600100.0,2.25,0.7,0.05,1.64
2023-09-11,7.18,7.39,7.4,7.11,102741,75128542.0,4.06,3.36,0.24,3.23
2023-09-12,7.38,7.49,7.55,7.23,154928,114959033.0,4.33,1.35,0.1,4.87
2023-09-13,7.46,7.65,7.87,7.36,228202,175599461.0,6.81,2.14,0.16,7.18
2023-09-14,7.55,7.37,7.73,7.25,192347,142171773.0,6.27,-3.66,-0.28,6.05
2023-09-15,7.4,7.22,7.45,7.17,110054,79793755.0,3.8,-2.04,-0.15,3.46
2023-09-18,7.24,7.11,7.26,7.0,73561,52442166.0,3.6,-1.52,-0.11,2.31
2023-09-19,7.11,7.08,7.25,7.06,65131,46477115.0,2.67,-0.42,-0.03,2.05
2023-09-20,7.13,7.04,7.26,7.02,47152,33575616.0,3.39,-0.56,-0.04,1.48
2023-09-21,7.01,7.05,7.13,6.99,46090,32627023.0,1.99,0.14,0.01,1.45
2023-09-22,7.02,7.15,7.24,7.02,40028,28582289.0,3.12,1.42,0.1,1.26
2023-09-25,7.16,7.23,7.25,7.12,43001,30935759.0,1.82,1.12,0.08,1.35
2023-09-26,7.25,7.32,7.38,7.13,67173,48916011.0,3.46,1.24,0.09,2.11
2023-09-27,7.38,7.82,8.04,7.31,187477,145586389.0,9.97,6.83,0.5,5.9
2023-09-28,7.85,7.86,8.01,7.7,135116,105912141.0,3.96,0.51,0.04,4.25
2023-10-09,7.88,8.26,8.39,7.88,219742,179276163.0,6.49,5.09,0.4,6.91
2023-10-10,8.28,8.39,8.39,8.07,173889,143525413.0,3.87,1.57,0.13,5.47
2023-10-11,8.38,9.45,9.88,8.3,384617,357971054.0,18.83,12.63,1.06,12.1
2023-10-12,9.2,9.98,10.3,9.03,359854,352253449.0,13.44,5.61,0.53,11.32
2023-10-13,9.81,10.05,10.2,9.63,285790,284339355.0,5.71,0.7,0.07,8.99
2023-10-16,10.19,9.3,10.35,9.18,320721,309082587.0,11.64,-7.46,-0.75,10.09
2023-10-17,9.3,9.35,9.53,8.86,233876,216100912.0,7.2,0.54,0.05,7.35
2023-10-18,9.18,8.54,9.33,8.2,311820,270239887.0,12.09,-8.66,-0.81,9.81
2023-10-19,8.53,8.53,8.9,8.49,177945,154219391.0,4.8,-0.12,-0.01,5.6
2023-10-20,8.58,9.01,9.22,8.58,199274,178773436.0,7.5,5.63,0.48,6.27
2023-10-23,10.29,8.91,10.29,8.33,345668,308157530.0,21.75,-1.11,-0.1,10.87
2023-10-24,8.95,10.69,10.69,8.95,465485,474403655.0,19.53,19.98,1.78,14.64
2023-10-25,10.3,11.99,12.79,9.94,903188,1029040432.0,26.66,12.16,1.3,28.4
2023-10-26,11.72,10.79,12.28,10.71,875526,1005859825.0,13.09,-10.01,-1.2,27.53
2023-10-27,10.4,9.96,10.7,9.71,697129,701260442.0,9.18,-7.69,-0.83,21.92
2023-10-30,9.91,10.42,10.77,9.91,532898,554148449.0,8.63,4.62,0.46,16.76
2023-10-31,10.18,9.86,10.38,9.66,420930,420042552.0,6.91,-5.37,-0.56,13.24
2023-11-01,9.75,9.71,10.2,9.69,281436,277894114.0,5.17,-1.52,-0.15,8.85
2023-11-02,9.42,9.67,9.94,9.42,238503,231528545.0,5.36,-0.41,-0.04,7.5
2023-11-03,9.72,9.83,10.07,9.7,239784,236197618.0,3.83,1.65,0.16,7.54
2023-11-06,9.81,10.21,10.3,9.81,300933,302623141.0,4.98,3.87,0.38,9.46
2023-11-07,10.24,10.9,10.98,10.0,491483,517383718.0,9.6,6.76,0.69,15.46
2023-11-08,10.7,10.36,10.85,10.18,475335,497502624.0,6.15,-4.95,-0.54,13.22
2023-11-09,10.1,10.03,10.32,9.92,304136,307149729.0,3.86,-3.19,-0.33,8.46
2023-11-10,9.53,9.73,9.93,9.51,199393,194046133.0,4.19,-2.99,-0.3,5.54
2023-11-13,9.76,9.93,10.04,9.7,164429,162231294.0,3.49,2.06,0.2,4.57
2023-11-14,10.0,10.77,10.85,9.79,429233,450291085.0,10.67,8.46,0.84,11.94
2023-11-15,10.71,10.9,11.24,10.59,456447,495222856.0,6.04,1.21,0.13,12.69
2023-11-16,10.69,11.14,11.96,10.69,565583,638230049.0,11.65,2.2,0.24,15.73
2023-11-17,11.14,11.36,11.54,10.92,378273,424579546.0,5.57,1.97,0.22,10.52
2023-11-20,11.34,11.25,11.34,10.98,315412,351363657.0,3.17,-0.97,-0.11,8.77
2023-11-21,11.27,10.95,11.27,10.9,246851,271799275.0,3.29,-2.67,-0.3,6.86
2023-11-22,10.87,10.96,11.2,10.83,189600,209527056.0,3.38,0.09,0.01,5.19
2023-11-23,10.86,11.61,11.67,10.76,387122,439155499.0,8.3,5.93,0.65,10.61
2023-11-24,11.53,11.73,12.25,11.53,399462,473296871.0,6.2,1.03,0.12,10.94
2023-11-27,11.57,11.97,12.2,11.48,311059,370133886.0,6.14,2.05,0.24,8.52
2023-11-28,11.9,11.99,12.48,11.61,323604,389511052.0,7.27,0.17,0.02,8.87
2023-11-29,11.65,11.61,11.85,11.55,207366,242193965.0,2.5,-3.17,-0.38,5.68
2023-11-30,11.7,12.4,12.47,11.39,347840,415713470.0,9.3,6.8,0.79,9.53
2023-12-01,12.3,12.26,12.69,12.18,291222,360672614.0,4.11,-1.13,-0.14,7.98
2023-12-04,11.98,12.29,12.43,11.69,244235,293813671.0,6.04,0.24,0.03,6.69
2023-12-05,12.28,11.99,12.53,11.8,203728,248270664.0,5.94,-2.44,-0.3,5.58
2023-12-06,11.83,10.71,12.2,10.55,437036,488749032.0,13.76,-10.68,-1.28,11.97
2023-12-07,10.5,10.61,10.93,10.32,247950,264727027.0,5.7,-0.93,-0.1,6.79
2023-12-08,10.5,10.22,10.67,10.18,190778,197557972.0,4.62,-3.68,-0.39,5.23
2023-12-11,10.27,10.11,10.4,9.87,197172,198680703.0,5.19,-1.08,-0.11,5.4
2023-12-12,10.1,10.2,10.23,9.98,124663,126250979.0,2.47,0.89,0.09,3.42
2023-12-13,10.21,9.99,10.28,9.95,91672,92418410.0,3.24,-2.06,-0.21,2.51
2023-12-14,10.0,9.88,10.12,9.84,75854,75304975.0,2.8,-1.1,-0.11,2.08
2023-12-15,9.91,9.77,9.96,9.69,73315,71818438.0,2.73,-1.11,-0.11,2.01
2023-12-18,9.74,9.48,9.74,9.41,100402,95935201.0,3.38,-2.97,-0.29,2.75
2023-12-19,9.5,9.37,9.52,9.2,102316,95725227.0,3.38,-1.16,-0.11,2.8
2023-12-20,9.45,9.38,9.55,9.31,72935,68841737.16,2.56,0.11,0.01,2.0
